ask, mrr, growth, volatility, viable, successful, unviable, pd, risk, tenure, pledge, collateral
23.333333333333336, 100, 5, 30,  9,  0,  1, 10.0,  4.19%, 15, 50.0, 29.3,
23.333333333333336, 100, 5, 30,  10,  9,  0, 0.0,  -1%, 30, 37.52, 115.47,
23.333333333333336, 100, 5, 30,  10,  10,  0, 0.0,  -1%, 45, 24.45, 127.06,
23.333333333333336, 100, 5, 30,  10,  10,  0, 0.0,  -1%, 60, 17.68, 133.84,
23.333333333333336, 100, 5, 30,  10,  9,  0, 0.0,  -1%, 75, 13.39, 136.5,
23.333333333333336, 100, 5, 30,  10,  9,  0, 0.0,  -1%, 90, 12.05, 143.74,
23.333333333333336, 100, 5, 30,  10,  9,  0, 0.0,  -1%, 115, 7.51, 154.28,
23.333333333333336, 100, 5, 30,  10,  10,  0, 0.0,  -1%, 150, 5.76, 178.42,
23.333333333333336, 100, 5, 30,  10,  10,  0, 0.0,  -1%, 165, 5.58, 179.89,
23.333333333333336, 100, 5, 30,  10,  10,  0, 0.0,  -1%, 180, 4.06, 181.57,
23.333333333333336, 100, 10, 30,  10,  0,  0, 0.0,  -1%, 15, 50.0, 39.63,
23.333333333333336, 100, 10, 30,  10,  7,  0, 0.0,  -1%, 30, 37.1, 111.1,
23.333333333333336, 100, 10, 30,  10,  10,  0, 0.0,  -1%, 45, 23.34, 140.41,
23.333333333333336, 100, 10, 30,  10,  9,  0, 0.0,  -1%, 60, 17.5, 138.4,
23.333333333333336, 100, 10, 30,  10,  10,  0, 0.0,  -1%, 75, 12.3, 150.81,
23.333333333333336, 100, 10, 30,  10,  10,  0, 0.0,  -1%, 90, 9.5, 174.63,
23.333333333333336, 100, 10, 30,  10,  10,  0, 0.0,  -1%, 115, 7.46, 189.37,
23.333333333333336, 100, 10, 30,  10,  10,  0, 0.0,  -1%, 150, 5.24, 183.0,
23.333333333333336, 100, 10, 30,  10,  10,  0, 0.0,  -1%, 165, 4.41, 191.2,
23.333333333333336, 100, 10, 30,  10,  10,  0, 0.0,  -1%, 180, 3.6, 202.25,
23.333333333333336, 100, 15, 30,  10,  0,  0, 0.0,  -1%, 15, 50.0, 50.55,
23.333333333333336, 100, 15, 30,  10,  9,  0, 0.0,  -1%, 30, 34.31, 120.03,
23.333333333333336, 100, 15, 30,  10,  10,  0, 0.0,  -1%, 45, 21.74, 143.16,
23.333333333333336, 100, 15, 30,  10,  10,  0, 0.0,  -1%, 60, 16.28, 149.58,
23.333333333333336, 100, 15, 30,  10,  10,  0, 0.0,  -1%, 75, 11.76, 154.88,
23.333333333333336, 100, 15, 30,  10,  10,  0, 0.0,  -1%, 90, 9.15, 177.08,
23.333333333333336, 100, 15, 30,  10,  10,  0, 0.0,  -1%, 115, 6.68, 185.35,
23.333333333333336, 100, 15, 30,  10,  10,  0, 0.0,  -1%, 150, 5.14, 188.43,
23.333333333333336, 100, 15, 30,  10,  10,  0, 0.0,  -1%, 165, 3.65, 206.87,
23.333333333333336, 100, 15, 30,  10,  10,  0, 0.0,  -1%, 180, 3.59, 208.5,
23.333333333333336, 100, 20, 30,  10,  0,  0, 0.0,  -1%, 15, 49.99, 33.22,
23.333333333333336, 100, 20, 30,  10,  9,  0, 0.0,  -1%, 30, 33.5, 116.09,
23.333333333333336, 100, 20, 30,  10,  9,  0, 0.0,  -1%, 45, 23.1, 132.42,
23.333333333333336, 100, 20, 30,  10,  10,  0, 0.0,  -1%, 60, 14.65, 154.94,
23.333333333333336, 100, 20, 30,  10,  10,  0, 0.0,  -1%, 75, 10.62, 166.98,
23.333333333333336, 100, 20, 30,  10,  10,  0, 0.0,  -1%, 90, 8.58, 163.05,
23.333333333333336, 100, 20, 30,  10,  10,  0, 0.0,  -1%, 115, 6.72, 175.54,
23.333333333333336, 100, 20, 30,  10,  10,  0, 0.0,  -1%, 150, 4.42, 199.23,
23.333333333333336, 100, 20, 30,  10,  10,  0, 0.0,  -1%, 165, 3.7, 206.35,
23.333333333333336, 100, 20, 30,  10,  10,  0, 0.0,  -1%, 180, 2.93, 204.66,
23.333333333333336, 100, 25, 30,  9,  0,  1, 10.0,  0.85%, 15, 49.99, 25.58,
23.333333333333336, 100, 25, 30,  10,  10,  0, 0.0,  -1%, 30, 33.9, 129.12,
23.333333333333336, 100, 25, 30,  10,  10,  0, 0.0,  -1%, 45, 22.31, 140.49,
23.333333333333336, 100, 25, 30,  10,  10,  0, 0.0,  -1%, 60, 14.85, 162.24,
23.333333333333336, 100, 25, 30,  10,  10,  0, 0.0,  -1%, 75, 11.99, 169.08,
23.333333333333336, 100, 25, 30,  10,  10,  0, 0.0,  -1%, 90, 7.97, 182.26,
23.333333333333336, 100, 25, 30,  10,  10,  0, 0.0,  -1%, 115, 5.5, 188.72,
23.333333333333336, 100, 25, 30,  10,  10,  0, 0.0,  -1%, 150, 4.34, 214.62,
23.333333333333336, 100, 25, 30,  10,  10,  0, 0.0,  -1%, 165, 3.81, 211.18,
23.333333333333336, 100, 25, 30,  10,  10,  0, 0.0,  -1%, 180, 3.24, 223.94,
23.333333333333336, 100, 30, 30,  9,  0,  1, 10.0,  3.49%, 15, 50.0, 45.7,
23.333333333333336, 100, 30, 30,  10,  10,  0, 0.0,  -1%, 30, 33.33, 128.12,
23.333333333333336, 100, 30, 30,  10,  10,  0, 0.0,  -1%, 45, 21.42, 146.23,
23.333333333333336, 100, 30, 30,  10,  10,  0, 0.0,  -1%, 60, 13.91, 148.23,
23.333333333333336, 100, 30, 30,  10,  10,  0, 0.0,  -1%, 75, 10.5, 178.03,
23.333333333333336, 100, 30, 30,  10,  10,  0, 0.0,  -1%, 90, 7.56, 173.2,
23.333333333333336, 100, 30, 30,  10,  10,  0, 0.0,  -1%, 115, 5.81, 199.42,
23.333333333333336, 100, 30, 30,  10,  10,  0, 0.0,  -1%, 150, 3.92, 198.42,
23.333333333333336, 100, 30, 30,  10,  10,  0, 0.0,  -1%, 165, 3.02, 212.06,
23.333333333333336, 100, 30, 30,  10,  10,  0, 0.0,  -1%, 180, 3.28, 223.81,
23.333333333333336, 100, 35, 30,  10,  0,  0, 0.0,  -1%, 15, 49.99, 37.69,
23.333333333333336, 100, 35, 30,  10,  10,  0, 0.0,  -1%, 30, 39.36, 119.35,
23.333333333333336, 100, 35, 30,  10,  10,  0, 0.0,  -1%, 45, 23.37, 140.78,
23.333333333333336, 100, 35, 30,  10,  10,  0, 0.0,  -1%, 60, 14.09, 169.75,
23.333333333333336, 100, 35, 30,  10,  10,  0, 0.0,  -1%, 75, 9.46, 173.58,
23.333333333333336, 100, 35, 30,  10,  10,  0, 0.0,  -1%, 90, 7.71, 175.15,
23.333333333333336, 100, 35, 30,  10,  10,  0, 0.0,  -1%, 115, 5.24, 195.97,
23.333333333333336, 100, 35, 30,  10,  10,  0, 0.0,  -1%, 150, 3.47, 202.47,
23.333333333333336, 100, 35, 30,  10,  10,  0, 0.0,  -1%, 165, 3.56, 212.21,
23.333333333333336, 100, 35, 30,  10,  10,  0, 0.0,  -1%, 180, 3.29, 221.22,
23.333333333333336, 100, 40, 30,  10,  0,  0, 0.0,  -1%, 15, 50.0, 41.05,
23.333333333333336, 100, 40, 30,  10,  10,  0, 0.0,  -1%, 30, 34.62, 120.22,
23.333333333333336, 100, 40, 30,  10,  10,  0, 0.0,  -1%, 45, 19.08, 146.35,
23.333333333333336, 100, 40, 30,  10,  10,  0, 0.0,  -1%, 60, 14.9, 163.26,
23.333333333333336, 100, 40, 30,  10,  10,  0, 0.0,  -1%, 75, 11.2, 159.55,
23.333333333333336, 100, 40, 30,  10,  10,  0, 0.0,  -1%, 90, 7.82, 182.0,
23.333333333333336, 100, 40, 30,  10,  10,  0, 0.0,  -1%, 115, 5.33, 192.96,
23.333333333333336, 100, 40, 30,  10,  10,  0, 0.0,  -1%, 150, 3.92, 215.2,
23.333333333333336, 100, 40, 30,  10,  10,  0, 0.0,  -1%, 165, 3.37, 212.59,
23.333333333333336, 100, 40, 30,  10,  10,  0, 0.0,  -1%, 180, 2.88, 223.19,
23.333333333333336, 100, 45, 30,  10,  0,  0, 0.0,  -1%, 15, 49.99, 38.28,
23.333333333333336, 100, 45, 30,  10,  9,  0, 0.0,  -1%, 30, 33.12, 124.43,
23.333333333333336, 100, 45, 30,  10,  10,  0, 0.0,  -1%, 45, 19.92, 160.95,
23.333333333333336, 100, 45, 30,  10,  10,  0, 0.0,  -1%, 60, 13.87, 160.36,
23.333333333333336, 100, 45, 30,  10,  10,  0, 0.0,  -1%, 75, 10.6, 180.38,
23.333333333333336, 100, 45, 30,  10,  10,  0, 0.0,  -1%, 90, 8.16, 184.44,
23.333333333333336, 100, 45, 30,  10,  10,  0, 0.0,  -1%, 115, 5.49, 206.49,
23.333333333333336, 100, 45, 30,  10,  10,  0, 0.0,  -1%, 150, 3.6, 215.57,
23.333333333333336, 100, 45, 30,  10,  10,  0, 0.0,  -1%, 165, 3.46, 208.92,
23.333333333333336, 100, 45, 30,  10,  10,  0, 0.0,  -1%, 180, 2.76, 231.66,
23.333333333333336, 100, 50, 30,  10,  0,  0, 0.0,  -1%, 15, 49.99, 41.39,
23.333333333333336, 100, 50, 30,  10,  7,  0, 0.0,  -1%, 30, 32.09, 133.9,
23.333333333333336, 100, 50, 30,  10,  10,  0, 0.0,  -1%, 45, 22.04, 144.64,
23.333333333333336, 100, 50, 30,  10,  10,  0, 0.0,  -1%, 60, 14.26, 158.18,
23.333333333333336, 100, 50, 30,  10,  10,  0, 0.0,  -1%, 75, 10.39, 175.78,
23.333333333333336, 100, 50, 30,  10,  10,  0, 0.0,  -1%, 90, 7.25, 182.88,
23.333333333333336, 100, 50, 30,  10,  10,  0, 0.0,  -1%, 115, 5.08, 208.51,
23.333333333333336, 100, 50, 30,  10,  10,  0, 0.0,  -1%, 150, 3.89, 214.85,
23.333333333333336, 100, 50, 30,  10,  10,  0, 0.0,  -1%, 165, 3.14, 216.63,
23.333333333333336, 100, 50, 30,  10,  10,  0, 0.0,  -1%, 180, 2.79, 225.7,
23.333333333333336, 100, 5, 30,  10,  0,  0, 0.0,  -1%, 15, 50.0, 35.99,
23.333333333333336, 100, 5, 30,  10,  9,  0, 0.0,  -1%, 30, 37.3, 123.59,
23.333333333333336, 100, 5, 30,  10,  9,  0, 0.0,  -1%, 45, 21.12, 127.71,
23.333333333333336, 100, 5, 30,  10,  9,  0, 0.0,  -1%, 60, 16.92, 132.45,
23.333333333333336, 100, 5, 30,  10,  9,  0, 0.0,  -1%, 75, 15.3, 131.15,
23.333333333333336, 100, 5, 30,  10,  10,  0, 0.0,  -1%, 90, 10.4, 156.24,
23.333333333333336, 100, 5, 30,  10,  9,  0, 0.0,  -1%, 115, 8.25, 170.02,
23.333333333333336, 100, 5, 30,  10,  10,  0, 0.0,  -1%, 150, 5.72, 166.16,
23.333333333333336, 100, 5, 30,  10,  10,  0, 0.0,  -1%, 165, 4.78, 181.8,
23.333333333333336, 100, 5, 30,  10,  9,  0, 0.0,  -1%, 180, 4.72, 195.19,
23.333333333333336, 100, 10, 30,  10,  0,  0, 0.0,  -1%, 15, 49.99, 31.36,
23.333333333333336, 100, 10, 30,  10,  7,  0, 0.0,  -1%, 30, 40.59, 113.79,
23.333333333333336, 100, 10, 30,  10,  10,  0, 0.0,  -1%, 45, 23.26, 138.09,
23.333333333333336, 100, 10, 30,  10,  10,  0, 0.0,  -1%, 60, 16.36, 151.99,
23.333333333333336, 100, 10, 30,  10,  10,  0, 0.0,  -1%, 75, 14.02, 158.95,
23.333333333333336, 100, 10, 30,  10,  10,  0, 0.0,  -1%, 90, 8.26, 154.7,
23.333333333333336, 100, 10, 30,  10,  10,  0, 0.0,  -1%, 115, 6.79, 185.42,
23.333333333333336, 100, 10, 30,  10,  10,  0, 0.0,  -1%, 150, 4.7, 204.52,
23.333333333333336, 100, 10, 30,  10,  10,  0, 0.0,  -1%, 165, 4.5, 204.45,
23.333333333333336, 100, 10, 30,  10,  10,  0, 0.0,  -1%, 180, 3.61, 198.34,
23.333333333333336, 100, 15, 30,  9,  0,  1, 10.0,  1.79%, 15, 50.0, 34.01,
23.333333333333336, 100, 15, 30,  10,  8,  0, 0.0,  -1%, 30, 38.19, 114.13,
23.333333333333336, 100, 15, 30,  10,  10,  0, 0.0,  -1%, 45, 25.23, 138.41,
23.333333333333336, 100, 15, 30,  10,  10,  0, 0.0,  -1%, 60, 16.75, 141.31,
23.333333333333336, 100, 15, 30,  10,  10,  0, 0.0,  -1%, 75, 12.34, 160.83,
23.333333333333336, 100, 15, 30,  10,  10,  0, 0.0,  -1%, 90, 8.72, 167.7,
23.333333333333336, 100, 15, 30,  10,  10,  0, 0.0,  -1%, 115, 7.0, 184.82,
23.333333333333336, 100, 15, 30,  10,  10,  0, 0.0,  -1%, 150, 4.41, 191.6,
23.333333333333336, 100, 15, 30,  10,  10,  0, 0.0,  -1%, 165, 4.38, 199.94,
23.333333333333336, 100, 15, 30,  10,  10,  0, 0.0,  -1%, 180, 3.58, 208.3,
23.333333333333336, 100, 20, 30,  10,  0,  0, 0.0,  -1%, 15, 49.99, 44.16,
23.333333333333336, 100, 20, 30,  10,  10,  0, 0.0,  -1%, 30, 35.94, 128.19,
23.333333333333336, 100, 20, 30,  10,  9,  0, 0.0,  -1%, 45, 23.68, 133.53,
23.333333333333336, 100, 20, 30,  10,  10,  0, 0.0,  -1%, 60, 16.56, 160.06,
23.333333333333336, 100, 20, 30,  10,  10,  0, 0.0,  -1%, 75, 11.0, 171.21,
23.333333333333336, 100, 20, 30,  10,  10,  0, 0.0,  -1%, 90, 8.83, 199.13,
23.333333333333336, 100, 20, 30,  10,  10,  0, 0.0,  -1%, 115, 6.01, 176.74,
23.333333333333336, 100, 20, 30,  10,  10,  0, 0.0,  -1%, 150, 4.23, 207.15,
23.333333333333336, 100, 20, 30,  10,  10,  0, 0.0,  -1%, 165, 3.64, 215.84,
23.333333333333336, 100, 20, 30,  10,  10,  0, 0.0,  -1%, 180, 3.17, 211.95,
23.333333333333336, 100, 25, 30,  10,  0,  0, 0.0,  -1%, 15, 50.0, 38.49,
23.333333333333336, 100, 25, 30,  10,  10,  0, 0.0,  -1%, 30, 34.42, 134.94,
23.333333333333336, 100, 25, 30,  10,  10,  0, 0.0,  -1%, 45, 21.82, 150.53,
23.333333333333336, 100, 25, 30,  10,  10,  0, 0.0,  -1%, 60, 14.92, 158.31,
23.333333333333336, 100, 25, 30,  10,  10,  0, 0.0,  -1%, 75, 10.89, 162.37,
23.333333333333336, 100, 25, 30,  10,  10,  0, 0.0,  -1%, 90, 8.21, 185.83,
23.333333333333336, 100, 25, 30,  10,  10,  0, 0.0,  -1%, 115, 6.45, 193.37,
23.333333333333336, 100, 25, 30,  10,  10,  0, 0.0,  -1%, 150, 3.9, 206.76,
23.333333333333336, 100, 25, 30,  10,  10,  0, 0.0,  -1%, 165, 3.53, 208.67,
23.333333333333336, 100, 25, 30,  10,  10,  0, 0.0,  -1%, 180, 3.03, 219.24,
23.333333333333336, 100, 30, 30,  10,  0,  0, 0.0,  -1%, 15, 49.99, 43.33,
23.333333333333336, 100, 30, 30,  10,  8,  0, 0.0,  -1%, 30, 36.32, 128.26,
23.333333333333336, 100, 30, 30,  10,  10,  0, 0.0,  -1%, 45, 24.47, 138.75,
23.333333333333336, 100, 30, 30,  10,  10,  0, 0.0,  -1%, 60, 13.86, 160.01,
23.333333333333336, 100, 30, 30,  10,  10,  0, 0.0,  -1%, 75, 10.74, 157.71,
23.333333333333336, 100, 30, 30,  10,  10,  0, 0.0,  -1%, 90, 9.16, 178.48,
23.333333333333336, 100, 30, 30,  10,  10,  0, 0.0,  -1%, 115, 5.71, 189.78,
23.333333333333336, 100, 30, 30,  10,  10,  0, 0.0,  -1%, 150, 4.26, 205.9,
23.333333333333336, 100, 30, 30,  10,  10,  0, 0.0,  -1%, 165, 3.1, 216.8,
23.333333333333336, 100, 30, 30,  10,  10,  0, 0.0,  -1%, 180, 2.77, 226.95,
23.333333333333336, 100, 35, 30,  10,  0,  0, 0.0,  -1%, 15, 49.99, 46.58,
23.333333333333336, 100, 35, 30,  10,  10,  0, 0.0,  -1%, 30, 34.46, 133.44,
23.333333333333336, 100, 35, 30,  10,  10,  0, 0.0,  -1%, 45, 21.0, 146.29,
23.333333333333336, 100, 35, 30,  10,  10,  0, 0.0,  -1%, 60, 15.1, 149.92,
23.333333333333336, 100, 35, 30,  10,  10,  0, 0.0,  -1%, 75, 10.49, 175.81,
23.333333333333336, 100, 35, 30,  10,  10,  0, 0.0,  -1%, 90, 7.82, 183.43,
23.333333333333336, 100, 35, 30,  10,  10,  0, 0.0,  -1%, 115, 6.01, 194.12,
23.333333333333336, 100, 35, 30,  10,  10,  0, 0.0,  -1%, 150, 4.16, 202.61,
23.333333333333336, 100, 35, 30,  10,  10,  0, 0.0,  -1%, 165, 3.46, 217.83,
23.333333333333336, 100, 35, 30,  10,  10,  0, 0.0,  -1%, 180, 2.78, 216.0,
23.333333333333336, 100, 40, 30,  10,  0,  0, 0.0,  -1%, 15, 49.99, 23.83,
23.333333333333336, 100, 40, 30,  10,  10,  0, 0.0,  -1%, 30, 34.5, 130.84,
23.333333333333336, 100, 40, 30,  10,  10,  0, 0.0,  -1%, 45, 19.05, 148.4,
23.333333333333336, 100, 40, 30,  10,  10,  0, 0.0,  -1%, 60, 14.73, 156.62,
23.333333333333336, 100, 40, 30,  10,  10,  0, 0.0,  -1%, 75, 10.08, 177.51,
23.333333333333336, 100, 40, 30,  10,  10,  0, 0.0,  -1%, 90, 8.11, 181.42,
23.333333333333336, 100, 40, 30,  10,  10,  0, 0.0,  -1%, 115, 5.89, 192.0,
23.333333333333336, 100, 40, 30,  10,  10,  0, 0.0,  -1%, 150, 3.71, 216.33,
23.333333333333336, 100, 40, 30,  10,  10,  0, 0.0,  -1%, 165, 3.11, 218.51,
23.333333333333336, 100, 40, 30,  10,  10,  0, 0.0,  -1%, 180, 2.97, 217.11,
23.333333333333336, 100, 45, 30,  10,  0,  0, 0.0,  -1%, 15, 49.99, 40.62,
23.333333333333336, 100, 45, 30,  10,  9,  0, 0.0,  -1%, 30, 34.61, 126.98,
23.333333333333336, 100, 45, 30,  10,  10,  0, 0.0,  -1%, 45, 18.9, 156.81,
23.333333333333336, 100, 45, 30,  10,  10,  0, 0.0,  -1%, 60, 14.11, 160.01,
23.333333333333336, 100, 45, 30,  10,  10,  0, 0.0,  -1%, 75, 10.87, 175.77,
23.333333333333336, 100, 45, 30,  10,  10,  0, 0.0,  -1%, 90, 7.57, 173.37,
23.333333333333336, 100, 45, 30,  10,  10,  0, 0.0,  -1%, 115, 6.23, 201.43,
23.333333333333336, 100, 45, 30,  10,  10,  0, 0.0,  -1%, 150, 3.51, 208.12,
23.333333333333336, 100, 45, 30,  10,  10,  0, 0.0,  -1%, 165, 3.09, 203.55,
23.333333333333336, 100, 45, 30,  10,  10,  0, 0.0,  -1%, 180, 2.83, 219.33,
23.333333333333336, 100, 50, 30,  9,  0,  1, 10.0,  1.46%, 15, 50.0, 37.69,
23.333333333333336, 100, 50, 30,  10,  9,  0, 0.0,  -1%, 30, 35.33, 131.4,
23.333333333333336, 100, 50, 30,  10,  10,  0, 0.0,  -1%, 45, 18.75, 147.1,
23.333333333333336, 100, 50, 30,  10,  10,  0, 0.0,  -1%, 60, 13.49, 161.78,
23.333333333333336, 100, 50, 30,  10,  10,  0, 0.0,  -1%, 75, 9.64, 169.41,
23.333333333333336, 100, 50, 30,  10,  10,  0, 0.0,  -1%, 90, 7.57, 184.64,
23.333333333333336, 100, 50, 30,  10,  10,  0, 0.0,  -1%, 115, 5.07, 196.54,
23.333333333333336, 100, 50, 30,  10,  10,  0, 0.0,  -1%, 150, 4.09, 213.42,
23.333333333333336, 100, 50, 30,  10,  10,  0, 0.0,  -1%, 165, 3.04, 213.05,
23.333333333333336, 100, 50, 30,  10,  10,  0, 0.0,  -1%, 180, 2.6, 215.17,
23.333333333333336, 100, 5, 30,  10,  0,  0, 0.0,  -1%, 15, 49.99, 38.08,
23.333333333333336, 100, 5, 30,  10,  10,  0, 0.0,  -1%, 30, 39.65, 114.09,
23.333333333333336, 100, 5, 30,  10,  7,  0, 0.0,  -1%, 45, 25.27, 130.06,
23.333333333333336, 100, 5, 30,  10,  8,  0, 0.0,  -1%, 60, 20.11, 139.99,
23.333333333333336, 100, 5, 30,  10,  10,  0, 0.0,  -1%, 75, 14.0, 139.06,
23.333333333333336, 100, 5, 30,  10,  10,  0, 0.0,  -1%, 90, 11.34, 157.32,
23.333333333333336, 100, 5, 30,  10,  10,  0, 0.0,  -1%, 115, 7.48, 168.98,
23.333333333333336, 100, 5, 30,  10,  10,  0, 0.0,  -1%, 150, 6.0, 165.02,
23.333333333333336, 100, 5, 30,  10,  10,  0, 0.0,  -1%, 165, 5.1, 202.38,
23.333333333333336, 100, 5, 30,  10,  10,  0, 0.0,  -1%, 180, 4.64, 182.74,
23.333333333333336, 100, 10, 30,  9,  0,  1, 10.0,  1.3%, 15, 50.0, 16.16,
23.333333333333336, 100, 10, 30,  10,  8,  0, 0.0,  -1%, 30, 38.31, 121.36,
23.333333333333336, 100, 10, 30,  10,  8,  0, 0.0,  -1%, 45, 24.73, 119.09,
23.333333333333336, 100, 10, 30,  10,  10,  0, 0.0,  -1%, 60, 14.86, 150.31,
23.333333333333336, 100, 10, 30,  10,  10,  0, 0.0,  -1%, 75, 11.13, 149.64,
23.333333333333336, 100, 10, 30,  10,  10,  0, 0.0,  -1%, 90, 10.32, 160.56,
23.333333333333336, 100, 10, 30,  10,  10,  0, 0.0,  -1%, 115, 6.96, 185.92,
23.333333333333336, 100, 10, 30,  10,  10,  0, 0.0,  -1%, 150, 4.37, 188.13,
23.333333333333336, 100, 10, 30,  10,  10,  0, 0.0,  -1%, 165, 4.46, 201.7,
23.333333333333336, 100, 10, 30,  10,  10,  0, 0.0,  -1%, 180, 3.72, 199.65,
23.333333333333336, 100, 15, 30,  10,  0,  0, 0.0,  -1%, 15, 49.99, 35.69,
23.333333333333336, 100, 15, 30,  10,  8,  0, 0.0,  -1%, 30, 42.18, 127.89,
23.333333333333336, 100, 15, 30,  10,  9,  0, 0.0,  -1%, 45, 22.91, 143.72,
23.333333333333336, 100, 15, 30,  10,  10,  0, 0.0,  -1%, 60, 14.77, 151.44,
23.333333333333336, 100, 15, 30,  10,  10,  0, 0.0,  -1%, 75, 12.29, 159.68,
23.333333333333336, 100, 15, 30,  10,  10,  0, 0.0,  -1%, 90, 8.69, 174.13,
23.333333333333336, 100, 15, 30,  10,  10,  0, 0.0,  -1%, 115, 8.11, 182.76,
23.333333333333336, 100, 15, 30,  10,  10,  0, 0.0,  -1%, 150, 4.33, 194.02,
23.333333333333336, 100, 15, 30,  10,  10,  0, 0.0,  -1%, 165, 3.4, 191.93,
23.333333333333336, 100, 15, 30,  10,  10,  0, 0.0,  -1%, 180, 3.32, 217.33,
23.333333333333336, 100, 20, 30,  9,  0,  1, 10.0,  0.73%, 15, 50.0, 33.03,
23.333333333333336, 100, 20, 30,  10,  9,  0, 0.0,  -1%, 30, 35.86, 120.45,
23.333333333333336, 100, 20, 30,  10,  10,  0, 0.0,  -1%, 45, 21.56, 137.21,
23.333333333333336, 100, 20, 30,  10,  10,  0, 0.0,  -1%, 60, 13.8, 154.58,
23.333333333333336, 100, 20, 30,  10,  10,  0, 0.0,  -1%, 75, 11.23, 168.66,
23.333333333333336, 100, 20, 30,  10,  10,  0, 0.0,  -1%, 90, 8.92, 170.83,
23.333333333333336, 100, 20, 30,  10,  10,  0, 0.0,  -1%, 115, 6.17, 182.87,
23.333333333333336, 100, 20, 30,  10,  10,  0, 0.0,  -1%, 150, 4.71, 221.66,
23.333333333333336, 100, 20, 30,  10,  10,  0, 0.0,  -1%, 165, 3.73, 197.59,
23.333333333333336, 100, 20, 30,  10,  10,  0, 0.0,  -1%, 180, 3.22, 203.57,
23.333333333333336, 100, 25, 30,  10,  0,  0, 0.0,  -1%, 15, 49.99, 49.1,
23.333333333333336, 100, 25, 30,  10,  9,  0, 0.0,  -1%, 30, 34.49, 125.17,
23.333333333333336, 100, 25, 30,  10,  9,  0, 0.0,  -1%, 45, 17.85, 137.6,
23.333333333333336, 100, 25, 30,  10,  10,  0, 0.0,  -1%, 60, 15.64, 156.98,
23.333333333333336, 100, 25, 30,  10,  10,  0, 0.0,  -1%, 75, 9.62, 162.83,
23.333333333333336, 100, 25, 30,  10,  10,  0, 0.0,  -1%, 90, 8.76, 183.79,
23.333333333333336, 100, 25, 30,  10,  10,  0, 0.0,  -1%, 115, 5.96, 183.94,
23.333333333333336, 100, 25, 30,  10,  10,  0, 0.0,  -1%, 150, 4.54, 203.36,
23.333333333333336, 100, 25, 30,  10,  10,  0, 0.0,  -1%, 165, 3.57, 212.08,
23.333333333333336, 100, 25, 30,  10,  10,  0, 0.0,  -1%, 180, 2.92, 212.23,
23.333333333333336, 100, 30, 30,  10,  0,  0, 0.0,  -1%, 15, 49.99, 38.73,
23.333333333333336, 100, 30, 30,  10,  10,  0, 0.0,  -1%, 30, 38.32, 130.01,
23.333333333333336, 100, 30, 30,  10,  10,  0, 0.0,  -1%, 45, 21.79, 149.57,
23.333333333333336, 100, 30, 30,  10,  10,  0, 0.0,  -1%, 60, 15.54, 161.69,
23.333333333333336, 100, 30, 30,  10,  10,  0, 0.0,  -1%, 75, 10.43, 172.61,
23.333333333333336, 100, 30, 30,  10,  10,  0, 0.0,  -1%, 90, 8.72, 188.12,
23.333333333333336, 100, 30, 30,  10,  10,  0, 0.0,  -1%, 115, 5.73, 199.5,
23.333333333333336, 100, 30, 30,  10,  10,  0, 0.0,  -1%, 150, 3.95, 199.4,
23.333333333333336, 100, 30, 30,  10,  10,  0, 0.0,  -1%, 165, 3.54, 206.65,
23.333333333333336, 100, 30, 30,  10,  10,  0, 0.0,  -1%, 180, 3.08, 222.79,
23.333333333333336, 100, 35, 30,  9,  0,  1, 10.0,  1.18%, 15, 50.0, 35.13,
23.333333333333336, 100, 35, 30,  10,  10,  0, 0.0,  -1%, 30, 32.29, 134.77,
23.333333333333336, 100, 35, 30,  10,  10,  0, 0.0,  -1%, 45, 21.03, 141.53,
23.333333333333336, 100, 35, 30,  10,  10,  0, 0.0,  -1%, 60, 15.03, 153.66,
23.333333333333336, 100, 35, 30,  10,  10,  0, 0.0,  -1%, 75, 10.49, 165.76,
23.333333333333336, 100, 35, 30,  10,  10,  0, 0.0,  -1%, 90, 8.03, 176.92,
23.333333333333336, 100, 35, 30,  10,  10,  0, 0.0,  -1%, 115, 6.23, 201.07,
23.333333333333336, 100, 35, 30,  10,  10,  0, 0.0,  -1%, 150, 3.63, 207.44,
23.333333333333336, 100, 35, 30,  10,  10,  0, 0.0,  -1%, 165, 3.05, 226.86,
23.333333333333336, 100, 35, 30,  10,  10,  0, 0.0,  -1%, 180, 2.82, 226.18,
23.333333333333336, 100, 40, 30,  10,  0,  0, 0.0,  -1%, 15, 49.99, 50.89,
23.333333333333336, 100, 40, 30,  10,  10,  0, 0.0,  -1%, 30, 34.41, 127.12,
23.333333333333336, 100, 40, 30,  10,  10,  0, 0.0,  -1%, 45, 21.58, 146.2,
23.333333333333336, 100, 40, 30,  10,  10,  0, 0.0,  -1%, 60, 13.41, 165.71,
23.333333333333336, 100, 40, 30,  10,  10,  0, 0.0,  -1%, 75, 10.58, 171.65,
23.333333333333336, 100, 40, 30,  10,  10,  0, 0.0,  -1%, 90, 7.86, 179.54,
23.333333333333336, 100, 40, 30,  10,  10,  0, 0.0,  -1%, 115, 5.59, 188.53,
23.333333333333336, 100, 40, 30,  10,  10,  0, 0.0,  -1%, 150, 3.9, 215.93,
23.333333333333336, 100, 40, 30,  10,  10,  0, 0.0,  -1%, 165, 3.17, 220.82,
23.333333333333336, 100, 40, 30,  10,  10,  0, 0.0,  -1%, 180, 3.16, 218.36,
23.333333333333336, 100, 45, 30,  10,  0,  0, 0.0,  -1%, 15, 49.99, 20.37,
23.333333333333336, 100, 45, 30,  10,  10,  0, 0.0,  -1%, 30, 32.22, 136.29,
23.333333333333336, 100, 45, 30,  10,  10,  0, 0.0,  -1%, 45, 19.03, 149.23,
23.333333333333336, 100, 45, 30,  10,  10,  0, 0.0,  -1%, 60, 13.5, 161.86,
23.333333333333336, 100, 45, 30,  10,  10,  0, 0.0,  -1%, 75, 9.86, 166.85,
23.333333333333336, 100, 45, 30,  10,  10,  0, 0.0,  -1%, 90, 7.74, 184.37,
23.333333333333336, 100, 45, 30,  10,  10,  0, 0.0,  -1%, 115, 5.52, 202.14,
23.333333333333336, 100, 45, 30,  10,  10,  0, 0.0,  -1%, 150, 3.62, 215.44,
23.333333333333336, 100, 45, 30,  10,  10,  0, 0.0,  -1%, 165, 2.94, 213.93,
23.333333333333336, 100, 45, 30,  10,  10,  0, 0.0,  -1%, 180, 2.85, 232.97,
23.333333333333336, 100, 50, 30,  10,  0,  0, 0.0,  -1%, 15, 50.0, 55.45,
23.333333333333336, 100, 50, 30,  10,  10,  0, 0.0,  -1%, 30, 37.27, 132.34,
23.333333333333336, 100, 50, 30,  10,  10,  0, 0.0,  -1%, 45, 20.21, 155.16,
23.333333333333336, 100, 50, 30,  10,  10,  0, 0.0,  -1%, 60, 12.98, 169.7,
23.333333333333336, 100, 50, 30,  10,  10,  0, 0.0,  -1%, 75, 10.37, 169.14,
23.333333333333336, 100, 50, 30,  10,  10,  0, 0.0,  -1%, 90, 8.63, 187.31,
23.333333333333336, 100, 50, 30,  10,  10,  0, 0.0,  -1%, 115, 5.37, 190.38,
23.333333333333336, 100, 50, 30,  10,  10,  0, 0.0,  -1%, 150, 4.3, 209.84,
23.333333333333336, 100, 50, 30,  10,  10,  0, 0.0,  -1%, 165, 3.24, 218.35,
23.333333333333336, 100, 50, 30,  10,  10,  0, 0.0,  -1%, 180, 2.63, 226.0,
23.333333333333336, 100, 5, 30,  10,  0,  0, 0.0,  -1%, 15, 49.99, 22.52,
23.333333333333336, 100, 5, 30,  10,  6,  0, 0.0,  -1%, 30, 38.54, 114.28,
23.333333333333336, 100, 5, 30,  10,  5,  0, 0.0,  -1%, 45, 26.95, 99.15,
23.333333333333336, 100, 5, 30,  10,  8,  0, 0.0,  -1%, 60, 18.95, 133.36,
23.333333333333336, 100, 5, 30,  10,  10,  0, 0.0,  -1%, 75, 14.32, 157.74,
23.333333333333336, 100, 5, 30,  10,  10,  0, 0.0,  -1%, 90, 11.54, 143.66,
23.333333333333336, 100, 5, 30,  10,  9,  0, 0.0,  -1%, 115, 7.97, 158.43,
23.333333333333336, 100, 5, 30,  10,  9,  0, 0.0,  -1%, 150, 7.24, 170.43,
23.333333333333336, 100, 5, 30,  10,  10,  0, 0.0,  -1%, 165, 4.99, 184.54,
23.333333333333336, 100, 5, 30,  10,  10,  0, 0.0,  -1%, 180, 4.74, 176.4,
23.333333333333336, 100, 10, 30,  10,  0,  0, 0.0,  -1%, 15, 49.99, 31.51,
23.333333333333336, 100, 10, 30,  10,  9,  0, 0.0,  -1%, 30, 38.36, 120.57,
23.333333333333336, 100, 10, 30,  10,  10,  0, 0.0,  -1%, 45, 24.91, 144.51,
23.333333333333336, 100, 10, 30,  10,  9,  0, 0.0,  -1%, 60, 16.27, 129.88,
23.333333333333336, 100, 10, 30,  10,  10,  0, 0.0,  -1%, 75, 13.28, 157.55,
23.333333333333336, 100, 10, 30,  10,  10,  0, 0.0,  -1%, 90, 8.78, 179.72,
23.333333333333336, 100, 10, 30,  10,  10,  0, 0.0,  -1%, 115, 6.6, 182.14,
23.333333333333336, 100, 10, 30,  10,  10,  0, 0.0,  -1%, 150, 4.82, 183.01,
23.333333333333336, 100, 10, 30,  10,  10,  0, 0.0,  -1%, 165, 4.73, 182.53,
23.333333333333336, 100, 10, 30,  10,  10,  0, 0.0,  -1%, 180, 3.46, 203.05,
23.333333333333336, 100, 15, 30,  9,  0,  1, 10.0,  0.93%, 15, 49.99, 41.93,
23.333333333333336, 100, 15, 30,  10,  10,  0, 0.0,  -1%, 30, 35.2, 119.48,
23.333333333333336, 100, 15, 30,  10,  10,  0, 0.0,  -1%, 45, 22.91, 137.41,
23.333333333333336, 100, 15, 30,  10,  10,  0, 0.0,  -1%, 60, 15.3, 147.78,
23.333333333333336, 100, 15, 30,  10,  10,  0, 0.0,  -1%, 75, 13.46, 165.97,
23.333333333333336, 100, 15, 30,  10,  10,  0, 0.0,  -1%, 90, 8.56, 160.09,
23.333333333333336, 100, 15, 30,  10,  10,  0, 0.0,  -1%, 115, 7.58, 167.1,
23.333333333333336, 100, 15, 30,  10,  10,  0, 0.0,  -1%, 150, 4.0, 182.87,
23.333333333333336, 100, 15, 30,  10,  10,  0, 0.0,  -1%, 165, 3.37, 191.57,
23.333333333333336, 100, 15, 30,  10,  10,  0, 0.0,  -1%, 180, 3.57, 209.88,
23.333333333333336, 100, 20, 30,  10,  0,  0, 0.0,  -1%, 15, 49.99, 41.47,
23.333333333333336, 100, 20, 30,  10,  9,  0, 0.0,  -1%, 30, 33.67, 122.79,
23.333333333333336, 100, 20, 30,  10,  10,  0, 0.0,  -1%, 45, 22.97, 136.96,
23.333333333333336, 100, 20, 30,  10,  10,  0, 0.0,  -1%, 60, 16.06, 155.98,
23.333333333333336, 100, 20, 30,  10,  10,  0, 0.0,  -1%, 75, 10.89, 169.0,
23.333333333333336, 100, 20, 30,  10,  9,  0, 0.0,  -1%, 90, 10.14, 173.46,
23.333333333333336, 100, 20, 30,  10,  10,  0, 0.0,  -1%, 115, 7.35, 189.49,
23.333333333333336, 100, 20, 30,  10,  10,  0, 0.0,  -1%, 150, 4.08, 192.57,
23.333333333333336, 100, 20, 30,  10,  10,  0, 0.0,  -1%, 165, 3.88, 210.68,
23.333333333333336, 100, 20, 30,  10,  10,  0, 0.0,  -1%, 180, 3.1, 211.94,
23.333333333333336, 100, 25, 30,  10,  0,  0, 0.0,  -1%, 15, 49.99, 42.72,
23.333333333333336, 100, 25, 30,  10,  10,  0, 0.0,  -1%, 30, 33.26, 127.0,
23.333333333333336, 100, 25, 30,  10,  10,  0, 0.0,  -1%, 45, 21.31, 146.93,
23.333333333333336, 100, 25, 30,  10,  10,  0, 0.0,  -1%, 60, 15.69, 157.99,
23.333333333333336, 100, 25, 30,  10,  10,  0, 0.0,  -1%, 75, 10.91, 169.46,
23.333333333333336, 100, 25, 30,  10,  10,  0, 0.0,  -1%, 90, 9.46, 177.01,
23.333333333333336, 100, 25, 30,  10,  10,  0, 0.0,  -1%, 115, 6.7, 197.06,
23.333333333333336, 100, 25, 30,  10,  10,  0, 0.0,  -1%, 150, 4.32, 206.64,
23.333333333333336, 100, 25, 30,  10,  10,  0, 0.0,  -1%, 165, 3.51, 202.01,
23.333333333333336, 100, 25, 30,  10,  10,  0, 0.0,  -1%, 180, 3.24, 223.61,
23.333333333333336, 100, 30, 30,  9,  0,  1, 10.0,  1.29%, 15, 49.99, 36.84,
23.333333333333336, 100, 30, 30,  10,  9,  0, 0.0,  -1%, 30, 34.69, 136.21,
23.333333333333336, 100, 30, 30,  10,  10,  0, 0.0,  -1%, 45, 22.17, 139.78,
23.333333333333336, 100, 30, 30,  10,  10,  0, 0.0,  -1%, 60, 14.16, 160.26,
23.333333333333336, 100, 30, 30,  10,  10,  0, 0.0,  -1%, 75, 10.88, 168.82,
23.333333333333336, 100, 30, 30,  10,  10,  0, 0.0,  -1%, 90, 8.0, 175.68,
23.333333333333336, 100, 30, 30,  10,  10,  0, 0.0,  -1%, 115, 5.77, 193.58,
23.333333333333336, 100, 30, 30,  10,  10,  0, 0.0,  -1%, 150, 4.37, 201.49,
23.333333333333336, 100, 30, 30,  10,  10,  0, 0.0,  -1%, 165, 3.66, 217.56,
23.333333333333336, 100, 30, 30,  10,  10,  0, 0.0,  -1%, 180, 3.11, 207.56,
23.333333333333336, 100, 35, 30,  9,  0,  1, 10.0,  1.66%, 15, 50.0, 43.4,
23.333333333333336, 100, 35, 30,  10,  8,  0, 0.0,  -1%, 30, 36.38, 128.6,
23.333333333333336, 100, 35, 30,  10,  9,  0, 0.0,  -1%, 45, 21.77, 149.39,
23.333333333333336, 100, 35, 30,  10,  10,  0, 0.0,  -1%, 60, 15.96, 167.86,
23.333333333333336, 100, 35, 30,  10,  10,  0, 0.0,  -1%, 75, 10.18, 179.91,
23.333333333333336, 100, 35, 30,  10,  10,  0, 0.0,  -1%, 90, 8.97, 185.36,
23.333333333333336, 100, 35, 30,  10,  10,  0, 0.0,  -1%, 115, 5.52, 203.59,
23.333333333333336, 100, 35, 30,  10,  10,  0, 0.0,  -1%, 150, 3.33, 209.03,
23.333333333333336, 100, 35, 30,  10,  10,  0, 0.0,  -1%, 165, 3.43, 205.96,
23.333333333333336, 100, 35, 30,  10,  10,  0, 0.0,  -1%, 180, 3.05, 215.77,
23.333333333333336, 100, 40, 30,  10,  0,  0, 0.0,  -1%, 15, 50.0, 53.56,
23.333333333333336, 100, 40, 30,  10,  10,  0, 0.0,  -1%, 30, 37.03, 123.46,
23.333333333333336, 100, 40, 30,  10,  10,  0, 0.0,  -1%, 45, 21.12, 142.68,
23.333333333333336, 100, 40, 30,  10,  10,  0, 0.0,  -1%, 60, 16.25, 153.28,
23.333333333333336, 100, 40, 30,  10,  10,  0, 0.0,  -1%, 75, 11.22, 174.86,
23.333333333333336, 100, 40, 30,  10,  10,  0, 0.0,  -1%, 90, 7.43, 190.03,
23.333333333333336, 100, 40, 30,  10,  10,  0, 0.0,  -1%, 115, 5.57, 201.92,
23.333333333333336, 100, 40, 30,  10,  10,  0, 0.0,  -1%, 150, 3.94, 213.16,
23.333333333333336, 100, 40, 30,  10,  10,  0, 0.0,  -1%, 165, 3.22, 204.57,
23.333333333333336, 100, 40, 30,  10,  10,  0, 0.0,  -1%, 180, 2.9, 237.26,
23.333333333333336, 100, 45, 30,  10,  0,  0, 0.0,  -1%, 15, 49.99, 37.17,
23.333333333333336, 100, 45, 30,  10,  8,  0, 0.0,  -1%, 30, 32.32, 131.83,
23.333333333333336, 100, 45, 30,  10,  10,  0, 0.0,  -1%, 45, 20.03, 151.47,
23.333333333333336, 100, 45, 30,  10,  10,  0, 0.0,  -1%, 60, 13.63, 157.68,
23.333333333333336, 100, 45, 30,  10,  10,  0, 0.0,  -1%, 75, 10.4, 170.5,
23.333333333333336, 100, 45, 30,  10,  10,  0, 0.0,  -1%, 90, 7.67, 183.34,
23.333333333333336, 100, 45, 30,  10,  10,  0, 0.0,  -1%, 115, 5.47, 197.83,
23.333333333333336, 100, 45, 30,  10,  10,  0, 0.0,  -1%, 150, 3.65, 218.16,
23.333333333333336, 100, 45, 30,  10,  10,  0, 0.0,  -1%, 165, 3.49, 213.07,
23.333333333333336, 100, 45, 30,  10,  10,  0, 0.0,  -1%, 180, 2.88, 234.18,
23.333333333333336, 100, 50, 30,  10,  0,  0, 0.0,  -1%, 15, 50.0, 41.38,
23.333333333333336, 100, 50, 30,  10,  10,  0, 0.0,  -1%, 30, 32.89, 134.86,
23.333333333333336, 100, 50, 30,  10,  10,  0, 0.0,  -1%, 45, 20.43, 147.54,
23.333333333333336, 100, 50, 30,  10,  10,  0, 0.0,  -1%, 60, 13.46, 159.9,
23.333333333333336, 100, 50, 30,  10,  10,  0, 0.0,  -1%, 75, 9.63, 169.26,
23.333333333333336, 100, 50, 30,  10,  10,  0, 0.0,  -1%, 90, 7.46, 176.73,
23.333333333333336, 100, 50, 30,  10,  10,  0, 0.0,  -1%, 115, 5.76, 201.44,
23.333333333333336, 100, 50, 30,  10,  10,  0, 0.0,  -1%, 150, 3.29, 203.36,
23.333333333333336, 100, 50, 30,  10,  10,  0, 0.0,  -1%, 165, 3.24, 225.35,
23.333333333333336, 100, 50, 30,  10,  10,  0, 0.0,  -1%, 180, 2.83, 224.65,
23.333333333333336, 100, 5, 30,  10,  0,  0, 0.0,  -1%, 15, 50.0, 31.47,
23.333333333333336, 100, 5, 30,  10,  6,  0, 0.0,  -1%, 30, 41.62, 118.6,
23.333333333333336, 100, 5, 30,  10,  8,  0, 0.0,  -1%, 45, 27.33, 116.32,
23.333333333333336, 100, 5, 30,  10,  9,  0, 0.0,  -1%, 60, 17.36, 144.4,
23.333333333333336, 100, 5, 30,  10,  10,  0, 0.0,  -1%, 75, 13.05, 141.91,
23.333333333333336, 100, 5, 30,  10,  10,  0, 0.0,  -1%, 90, 11.9, 158.46,
23.333333333333336, 100, 5, 30,  10,  10,  0, 0.0,  -1%, 115, 8.21, 165.76,
23.333333333333336, 100, 5, 30,  10,  10,  0, 0.0,  -1%, 150, 5.15, 177.93,
23.333333333333336, 100, 5, 30,  10,  10,  0, 0.0,  -1%, 165, 5.84, 196.25,
23.333333333333336, 100, 5, 30,  10,  10,  0, 0.0,  -1%, 180, 4.97, 201.77,
23.333333333333336, 100, 10, 30,  9,  0,  1, 10.0,  1.96%, 15, 49.99, 34.44,
23.333333333333336, 100, 10, 30,  10,  9,  0, 0.0,  -1%, 30, 37.63, 115.1,
23.333333333333336, 100, 10, 30,  10,  9,  0, 0.0,  -1%, 45, 22.48, 133.64,
23.333333333333336, 100, 10, 30,  10,  9,  0, 0.0,  -1%, 60, 16.69, 131.41,
23.333333333333336, 100, 10, 30,  10,  10,  0, 0.0,  -1%, 75, 12.68, 162.46,
23.333333333333336, 100, 10, 30,  10,  9,  0, 0.0,  -1%, 90, 9.93, 168.86,
23.333333333333336, 100, 10, 30,  10,  10,  0, 0.0,  -1%, 115, 6.85, 177.77,
23.333333333333336, 100, 10, 30,  10,  10,  0, 0.0,  -1%, 150, 5.08, 195.37,
23.333333333333336, 100, 10, 30,  10,  10,  0, 0.0,  -1%, 165, 4.83, 203.17,
23.333333333333336, 100, 10, 30,  10,  10,  0, 0.0,  -1%, 180, 3.69, 197.4,
23.333333333333336, 100, 15, 30,  10,  0,  0, 0.0,  -1%, 15, 50.0, 26.71,
23.333333333333336, 100, 15, 30,  10,  10,  0, 0.0,  -1%, 30, 34.63, 109.42,
23.333333333333336, 100, 15, 30,  10,  9,  0, 0.0,  -1%, 45, 23.53, 125.41,
23.333333333333336, 100, 15, 30,  10,  10,  0, 0.0,  -1%, 60, 15.02, 143.94,
23.333333333333336, 100, 15, 30,  10,  10,  0, 0.0,  -1%, 75, 11.24, 172.98,
23.333333333333336, 100, 15, 30,  10,  10,  0, 0.0,  -1%, 90, 8.91, 180.55,
23.333333333333336, 100, 15, 30,  10,  10,  0, 0.0,  -1%, 115, 6.7, 176.82,
23.333333333333336, 100, 15, 30,  10,  10,  0, 0.0,  -1%, 150, 4.47, 192.42,
23.333333333333336, 100, 15, 30,  10,  10,  0, 0.0,  -1%, 165, 3.87, 211.87,
23.333333333333336, 100, 15, 30,  10,  10,  0, 0.0,  -1%, 180, 3.8, 222.84,
23.333333333333336, 100, 20, 30,  9,  0,  1, 10.0,  1.1%, 15, 49.99, 26.22,
23.333333333333336, 100, 20, 30,  10,  10,  0, 0.0,  -1%, 30, 35.43, 128.38,
23.333333333333336, 100, 20, 30,  10,  10,  0, 0.0,  -1%, 45, 23.13, 142.48,
23.333333333333336, 100, 20, 30,  10,  10,  0, 0.0,  -1%, 60, 16.69, 150.55,
23.333333333333336, 100, 20, 30,  10,  10,  0, 0.0,  -1%, 75, 11.21, 164.01,
23.333333333333336, 100, 20, 30,  10,  10,  0, 0.0,  -1%, 90, 8.53, 179.38,
23.333333333333336, 100, 20, 30,  10,  10,  0, 0.0,  -1%, 115, 6.43, 194.62,
23.333333333333336, 100, 20, 30,  10,  10,  0, 0.0,  -1%, 150, 4.56, 204.16,
23.333333333333336, 100, 20, 30,  10,  10,  0, 0.0,  -1%, 165, 3.54, 211.22,
23.333333333333336, 100, 20, 30,  10,  10,  0, 0.0,  -1%, 180, 2.98, 210.9,
23.333333333333336, 100, 25, 30,  8,  0,  2, 20.0,  2.54%, 15, 50.0, 43.85,
23.333333333333336, 100, 25, 30,  10,  9,  0, 0.0,  -1%, 30, 35.44, 119.56,
23.333333333333336, 100, 25, 30,  10,  10,  0, 0.0,  -1%, 45, 22.98, 154.64,
23.333333333333336, 100, 25, 30,  10,  10,  0, 0.0,  -1%, 60, 14.9, 165.96,
23.333333333333336, 100, 25, 30,  10,  10,  0, 0.0,  -1%, 75, 11.89, 160.38,
23.333333333333336, 100, 25, 30,  10,  10,  0, 0.0,  -1%, 90, 8.93, 182.13,
23.333333333333336, 100, 25, 30,  10,  10,  0, 0.0,  -1%, 115, 6.39, 186.4,
23.333333333333336, 100, 25, 30,  10,  10,  0, 0.0,  -1%, 150, 3.82, 204.3,
23.333333333333336, 100, 25, 30,  10,  10,  0, 0.0,  -1%, 165, 3.48, 199.58,
23.333333333333336, 100, 25, 30,  10,  10,  0, 0.0,  -1%, 180, 3.36, 219.56,
23.333333333333336, 100, 30, 30,  10,  0,  0, 0.0,  -1%, 15, 49.99, 36.1,
23.333333333333336, 100, 30, 30,  10,  10,  0, 0.0,  -1%, 30, 38.44, 116.96,
23.333333333333336, 100, 30, 30,  10,  10,  0, 0.0,  -1%, 45, 21.99, 146.18,
23.333333333333336, 100, 30, 30,  10,  10,  0, 0.0,  -1%, 60, 15.53, 151.92,
23.333333333333336, 100, 30, 30,  10,  10,  0, 0.0,  -1%, 75, 10.62, 177.97,
23.333333333333336, 100, 30, 30,  10,  10,  0, 0.0,  -1%, 90, 8.91, 182.72,
23.333333333333336, 100, 30, 30,  10,  10,  0, 0.0,  -1%, 115, 6.05, 199.87,
23.333333333333336, 100, 30, 30,  10,  10,  0, 0.0,  -1%, 150, 4.05, 225.29,
23.333333333333336, 100, 30, 30,  10,  10,  0, 0.0,  -1%, 165, 3.55, 214.39,
23.333333333333336, 100, 30, 30,  10,  10,  0, 0.0,  -1%, 180, 2.83, 228.21,
23.333333333333336, 100, 35, 30,  10,  0,  0, 0.0,  -1%, 15, 49.99, 36.93,
23.333333333333336, 100, 35, 30,  10,  9,  0, 0.0,  -1%, 30, 33.53, 116.36,
23.333333333333336, 100, 35, 30,  10,  10,  0, 0.0,  -1%, 45, 19.26, 149.11,
23.333333333333336, 100, 35, 30,  10,  10,  0, 0.0,  -1%, 60, 14.81, 169.07,
23.333333333333336, 100, 35, 30,  10,  10,  0, 0.0,  -1%, 75, 10.95, 173.14,
23.333333333333336, 100, 35, 30,  10,  10,  0, 0.0,  -1%, 90, 7.4, 182.7,
23.333333333333336, 100, 35, 30,  10,  10,  0, 0.0,  -1%, 115, 5.68, 186.48,
23.333333333333336, 100, 35, 30,  10,  10,  0, 0.0,  -1%, 150, 4.14, 215.43,
23.333333333333336, 100, 35, 30,  10,  10,  0, 0.0,  -1%, 165, 3.29, 209.92,
23.333333333333336, 100, 35, 30,  10,  10,  0, 0.0,  -1%, 180, 2.88, 220.26,
23.333333333333336, 100, 40, 30,  10,  0,  0, 0.0,  -1%, 15, 49.99, 42.1,
23.333333333333336, 100, 40, 30,  10,  10,  0, 0.0,  -1%, 30, 33.7, 122.79,
23.333333333333336, 100, 40, 30,  10,  10,  0, 0.0,  -1%, 45, 20.52, 148.63,
23.333333333333336, 100, 40, 30,  10,  10,  0, 0.0,  -1%, 60, 13.45, 152.44,
23.333333333333336, 100, 40, 30,  10,  10,  0, 0.0,  -1%, 75, 10.32, 179.24,
23.333333333333336, 100, 40, 30,  10,  10,  0, 0.0,  -1%, 90, 8.08, 192.34,
23.333333333333336, 100, 40, 30,  10,  10,  0, 0.0,  -1%, 115, 5.51, 196.98,
23.333333333333336, 100, 40, 30,  10,  10,  0, 0.0,  -1%, 150, 3.66, 213.41,
23.333333333333336, 100, 40, 30,  10,  10,  0, 0.0,  -1%, 165, 3.11, 213.54,
23.333333333333336, 100, 40, 30,  10,  10,  0, 0.0,  -1%, 180, 3.04, 237.17,
23.333333333333336, 100, 45, 30,  10,  0,  0, 0.0,  -1%, 15, 50.0, 43.73,
23.333333333333336, 100, 45, 30,  10,  9,  0, 0.0,  -1%, 30, 30.86, 131.11,
23.333333333333336, 100, 45, 30,  10,  10,  0, 0.0,  -1%, 45, 22.67, 140.26,
23.333333333333336, 100, 45, 30,  10,  10,  0, 0.0,  -1%, 60, 13.55, 164.8,
23.333333333333336, 100, 45, 30,  10,  10,  0, 0.0,  -1%, 75, 10.87, 158.12,
23.333333333333336, 100, 45, 30,  10,  10,  0, 0.0,  -1%, 90, 7.82, 165.52,
23.333333333333336, 100, 45, 30,  10,  10,  0, 0.0,  -1%, 115, 5.61, 204.03,
23.333333333333336, 100, 45, 30,  10,  10,  0, 0.0,  -1%, 150, 3.6, 203.08,
23.333333333333336, 100, 45, 30,  10,  10,  0, 0.0,  -1%, 165, 3.31, 224.02,
23.333333333333336, 100, 45, 30,  10,  10,  0, 0.0,  -1%, 180, 3.1, 210.56,
23.333333333333336, 100, 50, 30,  10,  0,  0, 0.0,  -1%, 15, 50.0, 66.52,
23.333333333333336, 100, 50, 30,  10,  10,  0, 0.0,  -1%, 30, 33.51, 130.78,
23.333333333333336, 100, 50, 30,  10,  10,  0, 0.0,  -1%, 45, 20.49, 154.89,
23.333333333333336, 100, 50, 30,  10,  10,  0, 0.0,  -1%, 60, 13.56, 167.38,
23.333333333333336, 100, 50, 30,  10,  10,  0, 0.0,  -1%, 75, 9.96, 176.49,
23.333333333333336, 100, 50, 30,  10,  10,  0, 0.0,  -1%, 90, 7.43, 182.38,
23.333333333333336, 100, 50, 30,  10,  10,  0, 0.0,  -1%, 115, 5.85, 204.35,
23.333333333333336, 100, 50, 30,  10,  10,  0, 0.0,  -1%, 150, 3.63, 208.64,
23.333333333333336, 100, 50, 30,  10,  10,  0, 0.0,  -1%, 165, 3.17, 226.62,
23.333333333333336, 100, 50, 30,  10,  10,  0, 0.0,  -1%, 180, 2.9, 231.43,
23.333333333333336, 100, 5, 30,  10,  0,  0, 0.0,  -1%, 15, 50.0, 34.04,
23.333333333333336, 100, 5, 30,  10,  8,  0, 0.0,  -1%, 30, 38.44, 115.3,
23.333333333333336, 100, 5, 30,  10,  8,  0, 0.0,  -1%, 45, 24.63, 128.74,
23.333333333333336, 100, 5, 30,  10,  9,  0, 0.0,  -1%, 60, 17.13, 122.36,
23.333333333333336, 100, 5, 30,  10,  9,  0, 0.0,  -1%, 75, 15.5, 132.53,
23.333333333333336, 100, 5, 30,  10,  9,  0, 0.0,  -1%, 90, 10.39, 140.84,
23.333333333333336, 100, 5, 30,  10,  10,  0, 0.0,  -1%, 115, 8.12, 155.25,
23.333333333333336, 100, 5, 30,  10,  10,  0, 0.0,  -1%, 150, 6.3, 191.76,
23.333333333333336, 100, 5, 30,  10,  10,  0, 0.0,  -1%, 165, 4.68, 186.09,
23.333333333333336, 100, 5, 30,  10,  10,  0, 0.0,  -1%, 180, 4.35, 188.71,
23.333333333333336, 100, 10, 30,  10,  0,  0, 0.0,  -1%, 15, 49.99, 30.33,
23.333333333333336, 100, 10, 30,  10,  8,  0, 0.0,  -1%, 30, 43.98, 121.77,
23.333333333333336, 100, 10, 30,  10,  9,  0, 0.0,  -1%, 45, 23.13, 122.43,
23.333333333333336, 100, 10, 30,  10,  10,  0, 0.0,  -1%, 60, 15.85, 147.0,
23.333333333333336, 100, 10, 30,  10,  10,  0, 0.0,  -1%, 75, 13.44, 152.71,
23.333333333333336, 100, 10, 30,  10,  10,  0, 0.0,  -1%, 90, 9.41, 183.55,
23.333333333333336, 100, 10, 30,  10,  10,  0, 0.0,  -1%, 115, 6.92, 170.29,
23.333333333333336, 100, 10, 30,  10,  10,  0, 0.0,  -1%, 150, 4.96, 184.9,
23.333333333333336, 100, 10, 30,  10,  10,  0, 0.0,  -1%, 165, 4.1, 198.57,
23.333333333333336, 100, 10, 30,  10,  10,  0, 0.0,  -1%, 180, 3.57, 205.83,
23.333333333333336, 100, 15, 30,  10,  0,  0, 0.0,  -1%, 15, 49.99, 42.96,
23.333333333333336, 100, 15, 30,  10,  9,  0, 0.0,  -1%, 30, 33.88, 130.47,
23.333333333333336, 100, 15, 30,  10,  10,  0, 0.0,  -1%, 45, 22.67, 124.79,
23.333333333333336, 100, 15, 30,  10,  10,  0, 0.0,  -1%, 60, 15.16, 149.49,
23.333333333333336, 100, 15, 30,  10,  10,  0, 0.0,  -1%, 75, 11.7, 158.32,
23.333333333333336, 100, 15, 30,  10,  10,  0, 0.0,  -1%, 90, 8.78, 172.78,
23.333333333333336, 100, 15, 30,  10,  10,  0, 0.0,  -1%, 115, 6.6, 177.42,
23.333333333333336, 100, 15, 30,  10,  10,  0, 0.0,  -1%, 150, 4.94, 201.45,
23.333333333333336, 100, 15, 30,  10,  10,  0, 0.0,  -1%, 165, 4.06, 206.61,
23.333333333333336, 100, 15, 30,  10,  10,  0, 0.0,  -1%, 180, 3.7, 213.79,
23.333333333333336, 100, 20, 30,  9,  0,  1, 10.0,  2.29%, 15, 50.0, 36.76,
23.333333333333336, 100, 20, 30,  10,  9,  0, 0.0,  -1%, 30, 39.57, 126.78,
23.333333333333336, 100, 20, 30,  10,  10,  0, 0.0,  -1%, 45, 20.39, 134.42,
23.333333333333336, 100, 20, 30,  10,  10,  0, 0.0,  -1%, 60, 15.3, 147.17,
23.333333333333336, 100, 20, 30,  10,  10,  0, 0.0,  -1%, 75, 10.86, 163.67,
23.333333333333336, 100, 20, 30,  10,  10,  0, 0.0,  -1%, 90, 8.9, 168.82,
23.333333333333336, 100, 20, 30,  10,  10,  0, 0.0,  -1%, 115, 7.39, 191.9,
23.333333333333336, 100, 20, 30,  10,  10,  0, 0.0,  -1%, 150, 4.63, 200.79,
23.333333333333336, 100, 20, 30,  10,  10,  0, 0.0,  -1%, 165, 4.25, 212.26,
23.333333333333336, 100, 20, 30,  10,  10,  0, 0.0,  -1%, 180, 3.14, 211.91,
23.333333333333336, 100, 25, 30,  10,  0,  0, 0.0,  -1%, 15, 50.0, 40.78,
23.333333333333336, 100, 25, 30,  10,  9,  0, 0.0,  -1%, 30, 33.39, 129.77,
23.333333333333336, 100, 25, 30,  10,  10,  0, 0.0,  -1%, 45, 20.67, 143.16,
23.333333333333336, 100, 25, 30,  10,  10,  0, 0.0,  -1%, 60, 15.34, 168.48,
23.333333333333336, 100, 25, 30,  10,  10,  0, 0.0,  -1%, 75, 10.27, 168.77,
23.333333333333336, 100, 25, 30,  10,  10,  0, 0.0,  -1%, 90, 8.6, 165.54,
23.333333333333336, 100, 25, 30,  10,  10,  0, 0.0,  -1%, 115, 5.58, 189.31,
23.333333333333336, 100, 25, 30,  10,  10,  0, 0.0,  -1%, 150, 3.76, 203.94,
23.333333333333336, 100, 25, 30,  10,  10,  0, 0.0,  -1%, 165, 3.75, 210.31,
23.333333333333336, 100, 25, 30,  10,  10,  0, 0.0,  -1%, 180, 3.05, 224.62,
23.333333333333336, 100, 30, 30,  9,  0,  1, 10.0,  0.83%, 15, 49.99, 36.79,
23.333333333333336, 100, 30, 30,  10,  10,  0, 0.0,  -1%, 30, 35.46, 125.0,
23.333333333333336, 100, 30, 30,  10,  10,  0, 0.0,  -1%, 45, 19.9, 148.12,
23.333333333333336, 100, 30, 30,  10,  10,  0, 0.0,  -1%, 60, 16.02, 155.34,
23.333333333333336, 100, 30, 30,  10,  10,  0, 0.0,  -1%, 75, 11.29, 155.13,
23.333333333333336, 100, 30, 30,  10,  10,  0, 0.0,  -1%, 90, 8.05, 176.06,
23.333333333333336, 100, 30, 30,  10,  10,  0, 0.0,  -1%, 115, 5.4, 196.58,
23.333333333333336, 100, 30, 30,  10,  10,  0, 0.0,  -1%, 150, 3.68, 219.16,
23.333333333333336, 100, 30, 30,  10,  10,  0, 0.0,  -1%, 165, 3.42, 204.43,
23.333333333333336, 100, 30, 30,  10,  10,  0, 0.0,  -1%, 180, 3.02, 230.75,
23.333333333333336, 100, 35, 30,  9,  0,  1, 10.0,  1.74%, 15, 49.99, 45.64,
23.333333333333336, 100, 35, 30,  10,  10,  0, 0.0,  -1%, 30, 33.27, 129.97,
23.333333333333336, 100, 35, 30,  10,  9,  0, 0.0,  -1%, 45, 23.4, 142.52,
23.333333333333336, 100, 35, 30,  10,  10,  0, 0.0,  -1%, 60, 13.32, 156.86,
23.333333333333336, 100, 35, 30,  10,  10,  0, 0.0,  -1%, 75, 10.66, 172.56,
23.333333333333336, 100, 35, 30,  10,  10,  0, 0.0,  -1%, 90, 7.43, 183.19,
23.333333333333336, 100, 35, 30,  10,  10,  0, 0.0,  -1%, 115, 6.15, 196.04,
23.333333333333336, 100, 35, 30,  10,  10,  0, 0.0,  -1%, 150, 3.51, 200.61,
23.333333333333336, 100, 35, 30,  10,  10,  0, 0.0,  -1%, 165, 3.54, 209.64,
23.333333333333336, 100, 35, 30,  10,  10,  0, 0.0,  -1%, 180, 2.89, 220.63,
23.333333333333336, 100, 40, 30,  10,  0,  0, 0.0,  -1%, 15, 50.0, 47.77,
23.333333333333336, 100, 40, 30,  10,  8,  0, 0.0,  -1%, 30, 35.35, 116.8,
23.333333333333336, 100, 40, 30,  10,  10,  0, 0.0,  -1%, 45, 19.25, 156.63,
23.333333333333336, 100, 40, 30,  10,  10,  0, 0.0,  -1%, 60, 14.2, 160.66,
23.333333333333336, 100, 40, 30,  10,  10,  0, 0.0,  -1%, 75, 11.14, 174.27,
23.333333333333336, 100, 40, 30,  10,  10,  0, 0.0,  -1%, 90, 7.92, 181.42,
23.333333333333336, 100, 40, 30,  10,  10,  0, 0.0,  -1%, 115, 5.59, 206.03,
23.333333333333336, 100, 40, 30,  10,  10,  0, 0.0,  -1%, 150, 4.1, 211.53,
23.333333333333336, 100, 40, 30,  10,  10,  0, 0.0,  -1%, 165, 3.15, 223.58,
23.333333333333336, 100, 40, 30,  10,  10,  0, 0.0,  -1%, 180, 2.76, 208.77,
23.333333333333336, 100, 45, 30,  10,  0,  0, 0.0,  -1%, 15, 49.99, 38.56,
23.333333333333336, 100, 45, 30,  10,  10,  0, 0.0,  -1%, 30, 34.25, 130.35,
23.333333333333336, 100, 45, 30,  10,  10,  0, 0.0,  -1%, 45, 21.01, 153.82,
23.333333333333336, 100, 45, 30,  10,  10,  0, 0.0,  -1%, 60, 14.2, 157.06,
23.333333333333336, 100, 45, 30,  10,  10,  0, 0.0,  -1%, 75, 10.38, 170.02,
23.333333333333336, 100, 45, 30,  10,  10,  0, 0.0,  -1%, 90, 6.94, 190.96,
23.333333333333336, 100, 45, 30,  10,  10,  0, 0.0,  -1%, 115, 5.54, 199.77,
23.333333333333336, 100, 45, 30,  10,  10,  0, 0.0,  -1%, 150, 3.8, 218.72,
23.333333333333336, 100, 45, 30,  10,  10,  0, 0.0,  -1%, 165, 3.24, 212.7,
23.333333333333336, 100, 45, 30,  10,  10,  0, 0.0,  -1%, 180, 2.86, 223.03,
23.333333333333336, 100, 50, 30,  10,  0,  0, 0.0,  -1%, 15, 49.99, 43.72,
23.333333333333336, 100, 50, 30,  10,  9,  0, 0.0,  -1%, 30, 34.15, 136.06,
23.333333333333336, 100, 50, 30,  10,  10,  0, 0.0,  -1%, 45, 20.48, 142.73,
23.333333333333336, 100, 50, 30,  10,  10,  0, 0.0,  -1%, 60, 14.56, 148.02,
23.333333333333336, 100, 50, 30,  10,  10,  0, 0.0,  -1%, 75, 10.16, 172.93,
23.333333333333336, 100, 50, 30,  10,  10,  0, 0.0,  -1%, 90, 7.82, 175.31,
23.333333333333336, 100, 50, 30,  10,  10,  0, 0.0,  -1%, 115, 5.32, 192.67,
23.333333333333336, 100, 50, 30,  10,  10,  0, 0.0,  -1%, 150, 3.67, 210.87,
23.333333333333336, 100, 50, 30,  10,  10,  0, 0.0,  -1%, 165, 3.57, 233.26,
23.333333333333336, 100, 50, 30,  10,  10,  0, 0.0,  -1%, 180, 2.49, 216.58,
23.333333333333336, 100, 5, 30,  10,  0,  0, 0.0,  -1%, 15, 50.0, 32.22,
23.333333333333336, 100, 5, 30,  10,  7,  0, 0.0,  -1%, 30, 36.86, 111.52,
23.333333333333336, 100, 5, 30,  10,  10,  0, 0.0,  -1%, 45, 25.34, 126.67,
23.333333333333336, 100, 5, 30,  10,  10,  0, 0.0,  -1%, 60, 17.4, 132.16,
23.333333333333336, 100, 5, 30,  10,  10,  0, 0.0,  -1%, 75, 14.42, 147.58,
23.333333333333336, 100, 5, 30,  10,  9,  0, 0.0,  -1%, 90, 13.59, 142.7,
23.333333333333336, 100, 5, 30,  10,  10,  0, 0.0,  -1%, 115, 7.52, 176.78,
23.333333333333336, 100, 5, 30,  10,  10,  0, 0.0,  -1%, 150, 5.47, 185.21,
23.333333333333336, 100, 5, 30,  10,  10,  0, 0.0,  -1%, 165, 5.18, 202.42,
23.333333333333336, 100, 5, 30,  10,  9,  0, 0.0,  -1%, 180, 4.34, 174.22,
23.333333333333336, 100, 10, 30,  10,  0,  0, 0.0,  -1%, 15, 50.0, 35.9,
23.333333333333336, 100, 10, 30,  10,  5,  0, 0.0,  -1%, 30, 41.4, 111.83,
23.333333333333336, 100, 10, 30,  10,  10,  0, 0.0,  -1%, 45, 22.45, 131.62,
23.333333333333336, 100, 10, 30,  10,  9,  0, 0.0,  -1%, 60, 16.76, 146.85,
23.333333333333336, 100, 10, 30,  10,  10,  0, 0.0,  -1%, 75, 13.06, 157.99,
23.333333333333336, 100, 10, 30,  10,  10,  0, 0.0,  -1%, 90, 10.43, 154.46,
23.333333333333336, 100, 10, 30,  10,  10,  0, 0.0,  -1%, 115, 6.35, 169.25,
23.333333333333336, 100, 10, 30,  10,  10,  0, 0.0,  -1%, 150, 4.46, 180.98,
23.333333333333336, 100, 10, 30,  10,  10,  0, 0.0,  -1%, 165, 3.85, 198.87,
23.333333333333336, 100, 10, 30,  10,  10,  0, 0.0,  -1%, 180, 3.51, 200.62,
23.333333333333336, 100, 15, 30,  10,  0,  0, 0.0,  -1%, 15, 49.99, 48.69,
23.333333333333336, 100, 15, 30,  10,  9,  0, 0.0,  -1%, 30, 42.69, 112.66,
23.333333333333336, 100, 15, 30,  10,  10,  0, 0.0,  -1%, 45, 23.86, 151.75,
23.333333333333336, 100, 15, 30,  10,  10,  0, 0.0,  -1%, 60, 16.47, 163.98,
23.333333333333336, 100, 15, 30,  10,  10,  0, 0.0,  -1%, 75, 13.68, 159.09,
23.333333333333336, 100, 15, 30,  10,  10,  0, 0.0,  -1%, 90, 8.26, 177.94,
23.333333333333336, 100, 15, 30,  10,  10,  0, 0.0,  -1%, 115, 6.81, 195.86,
23.333333333333336, 100, 15, 30,  10,  10,  0, 0.0,  -1%, 150, 4.11, 182.36,
23.333333333333336, 100, 15, 30,  10,  10,  0, 0.0,  -1%, 165, 3.77, 204.35,
23.333333333333336, 100, 15, 30,  10,  10,  0, 0.0,  -1%, 180, 3.36, 205.33,
23.333333333333336, 100, 20, 30,  9,  0,  1, 10.0,  1.47%, 15, 49.99, 32.22,
23.333333333333336, 100, 20, 30,  10,  8,  0, 0.0,  -1%, 30, 38.1, 117.56,
23.333333333333336, 100, 20, 30,  10,  10,  0, 0.0,  -1%, 45, 21.9, 131.34,
23.333333333333336, 100, 20, 30,  10,  10,  0, 0.0,  -1%, 60, 13.97, 156.11,
23.333333333333336, 100, 20, 30,  10,  10,  0, 0.0,  -1%, 75, 11.92, 165.53,
23.333333333333336, 100, 20, 30,  10,  10,  0, 0.0,  -1%, 90, 8.37, 179.33,
23.333333333333336, 100, 20, 30,  10,  10,  0, 0.0,  -1%, 115, 6.88, 201.14,
23.333333333333336, 100, 20, 30,  10,  10,  0, 0.0,  -1%, 150, 4.28, 207.15,
23.333333333333336, 100, 20, 30,  10,  10,  0, 0.0,  -1%, 165, 3.63, 215.21,
23.333333333333336, 100, 20, 30,  10,  10,  0, 0.0,  -1%, 180, 3.03, 209.8,
23.333333333333336, 100, 25, 30,  9,  0,  1, 10.0,  1.95%, 15, 49.99, 23.06,
23.333333333333336, 100, 25, 30,  10,  8,  0, 0.0,  -1%, 30, 35.99, 128.21,
23.333333333333336, 100, 25, 30,  10,  9,  0, 0.0,  -1%, 45, 22.86, 138.38,
23.333333333333336, 100, 25, 30,  10,  10,  0, 0.0,  -1%, 60, 15.56, 150.9,
23.333333333333336, 100, 25, 30,  10,  10,  0, 0.0,  -1%, 75, 11.42, 156.26,
23.333333333333336, 100, 25, 30,  10,  10,  0, 0.0,  -1%, 90, 8.59, 191.96,
23.333333333333336, 100, 25, 30,  10,  10,  0, 0.0,  -1%, 115, 6.68, 202.06,
23.333333333333336, 100, 25, 30,  10,  10,  0, 0.0,  -1%, 150, 3.95, 194.63,
23.333333333333336, 100, 25, 30,  10,  10,  0, 0.0,  -1%, 165, 3.25, 209.89,
23.333333333333336, 100, 25, 30,  10,  10,  0, 0.0,  -1%, 180, 3.06, 214.63,
23.333333333333336, 100, 30, 30,  10,  0,  0, 0.0,  -1%, 15, 50.0, 54.01,
23.333333333333336, 100, 30, 30,  10,  9,  0, 0.0,  -1%, 30, 38.38, 127.55,
23.333333333333336, 100, 30, 30,  10,  9,  0, 0.0,  -1%, 45, 20.63, 147.58,
23.333333333333336, 100, 30, 30,  10,  10,  0, 0.0,  -1%, 60, 13.1, 159.99,
23.333333333333336, 100, 30, 30,  10,  10,  0, 0.0,  -1%, 75, 10.57, 168.02,
23.333333333333336, 100, 30, 30,  10,  10,  0, 0.0,  -1%, 90, 8.94, 172.53,
23.333333333333336, 100, 30, 30,  10,  10,  0, 0.0,  -1%, 115, 5.32, 188.46,
23.333333333333336, 100, 30, 30,  10,  10,  0, 0.0,  -1%, 150, 4.05, 194.08,
23.333333333333336, 100, 30, 30,  10,  10,  0, 0.0,  -1%, 165, 3.54, 210.93,
23.333333333333336, 100, 30, 30,  10,  10,  0, 0.0,  -1%, 180, 2.97, 217.14,
23.333333333333336, 100, 35, 30,  10,  0,  0, 0.0,  -1%, 15, 49.99, 38.06,
23.333333333333336, 100, 35, 30,  10,  10,  0, 0.0,  -1%, 30, 33.05, 126.05,
23.333333333333336, 100, 35, 30,  10,  10,  0, 0.0,  -1%, 45, 21.6, 150.16,
23.333333333333336, 100, 35, 30,  10,  10,  0, 0.0,  -1%, 60, 15.11, 154.61,
23.333333333333336, 100, 35, 30,  10,  10,  0, 0.0,  -1%, 75, 9.69, 164.97,
23.333333333333336, 100, 35, 30,  10,  10,  0, 0.0,  -1%, 90, 8.11, 178.67,
23.333333333333336, 100, 35, 30,  10,  10,  0, 0.0,  -1%, 115, 5.38, 182.15,
23.333333333333336, 100, 35, 30,  10,  10,  0, 0.0,  -1%, 150, 3.97, 207.32,
23.333333333333336, 100, 35, 30,  10,  10,  0, 0.0,  -1%, 165, 3.49, 215.56,
23.333333333333336, 100, 35, 30,  10,  10,  0, 0.0,  -1%, 180, 2.95, 231.04,
23.333333333333336, 100, 40, 30,  10,  0,  0, 0.0,  -1%, 15, 50.0, 41.4,
23.333333333333336, 100, 40, 30,  10,  10,  0, 0.0,  -1%, 30, 34.76, 133.02,
23.333333333333336, 100, 40, 30,  10,  10,  0, 0.0,  -1%, 45, 20.3, 152.37,
23.333333333333336, 100, 40, 30,  10,  10,  0, 0.0,  -1%, 60, 13.91, 157.89,
23.333333333333336, 100, 40, 30,  10,  10,  0, 0.0,  -1%, 75, 9.42, 176.99,
23.333333333333336, 100, 40, 30,  10,  10,  0, 0.0,  -1%, 90, 7.34, 180.66,
23.333333333333336, 100, 40, 30,  10,  10,  0, 0.0,  -1%, 115, 6.16, 201.8,
23.333333333333336, 100, 40, 30,  10,  10,  0, 0.0,  -1%, 150, 3.34, 210.43,
23.333333333333336, 100, 40, 30,  10,  10,  0, 0.0,  -1%, 165, 3.19, 214.07,
23.333333333333336, 100, 40, 30,  10,  10,  0, 0.0,  -1%, 180, 2.98, 222.78,
23.333333333333336, 100, 45, 30,  10,  0,  0, 0.0,  -1%, 15, 50.0, 40.97,
23.333333333333336, 100, 45, 30,  10,  10,  0, 0.0,  -1%, 30, 29.96, 136.58,
23.333333333333336, 100, 45, 30,  10,  10,  0, 0.0,  -1%, 45, 19.02, 143.02,
23.333333333333336, 100, 45, 30,  10,  10,  0, 0.0,  -1%, 60, 12.44, 164.15,
23.333333333333336, 100, 45, 30,  10,  10,  0, 0.0,  -1%, 75, 10.65, 175.39,
23.333333333333336, 100, 45, 30,  10,  10,  0, 0.0,  -1%, 90, 8.06, 191.02,
23.333333333333336, 100, 45, 30,  10,  10,  0, 0.0,  -1%, 115, 6.3, 200.79,
23.333333333333336, 100, 45, 30,  10,  10,  0, 0.0,  -1%, 150, 3.74, 219.25,
23.333333333333336, 100, 45, 30,  10,  10,  0, 0.0,  -1%, 165, 3.37, 223.68,
23.333333333333336, 100, 45, 30,  10,  10,  0, 0.0,  -1%, 180, 2.74, 220.09,
23.333333333333336, 100, 50, 30,  10,  0,  0, 0.0,  -1%, 15, 49.99, 52.31,
23.333333333333336, 100, 50, 30,  10,  10,  0, 0.0,  -1%, 30, 33.22, 137.24,
23.333333333333336, 100, 50, 30,  10,  10,  0, 0.0,  -1%, 45, 20.41, 163.5,
23.333333333333336, 100, 50, 30,  10,  10,  0, 0.0,  -1%, 60, 13.71, 161.73,
23.333333333333336, 100, 50, 30,  10,  10,  0, 0.0,  -1%, 75, 10.15, 182.14,
23.333333333333336, 100, 50, 30,  10,  10,  0, 0.0,  -1%, 90, 7.45, 179.74,
23.333333333333336, 100, 50, 30,  10,  10,  0, 0.0,  -1%, 115, 6.12, 194.08,
23.333333333333336, 100, 50, 30,  10,  10,  0, 0.0,  -1%, 150, 3.61, 208.03,
23.333333333333336, 100, 50, 30,  10,  10,  0, 0.0,  -1%, 165, 3.08, 225.48,
23.333333333333336, 100, 50, 30,  10,  10,  0, 0.0,  -1%, 180, 2.66, 242.29,
23.333333333333336, 100, 5, 30,  9,  0,  1, 10.0,  1.04%, 15, 50.0, 28.08,
23.333333333333336, 100, 5, 30,  10,  8,  0, 0.0,  -1%, 30, 40.66, 111.0,
23.333333333333336, 100, 5, 30,  10,  10,  0, 0.0,  -1%, 45, 21.22, 129.35,
23.333333333333336, 100, 5, 30,  10,  10,  0, 0.0,  -1%, 60, 16.42, 140.7,
23.333333333333336, 100, 5, 30,  10,  9,  0, 0.0,  -1%, 75, 12.5, 140.06,
23.333333333333336, 100, 5, 30,  10,  10,  0, 0.0,  -1%, 90, 11.46, 159.48,
23.333333333333336, 100, 5, 30,  10,  10,  0, 0.0,  -1%, 115, 8.83, 157.1,
23.333333333333336, 100, 5, 30,  10,  10,  0, 0.0,  -1%, 150, 5.88, 197.6,
23.333333333333336, 100, 5, 30,  10,  10,  0, 0.0,  -1%, 165, 4.46, 176.94,
23.333333333333336, 100, 5, 30,  10,  10,  0, 0.0,  -1%, 180, 4.99, 214.75,
23.333333333333336, 100, 10, 30,  10,  0,  0, 0.0,  -1%, 15, 49.99, 34.14,
23.333333333333336, 100, 10, 30,  10,  7,  0, 0.0,  -1%, 30, 38.2, 119.31,
23.333333333333336, 100, 10, 30,  10,  10,  0, 0.0,  -1%, 45, 23.77, 132.72,
23.333333333333336, 100, 10, 30,  10,  9,  0, 0.0,  -1%, 60, 15.07, 151.81,
23.333333333333336, 100, 10, 30,  10,  10,  0, 0.0,  -1%, 75, 11.81, 154.76,
23.333333333333336, 100, 10, 30,  10,  10,  0, 0.0,  -1%, 90, 10.49, 166.36,
23.333333333333336, 100, 10, 30,  10,  9,  0, 0.0,  -1%, 115, 8.83, 183.61,
23.333333333333336, 100, 10, 30,  10,  10,  0, 0.0,  -1%, 150, 4.95, 186.22,
23.333333333333336, 100, 10, 30,  10,  10,  0, 0.0,  -1%, 165, 4.01, 198.84,
23.333333333333336, 100, 10, 30,  10,  10,  0, 0.0,  -1%, 180, 3.46, 192.81,
23.333333333333336, 100, 15, 30,  10,  0,  0, 0.0,  -1%, 15, 50.0, 32.68,
23.333333333333336, 100, 15, 30,  10,  10,  0, 0.0,  -1%, 30, 33.99, 122.91,
23.333333333333336, 100, 15, 30,  10,  10,  0, 0.0,  -1%, 45, 22.28, 133.33,
23.333333333333336, 100, 15, 30,  10,  10,  0, 0.0,  -1%, 60, 16.29, 152.67,
23.333333333333336, 100, 15, 30,  10,  10,  0, 0.0,  -1%, 75, 11.89, 159.87,
23.333333333333336, 100, 15, 30,  10,  10,  0, 0.0,  -1%, 90, 9.02, 167.99,
23.333333333333336, 100, 15, 30,  10,  10,  0, 0.0,  -1%, 115, 6.8, 180.68,
23.333333333333336, 100, 15, 30,  10,  10,  0, 0.0,  -1%, 150, 4.11, 196.21,
23.333333333333336, 100, 15, 30,  10,  10,  0, 0.0,  -1%, 165, 3.74, 204.45,
23.333333333333336, 100, 15, 30,  10,  10,  0, 0.0,  -1%, 180, 3.46, 190.16,
23.333333333333336, 100, 20, 30,  10,  0,  0, 0.0,  -1%, 15, 49.99, 31.85,
23.333333333333336, 100, 20, 30,  10,  10,  0, 0.0,  -1%, 30, 33.12, 124.35,
23.333333333333336, 100, 20, 30,  10,  10,  0, 0.0,  -1%, 45, 22.53, 130.9,
23.333333333333336, 100, 20, 30,  10,  10,  0, 0.0,  -1%, 60, 14.34, 146.22,
23.333333333333336, 100, 20, 30,  10,  10,  0, 0.0,  -1%, 75, 10.71, 150.21,
23.333333333333336, 100, 20, 30,  10,  10,  0, 0.0,  -1%, 90, 8.53, 177.62,
23.333333333333336, 100, 20, 30,  10,  10,  0, 0.0,  -1%, 115, 6.42, 188.23,
23.333333333333336, 100, 20, 30,  10,  10,  0, 0.0,  -1%, 150, 3.87, 189.77,
23.333333333333336, 100, 20, 30,  10,  10,  0, 0.0,  -1%, 165, 3.62, 216.14,
23.333333333333336, 100, 20, 30,  10,  10,  0, 0.0,  -1%, 180, 3.29, 219.87,
23.333333333333336, 100, 25, 30,  10,  0,  0, 0.0,  -1%, 15, 50.0, 40.18,
23.333333333333336, 100, 25, 30,  10,  9,  0, 0.0,  -1%, 30, 33.86, 127.43,
23.333333333333336, 100, 25, 30,  10,  10,  0, 0.0,  -1%, 45, 20.4, 134.75,
23.333333333333336, 100, 25, 30,  10,  10,  0, 0.0,  -1%, 60, 15.87, 163.44,
23.333333333333336, 100, 25, 30,  10,  10,  0, 0.0,  -1%, 75, 11.34, 157.44,
23.333333333333336, 100, 25, 30,  10,  10,  0, 0.0,  -1%, 90, 8.24, 164.83,
23.333333333333336, 100, 25, 30,  10,  10,  0, 0.0,  -1%, 115, 6.86, 185.48,
23.333333333333336, 100, 25, 30,  10,  10,  0, 0.0,  -1%, 150, 4.69, 191.59,
23.333333333333336, 100, 25, 30,  10,  10,  0, 0.0,  -1%, 165, 3.41, 213.85,
23.333333333333336, 100, 25, 30,  10,  10,  0, 0.0,  -1%, 180, 2.74, 213.26,
23.333333333333336, 100, 30, 30,  9,  0,  1, 10.0,  0.63%, 15, 49.99, 40.42,
23.333333333333336, 100, 30, 30,  10,  9,  0, 0.0,  -1%, 30, 35.68, 123.9,
23.333333333333336, 100, 30, 30,  10,  10,  0, 0.0,  -1%, 45, 21.05, 137.38,
23.333333333333336, 100, 30, 30,  10,  10,  0, 0.0,  -1%, 60, 14.54, 166.23,
23.333333333333336, 100, 30, 30,  10,  10,  0, 0.0,  -1%, 75, 11.65, 163.2,
23.333333333333336, 100, 30, 30,  10,  10,  0, 0.0,  -1%, 90, 8.31, 181.55,
23.333333333333336, 100, 30, 30,  10,  10,  0, 0.0,  -1%, 115, 5.68, 195.75,
23.333333333333336, 100, 30, 30,  10,  10,  0, 0.0,  -1%, 150, 3.63, 203.49,
23.333333333333336, 100, 30, 30,  10,  10,  0, 0.0,  -1%, 165, 3.71, 218.9,
23.333333333333336, 100, 30, 30,  10,  10,  0, 0.0,  -1%, 180, 3.25, 222.06,
23.333333333333336, 100, 35, 30,  10,  0,  0, 0.0,  -1%, 15, 50.0, 57.87,
23.333333333333336, 100, 35, 30,  10,  10,  0, 0.0,  -1%, 30, 32.72, 120.87,
23.333333333333336, 100, 35, 30,  10,  10,  0, 0.0,  -1%, 45, 23.04, 146.22,
23.333333333333336, 100, 35, 30,  10,  10,  0, 0.0,  -1%, 60, 14.68, 165.35,
23.333333333333336, 100, 35, 30,  10,  10,  0, 0.0,  -1%, 75, 10.29, 163.63,
23.333333333333336, 100, 35, 30,  10,  10,  0, 0.0,  -1%, 90, 8.17, 189.16,
23.333333333333336, 100, 35, 30,  10,  10,  0, 0.0,  -1%, 115, 5.19, 187.54,
23.333333333333336, 100, 35, 30,  10,  10,  0, 0.0,  -1%, 150, 3.79, 201.12,
23.333333333333336, 100, 35, 30,  10,  10,  0, 0.0,  -1%, 165, 3.82, 211.88,
23.333333333333336, 100, 35, 30,  10,  10,  0, 0.0,  -1%, 180, 2.9, 217.5,
23.333333333333336, 100, 40, 30,  10,  0,  0, 0.0,  -1%, 15, 50.0, 39.86,
23.333333333333336, 100, 40, 30,  10,  10,  0, 0.0,  -1%, 30, 32.0, 137.19,
23.333333333333336, 100, 40, 30,  10,  10,  0, 0.0,  -1%, 45, 20.25, 158.68,
23.333333333333336, 100, 40, 30,  10,  10,  0, 0.0,  -1%, 60, 12.64, 160.43,
23.333333333333336, 100, 40, 30,  10,  10,  0, 0.0,  -1%, 75, 10.79, 175.68,
23.333333333333336, 100, 40, 30,  10,  10,  0, 0.0,  -1%, 90, 8.14, 185.53,
23.333333333333336, 100, 40, 30,  10,  10,  0, 0.0,  -1%, 115, 5.61, 203.19,
23.333333333333336, 100, 40, 30,  10,  10,  0, 0.0,  -1%, 150, 3.53, 223.69,
23.333333333333336, 100, 40, 30,  10,  10,  0, 0.0,  -1%, 165, 3.23, 220.89,
23.333333333333336, 100, 40, 30,  10,  10,  0, 0.0,  -1%, 180, 2.89, 230.16,
23.333333333333336, 100, 45, 30,  10,  0,  0, 0.0,  -1%, 15, 50.0, 41.79,
23.333333333333336, 100, 45, 30,  10,  8,  0, 0.0,  -1%, 30, 34.83, 125.8,
23.333333333333336, 100, 45, 30,  10,  10,  0, 0.0,  -1%, 45, 21.97, 147.55,
23.333333333333336, 100, 45, 30,  10,  10,  0, 0.0,  -1%, 60, 13.23, 171.03,
23.333333333333336, 100, 45, 30,  10,  10,  0, 0.0,  -1%, 75, 11.29, 177.07,
23.333333333333336, 100, 45, 30,  10,  10,  0, 0.0,  -1%, 90, 7.55, 179.02,
23.333333333333336, 100, 45, 30,  10,  10,  0, 0.0,  -1%, 115, 5.18, 193.57,
23.333333333333336, 100, 45, 30,  10,  10,  0, 0.0,  -1%, 150, 3.42, 221.81,
23.333333333333336, 100, 45, 30,  10,  10,  0, 0.0,  -1%, 165, 3.21, 234.12,
23.333333333333336, 100, 45, 30,  10,  10,  0, 0.0,  -1%, 180, 2.83, 220.46,
23.333333333333336, 100, 50, 30,  9,  0,  1, 10.0,  1.75%, 15, 49.99, 41.67,
23.333333333333336, 100, 50, 30,  10,  9,  0, 0.0,  -1%, 30, 39.27, 132.19,
23.333333333333336, 100, 50, 30,  10,  10,  0, 0.0,  -1%, 45, 21.42, 149.46,
23.333333333333336, 100, 50, 30,  10,  10,  0, 0.0,  -1%, 60, 16.13, 162.4,
23.333333333333336, 100, 50, 30,  10,  10,  0, 0.0,  -1%, 75, 9.18, 174.37,
23.333333333333336, 100, 50, 30,  10,  10,  0, 0.0,  -1%, 90, 8.22, 188.13,
23.333333333333336, 100, 50, 30,  10,  10,  0, 0.0,  -1%, 115, 5.35, 202.43,
23.333333333333336, 100, 50, 30,  10,  10,  0, 0.0,  -1%, 150, 3.32, 212.78,
23.333333333333336, 100, 50, 30,  10,  10,  0, 0.0,  -1%, 165, 2.93, 209.96,
23.333333333333336, 100, 50, 30,  10,  10,  0, 0.0,  -1%, 180, 2.58, 222.91,
46.66666666666667, 100, 5, 30,  0,  0,  10, 100.0,  32.92%, 15, 49.99, -28.5,
46.66666666666667, 100, 5, 30,  9,  0,  1, 10.0,  3.24%, 30, 50.0, 33.5,
46.66666666666667, 100, 5, 30,  10,  6,  0, 0.0,  -1%, 45, 46.49, 112.78,
46.66666666666667, 100, 5, 30,  10,  9,  0, 0.0,  -1%, 60, 34.88, 131.44,
46.66666666666667, 100, 5, 30,  10,  10,  0, 0.0,  -1%, 75, 27.04, 150.32,
46.66666666666667, 100, 5, 30,  10,  9,  0, 0.0,  -1%, 90, 21.78, 154.39,
46.66666666666667, 100, 5, 30,  10,  10,  0, 0.0,  -1%, 115, 14.72, 177.69,
46.66666666666667, 100, 5, 30,  10,  10,  0, 0.0,  -1%, 150, 11.1, 175.5,
46.66666666666667, 100, 5, 30,  10,  10,  0, 0.0,  -1%, 165, 11.98, 188.09,
46.66666666666667, 100, 5, 30,  10,  10,  0, 0.0,  -1%, 180, 8.05, 179.29,
46.66666666666667, 100, 10, 30,  0,  0,  10, 100.0,  34.33%, 15, 50.0, -26.83,
46.66666666666667, 100, 10, 30,  10,  2,  0, 0.0,  -1%, 30, 49.99, 51.96,
46.66666666666667, 100, 10, 30,  9,  8,  1, 10.0,  0.98%, 45, 49.13, 111.46,
46.66666666666667, 100, 10, 30,  10,  10,  0, 0.0,  -1%, 60, 30.82, 155.2,
46.66666666666667, 100, 10, 30,  10,  10,  0, 0.0,  -1%, 75, 24.63, 157.43,
46.66666666666667, 100, 10, 30,  10,  10,  0, 0.0,  -1%, 90, 20.67, 162.31,
46.66666666666667, 100, 10, 30,  10,  10,  0, 0.0,  -1%, 115, 13.35, 178.06,
46.66666666666667, 100, 10, 30,  10,  10,  0, 0.0,  -1%, 150, 9.6, 199.28,
46.66666666666667, 100, 10, 30,  10,  10,  0, 0.0,  -1%, 165, 8.85, 195.32,
46.66666666666667, 100, 10, 30,  10,  10,  0, 0.0,  -1%, 180, 6.8, 211.47,
46.66666666666667, 100, 15, 30,  0,  0,  10, 100.0,  28.12%, 15, 50.0, -23.33,
46.66666666666667, 100, 15, 30,  10,  1,  0, 0.0,  -1%, 30, 50.0, 47.38,
46.66666666666667, 100, 15, 30,  10,  7,  0, 0.0,  -1%, 45, 46.43, 132.33,
46.66666666666667, 100, 15, 30,  10,  9,  0, 0.0,  -1%, 60, 29.25, 145.89,
46.66666666666667, 100, 15, 30,  10,  10,  0, 0.0,  -1%, 75, 24.2, 164.81,
46.66666666666667, 100, 15, 30,  10,  10,  0, 0.0,  -1%, 90, 20.27, 169.94,
46.66666666666667, 100, 15, 30,  10,  10,  0, 0.0,  -1%, 115, 13.64, 188.38,
46.66666666666667, 100, 15, 30,  10,  10,  0, 0.0,  -1%, 150, 8.29, 192.31,
46.66666666666667, 100, 15, 30,  10,  10,  0, 0.0,  -1%, 165, 7.31, 207.15,
46.66666666666667, 100, 15, 30,  10,  10,  0, 0.0,  -1%, 180, 7.65, 210.84,
46.66666666666667, 100, 20, 30,  0,  0,  10, 100.0,  26.6%, 15, 49.99, -23.91,
46.66666666666667, 100, 20, 30,  10,  2,  0, 0.0,  -1%, 30, 50.0, 77.85,
46.66666666666667, 100, 20, 30,  10,  6,  0, 0.0,  -1%, 45, 49.7, 121.39,
46.66666666666667, 100, 20, 30,  10,  10,  0, 0.0,  -1%, 60, 26.08, 162.92,
46.66666666666667, 100, 20, 30,  10,  10,  0, 0.0,  -1%, 75, 24.4, 164.31,
46.66666666666667, 100, 20, 30,  10,  10,  0, 0.0,  -1%, 90, 17.06, 173.69,
46.66666666666667, 100, 20, 30,  10,  10,  0, 0.0,  -1%, 115, 11.95, 188.29,
46.66666666666667, 100, 20, 30,  10,  10,  0, 0.0,  -1%, 150, 9.3, 196.91,
46.66666666666667, 100, 20, 30,  10,  10,  0, 0.0,  -1%, 165, 7.35, 207.24,
46.66666666666667, 100, 20, 30,  10,  10,  0, 0.0,  -1%, 180, 6.84, 220.15,
46.66666666666667, 100, 25, 30,  0,  0,  10, 100.0,  29.24%, 15, 49.99, -25.83,
46.66666666666667, 100, 25, 30,  10,  2,  0, 0.0,  -1%, 30, 50.0, 82.04,
46.66666666666667, 100, 25, 30,  10,  7,  0, 0.0,  -1%, 45, 49.17, 137.93,
46.66666666666667, 100, 25, 30,  10,  10,  0, 0.0,  -1%, 60, 30.38, 158.97,
46.66666666666667, 100, 25, 30,  10,  10,  0, 0.0,  -1%, 75, 22.95, 167.74,
46.66666666666667, 100, 25, 30,  10,  10,  0, 0.0,  -1%, 90, 16.21, 171.92,
46.66666666666667, 100, 25, 30,  10,  10,  0, 0.0,  -1%, 115, 12.08, 188.36,
46.66666666666667, 100, 25, 30,  10,  10,  0, 0.0,  -1%, 150, 8.32, 213.6,
46.66666666666667, 100, 25, 30,  10,  10,  0, 0.0,  -1%, 165, 6.52, 206.35,
46.66666666666667, 100, 25, 30,  10,  10,  0, 0.0,  -1%, 180, 5.99, 218.93,
46.66666666666667, 100, 30, 30,  0,  0,  10, 100.0,  30.0%, 15, 50.0, -23.33,
46.66666666666667, 100, 30, 30,  10,  0,  0, 0.0,  -1%, 30, 49.99, 76.13,
46.66666666666667, 100, 30, 30,  10,  10,  0, 0.0,  -1%, 45, 39.78, 140.33,
46.66666666666667, 100, 30, 30,  10,  10,  0, 0.0,  -1%, 60, 31.66, 154.44,
46.66666666666667, 100, 30, 30,  10,  10,  0, 0.0,  -1%, 75, 21.68, 166.32,
46.66666666666667, 100, 30, 30,  10,  10,  0, 0.0,  -1%, 90, 17.12, 182.7,
46.66666666666667, 100, 30, 30,  10,  10,  0, 0.0,  -1%, 115, 12.17, 197.15,
46.66666666666667, 100, 30, 30,  10,  10,  0, 0.0,  -1%, 150, 7.18, 202.23,
46.66666666666667, 100, 30, 30,  10,  10,  0, 0.0,  -1%, 165, 6.72, 204.42,
46.66666666666667, 100, 30, 30,  10,  10,  0, 0.0,  -1%, 180, 5.43, 209.94,
46.66666666666667, 100, 35, 30,  0,  0,  10, 100.0,  27.98%, 15, 49.99, -20.52,
46.66666666666667, 100, 35, 30,  10,  1,  0, 0.0,  -1%, 30, 50.0, 67.67,
46.66666666666667, 100, 35, 30,  10,  10,  0, 0.0,  -1%, 45, 41.05, 137.21,
46.66666666666667, 100, 35, 30,  10,  10,  0, 0.0,  -1%, 60, 30.75, 164.01,
46.66666666666667, 100, 35, 30,  10,  10,  0, 0.0,  -1%, 75, 22.22, 172.98,
46.66666666666667, 100, 35, 30,  10,  10,  0, 0.0,  -1%, 90, 16.05, 179.45,
46.66666666666667, 100, 35, 30,  10,  10,  0, 0.0,  -1%, 115, 12.01, 191.66,
46.66666666666667, 100, 35, 30,  10,  10,  0, 0.0,  -1%, 150, 7.29, 207.59,
46.66666666666667, 100, 35, 30,  10,  10,  0, 0.0,  -1%, 165, 6.62, 222.4,
46.66666666666667, 100, 35, 30,  10,  10,  0, 0.0,  -1%, 180, 5.79, 210.93,
46.66666666666667, 100, 40, 30,  0,  0,  10, 100.0,  28.93%, 15, 50.0, -20.59,
46.66666666666667, 100, 40, 30,  10,  2,  0, 0.0,  -1%, 30, 49.99, 78.23,
46.66666666666667, 100, 40, 30,  10,  10,  0, 0.0,  -1%, 45, 40.66, 151.43,
46.66666666666667, 100, 40, 30,  10,  10,  0, 0.0,  -1%, 60, 30.41, 160.38,
46.66666666666667, 100, 40, 30,  10,  10,  0, 0.0,  -1%, 75, 18.54, 175.01,
46.66666666666667, 100, 40, 30,  10,  10,  0, 0.0,  -1%, 90, 18.08, 172.75,
46.66666666666667, 100, 40, 30,  10,  10,  0, 0.0,  -1%, 115, 11.26, 202.51,
46.66666666666667, 100, 40, 30,  10,  10,  0, 0.0,  -1%, 150, 7.24, 223.91,
46.66666666666667, 100, 40, 30,  10,  10,  0, 0.0,  -1%, 165, 6.83, 220.16,
46.66666666666667, 100, 40, 30,  10,  10,  0, 0.0,  -1%, 180, 5.65, 219.58,
46.66666666666667, 100, 45, 30,  0,  0,  10, 100.0,  24.13%, 15, 49.99, -15.62,
46.66666666666667, 100, 45, 30,  10,  3,  0, 0.0,  -1%, 30, 50.0, 79.73,
46.66666666666667, 100, 45, 30,  10,  10,  0, 0.0,  -1%, 45, 42.88, 127.93,
46.66666666666667, 100, 45, 30,  10,  10,  0, 0.0,  -1%, 60, 29.86, 152.19,
46.66666666666667, 100, 45, 30,  10,  10,  0, 0.0,  -1%, 75, 21.45, 168.84,
46.66666666666667, 100, 45, 30,  10,  10,  0, 0.0,  -1%, 90, 15.69, 184.68,
46.66666666666667, 100, 45, 30,  10,  10,  0, 0.0,  -1%, 115, 11.44, 198.76,
46.66666666666667, 100, 45, 30,  10,  10,  0, 0.0,  -1%, 150, 7.61, 209.06,
46.66666666666667, 100, 45, 30,  10,  10,  0, 0.0,  -1%, 165, 6.45, 218.55,
46.66666666666667, 100, 45, 30,  10,  10,  0, 0.0,  -1%, 180, 5.15, 224.65,
46.66666666666667, 100, 50, 30,  0,  0,  10, 100.0,  23.35%, 15, 49.99, -14.78,
46.66666666666667, 100, 50, 30,  10,  4,  0, 0.0,  -1%, 30, 50.0, 84.26,
46.66666666666667, 100, 50, 30,  10,  9,  0, 0.0,  -1%, 45, 45.43, 150.63,
46.66666666666667, 100, 50, 30,  10,  10,  0, 0.0,  -1%, 60, 26.83, 159.93,
46.66666666666667, 100, 50, 30,  10,  10,  0, 0.0,  -1%, 75, 23.82, 172.55,
46.66666666666667, 100, 50, 30,  10,  10,  0, 0.0,  -1%, 90, 14.68, 178.47,
46.66666666666667, 100, 50, 30,  10,  10,  0, 0.0,  -1%, 115, 11.66, 201.31,
46.66666666666667, 100, 50, 30,  10,  10,  0, 0.0,  -1%, 150, 6.59, 227.15,
46.66666666666667, 100, 50, 30,  10,  10,  0, 0.0,  -1%, 165, 6.88, 219.37,
46.66666666666667, 100, 50, 30,  10,  10,  0, 0.0,  -1%, 180, 5.2, 224.42,
46.66666666666667, 100, 5, 30,  0,  0,  10, 100.0,  30.23%, 15, 50.0, -23.87,
46.66666666666667, 100, 5, 30,  9,  0,  1, 10.0,  3.54%, 30, 49.99, 30.38,
46.66666666666667, 100, 5, 30,  10,  8,  0, 0.0,  -1%, 45, 46.9, 121.22,
46.66666666666667, 100, 5, 30,  10,  9,  0, 0.0,  -1%, 60, 34.28, 143.85,
46.66666666666667, 100, 5, 30,  10,  8,  0, 0.0,  -1%, 75, 29.32, 134.99,
46.66666666666667, 100, 5, 30,  10,  10,  0, 0.0,  -1%, 90, 23.26, 150.62,
46.66666666666667, 100, 5, 30,  10,  10,  0, 0.0,  -1%, 115, 17.32, 150.98,
46.66666666666667, 100, 5, 30,  10,  10,  0, 0.0,  -1%, 150, 13.1, 186.38,
46.66666666666667, 100, 5, 30,  10,  10,  0, 0.0,  -1%, 165, 10.13, 175.66,
46.66666666666667, 100, 5, 30,  10,  10,  0, 0.0,  -1%, 180, 7.74, 189.92,
46.66666666666667, 100, 10, 30,  0,  0,  10, 100.0,  35.38%, 15, 49.99, -32.4,
46.66666666666667, 100, 10, 30,  10,  0,  0, 0.0,  -1%, 30, 50.0, 50.17,
46.66666666666667, 100, 10, 30,  10,  7,  0, 0.0,  -1%, 45, 48.03, 120.43,
46.66666666666667, 100, 10, 30,  10,  10,  0, 0.0,  -1%, 60, 28.8, 145.75,
46.66666666666667, 100, 10, 30,  10,  10,  0, 0.0,  -1%, 75, 24.41, 164.39,
46.66666666666667, 100, 10, 30,  10,  10,  0, 0.0,  -1%, 90, 19.92, 159.54,
46.66666666666667, 100, 10, 30,  10,  10,  0, 0.0,  -1%, 115, 13.45, 186.61,
46.66666666666667, 100, 10, 30,  10,  10,  0, 0.0,  -1%, 150, 8.42, 184.52,
46.66666666666667, 100, 10, 30,  10,  10,  0, 0.0,  -1%, 165, 9.51, 217.97,
46.66666666666667, 100, 10, 30,  10,  10,  0, 0.0,  -1%, 180, 8.24, 212.36,
46.66666666666667, 100, 15, 30,  0,  0,  10, 100.0,  28.65%, 15, 50.0, -26.27,
46.66666666666667, 100, 15, 30,  10,  0,  0, 0.0,  -1%, 30, 50.0, 48.98,
46.66666666666667, 100, 15, 30,  10,  9,  0, 0.0,  -1%, 45, 45.46, 131.94,
46.66666666666667, 100, 15, 30,  10,  9,  0, 0.0,  -1%, 60, 27.62, 150.82,
46.66666666666667, 100, 15, 30,  10,  9,  0, 0.0,  -1%, 75, 26.64, 152.23,
46.66666666666667, 100, 15, 30,  10,  10,  0, 0.0,  -1%, 90, 18.16, 176.46,
46.66666666666667, 100, 15, 30,  10,  10,  0, 0.0,  -1%, 115, 13.99, 190.14,
46.66666666666667, 100, 15, 30,  10,  10,  0, 0.0,  -1%, 150, 10.78, 199.32,
46.66666666666667, 100, 15, 30,  10,  10,  0, 0.0,  -1%, 165, 7.5, 208.89,
46.66666666666667, 100, 15, 30,  10,  10,  0, 0.0,  -1%, 180, 7.3, 219.9,
46.66666666666667, 100, 20, 30,  1,  0,  9, 90.0,  27.3%, 15, 50.0, -23.68,
46.66666666666667, 100, 20, 30,  10,  2,  0, 0.0,  -1%, 30, 49.99, 76.28,
46.66666666666667, 100, 20, 30,  10,  8,  0, 0.0,  -1%, 45, 44.4, 141.66,
46.66666666666667, 100, 20, 30,  10,  10,  0, 0.0,  -1%, 60, 30.08, 158.52,
46.66666666666667, 100, 20, 30,  10,  10,  0, 0.0,  -1%, 75, 22.07, 167.85,
46.66666666666667, 100, 20, 30,  10,  10,  0, 0.0,  -1%, 90, 18.15, 190.72,
46.66666666666667, 100, 20, 30,  10,  10,  0, 0.0,  -1%, 115, 12.39, 182.93,
46.66666666666667, 100, 20, 30,  10,  10,  0, 0.0,  -1%, 150, 8.62, 199.45,
46.66666666666667, 100, 20, 30,  10,  10,  0, 0.0,  -1%, 165, 7.28, 214.51,
46.66666666666667, 100, 20, 30,  10,  10,  0, 0.0,  -1%, 180, 6.06, 216.7,
46.66666666666667, 100, 25, 30,  0,  0,  10, 100.0,  31.43%, 15, 50.0, -21.76,
46.66666666666667, 100, 25, 30,  10,  1,  0, 0.0,  -1%, 30, 50.0, 65.12,
46.66666666666667, 100, 25, 30,  10,  10,  0, 0.0,  -1%, 45, 39.42, 142.26,
46.66666666666667, 100, 25, 30,  10,  9,  0, 0.0,  -1%, 60, 29.89, 151.7,
46.66666666666667, 100, 25, 30,  10,  9,  0, 0.0,  -1%, 75, 25.79, 166.11,
46.66666666666667, 100, 25, 30,  10,  10,  0, 0.0,  -1%, 90, 17.6, 176.6,
46.66666666666667, 100, 25, 30,  10,  10,  0, 0.0,  -1%, 115, 11.03, 205.48,
46.66666666666667, 100, 25, 30,  10,  10,  0, 0.0,  -1%, 150, 7.85, 215.41,
46.66666666666667, 100, 25, 30,  10,  10,  0, 0.0,  -1%, 165, 6.83, 211.65,
46.66666666666667, 100, 25, 30,  10,  10,  0, 0.0,  -1%, 180, 6.55, 223.93,
46.66666666666667, 100, 30, 30,  0,  0,  10, 100.0,  31.9%, 15, 50.0, -25.4,
46.66666666666667, 100, 30, 30,  10,  3,  0, 0.0,  -1%, 30, 49.99, 60.67,
46.66666666666667, 100, 30, 30,  10,  10,  0, 0.0,  -1%, 45, 40.92, 133.32,
46.66666666666667, 100, 30, 30,  10,  10,  0, 0.0,  -1%, 60, 27.32, 151.65,
46.66666666666667, 100, 30, 30,  10,  10,  0, 0.0,  -1%, 75, 20.07, 176.34,
46.66666666666667, 100, 30, 30,  10,  10,  0, 0.0,  -1%, 90, 18.94, 180.14,
46.66666666666667, 100, 30, 30,  10,  10,  0, 0.0,  -1%, 115, 12.24, 201.04,
46.66666666666667, 100, 30, 30,  10,  10,  0, 0.0,  -1%, 150, 7.52, 214.33,
46.66666666666667, 100, 30, 30,  10,  10,  0, 0.0,  -1%, 165, 6.82, 219.06,
46.66666666666667, 100, 30, 30,  10,  10,  0, 0.0,  -1%, 180, 6.14, 227.23,
46.66666666666667, 100, 35, 30,  0,  0,  10, 100.0,  34.11%, 15, 49.99, -27.48,
46.66666666666667, 100, 35, 30,  10,  3,  0, 0.0,  -1%, 30, 49.99, 76.26,
46.66666666666667, 100, 35, 30,  10,  9,  0, 0.0,  -1%, 45, 42.63, 156.65,
46.66666666666667, 100, 35, 30,  10,  10,  0, 0.0,  -1%, 60, 25.73, 176.6,
46.66666666666667, 100, 35, 30,  10,  10,  0, 0.0,  -1%, 75, 21.0, 172.71,
46.66666666666667, 100, 35, 30,  10,  10,  0, 0.0,  -1%, 90, 15.0, 177.32,
46.66666666666667, 100, 35, 30,  10,  10,  0, 0.0,  -1%, 115, 10.27, 192.2,
46.66666666666667, 100, 35, 30,  10,  10,  0, 0.0,  -1%, 150, 8.52, 206.3,
46.66666666666667, 100, 35, 30,  10,  10,  0, 0.0,  -1%, 165, 7.18, 227.72,
46.66666666666667, 100, 35, 30,  10,  10,  0, 0.0,  -1%, 180, 6.79, 231.35,
46.66666666666667, 100, 40, 30,  0,  0,  10, 100.0,  27.87%, 15, 50.0, -21.68,
46.66666666666667, 100, 40, 30,  10,  0,  0, 0.0,  -1%, 30, 49.99, 70.04,
46.66666666666667, 100, 40, 30,  10,  9,  0, 0.0,  -1%, 45, 39.32, 150.2,
46.66666666666667, 100, 40, 30,  10,  10,  0, 0.0,  -1%, 60, 27.55, 160.12,
46.66666666666667, 100, 40, 30,  10,  10,  0, 0.0,  -1%, 75, 20.71, 166.03,
46.66666666666667, 100, 40, 30,  10,  10,  0, 0.0,  -1%, 90, 15.01, 176.63,
46.66666666666667, 100, 40, 30,  10,  10,  0, 0.0,  -1%, 115, 9.57, 197.66,
46.66666666666667, 100, 40, 30,  10,  10,  0, 0.0,  -1%, 150, 7.09, 205.08,
46.66666666666667, 100, 40, 30,  10,  10,  0, 0.0,  -1%, 165, 6.36, 212.12,
46.66666666666667, 100, 40, 30,  10,  10,  0, 0.0,  -1%, 180, 5.85, 230.73,
46.66666666666667, 100, 45, 30,  0,  0,  10, 100.0,  26.28%, 15, 49.99, -21.66,
46.66666666666667, 100, 45, 30,  10,  1,  0, 0.0,  -1%, 30, 50.0, 80.14,
46.66666666666667, 100, 45, 30,  10,  10,  0, 0.0,  -1%, 45, 36.14, 150.21,
46.66666666666667, 100, 45, 30,  10,  10,  0, 0.0,  -1%, 60, 30.32, 161.87,
46.66666666666667, 100, 45, 30,  10,  10,  0, 0.0,  -1%, 75, 21.02, 184.08,
46.66666666666667, 100, 45, 30,  10,  10,  0, 0.0,  -1%, 90, 17.33, 179.9,
46.66666666666667, 100, 45, 30,  10,  10,  0, 0.0,  -1%, 115, 11.77, 209.08,
46.66666666666667, 100, 45, 30,  10,  10,  0, 0.0,  -1%, 150, 7.57, 206.23,
46.66666666666667, 100, 45, 30,  10,  10,  0, 0.0,  -1%, 165, 5.76, 212.17,
46.66666666666667, 100, 45, 30,  10,  10,  0, 0.0,  -1%, 180, 5.2, 212.92,
46.66666666666667, 100, 50, 30,  0,  0,  10, 100.0,  28.34%, 15, 49.99, -21.61,
46.66666666666667, 100, 50, 30,  10,  3,  0, 0.0,  -1%, 30, 49.99, 94.53,
46.66666666666667, 100, 50, 30,  10,  10,  0, 0.0,  -1%, 45, 35.14, 150.67,
46.66666666666667, 100, 50, 30,  10,  10,  0, 0.0,  -1%, 60, 27.46, 165.23,
46.66666666666667, 100, 50, 30,  10,  10,  0, 0.0,  -1%, 75, 19.51, 170.16,
46.66666666666667, 100, 50, 30,  10,  10,  0, 0.0,  -1%, 90, 14.1, 179.28,
46.66666666666667, 100, 50, 30,  10,  10,  0, 0.0,  -1%, 115, 10.02, 200.18,
46.66666666666667, 100, 50, 30,  10,  10,  0, 0.0,  -1%, 150, 8.57, 214.21,
46.66666666666667, 100, 50, 30,  10,  10,  0, 0.0,  -1%, 165, 6.37, 219.64,
46.66666666666667, 100, 50, 30,  10,  10,  0, 0.0,  -1%, 180, 5.36, 219.18,
46.66666666666667, 100, 5, 30,  0,  0,  10, 100.0,  36.56%, 15, 49.99, -33.4,
46.66666666666667, 100, 5, 30,  9,  0,  1, 10.0,  0.46%, 30, 50.0, 57.49,
46.66666666666667, 100, 5, 30,  10,  5,  0, 0.0,  -1%, 45, 49.99, 99.42,
46.66666666666667, 100, 5, 30,  10,  9,  0, 0.0,  -1%, 60, 38.54, 138.53,
46.66666666666667, 100, 5, 30,  10,  10,  0, 0.0,  -1%, 75, 23.58, 166.06,
46.66666666666667, 100, 5, 30,  10,  10,  0, 0.0,  -1%, 90, 21.97, 154.16,
46.66666666666667, 100, 5, 30,  10,  10,  0, 0.0,  -1%, 115, 15.34, 156.49,
46.66666666666667, 100, 5, 30,  10,  10,  0, 0.0,  -1%, 150, 9.74, 169.67,
46.66666666666667, 100, 5, 30,  10,  10,  0, 0.0,  -1%, 165, 11.21, 177.7,
46.66666666666667, 100, 5, 30,  10,  10,  0, 0.0,  -1%, 180, 10.06, 184.65,
46.66666666666667, 100, 10, 30,  0,  0,  10, 100.0,  32.89%, 15, 50.0, -26.21,
46.66666666666667, 100, 10, 30,  10,  0,  0, 0.0,  -1%, 30, 49.99, 25.3,
46.66666666666667, 100, 10, 30,  10,  7,  0, 0.0,  -1%, 45, 46.25, 123.26,
46.66666666666667, 100, 10, 30,  10,  8,  0, 0.0,  -1%, 60, 37.56, 134.34,
46.66666666666667, 100, 10, 30,  10,  9,  0, 0.0,  -1%, 75, 26.69, 146.32,
46.66666666666667, 100, 10, 30,  10,  10,  0, 0.0,  -1%, 90, 18.86, 158.23,
46.66666666666667, 100, 10, 30,  10,  10,  0, 0.0,  -1%, 115, 13.55, 181.65,
46.66666666666667, 100, 10, 30,  10,  10,  0, 0.0,  -1%, 150, 10.12, 204.77,
46.66666666666667, 100, 10, 30,  10,  10,  0, 0.0,  -1%, 165, 9.06, 198.75,
46.66666666666667, 100, 10, 30,  10,  10,  0, 0.0,  -1%, 180, 6.94, 189.35,
46.66666666666667, 100, 15, 30,  0,  0,  10, 100.0,  25.58%, 15, 49.99, -20.48,
46.66666666666667, 100, 15, 30,  10,  0,  0, 0.0,  -1%, 30, 49.99, 38.47,
46.66666666666667, 100, 15, 30,  10,  8,  0, 0.0,  -1%, 45, 45.07, 126.46,
46.66666666666667, 100, 15, 30,  10,  10,  0, 0.0,  -1%, 60, 30.02, 146.71,
46.66666666666667, 100, 15, 30,  10,  10,  0, 0.0,  -1%, 75, 26.31, 167.43,
46.66666666666667, 100, 15, 30,  10,  10,  0, 0.0,  -1%, 90, 17.37, 174.36,
46.66666666666667, 100, 15, 30,  10,  10,  0, 0.0,  -1%, 115, 12.6, 184.1,
46.66666666666667, 100, 15, 30,  10,  10,  0, 0.0,  -1%, 150, 8.35, 188.32,
46.66666666666667, 100, 15, 30,  10,  10,  0, 0.0,  -1%, 165, 7.56, 192.61,
46.66666666666667, 100, 15, 30,  10,  10,  0, 0.0,  -1%, 180, 6.67, 208.07,
46.66666666666667, 100, 20, 30,  0,  0,  10, 100.0,  32.62%, 15, 49.99, -27.73,
46.66666666666667, 100, 20, 30,  8,  3,  2, 20.0,  0.65%, 30, 50.0, 49.82,
46.66666666666667, 100, 20, 30,  10,  9,  0, 0.0,  -1%, 45, 43.64, 141.68,
46.66666666666667, 100, 20, 30,  10,  10,  0, 0.0,  -1%, 60, 28.79, 158.49,
46.66666666666667, 100, 20, 30,  10,  10,  0, 0.0,  -1%, 75, 22.87, 172.51,
46.66666666666667, 100, 20, 30,  10,  10,  0, 0.0,  -1%, 90, 21.73, 167.74,
46.66666666666667, 100, 20, 30,  10,  10,  0, 0.0,  -1%, 115, 12.7, 194.17,
46.66666666666667, 100, 20, 30,  10,  10,  0, 0.0,  -1%, 150, 8.38, 197.81,
46.66666666666667, 100, 20, 30,  10,  10,  0, 0.0,  -1%, 165, 7.28, 205.56,
46.66666666666667, 100, 20, 30,  10,  10,  0, 0.0,  -1%, 180, 6.96, 209.96,
46.66666666666667, 100, 25, 30,  0,  0,  10, 100.0,  31.84%, 15, 49.99, -25.5,
46.66666666666667, 100, 25, 30,  10,  1,  0, 0.0,  -1%, 30, 49.99, 72.69,
46.66666666666667, 100, 25, 30,  10,  10,  0, 0.0,  -1%, 45, 46.71, 129.49,
46.66666666666667, 100, 25, 30,  10,  10,  0, 0.0,  -1%, 60, 27.15, 160.2,
46.66666666666667, 100, 25, 30,  10,  10,  0, 0.0,  -1%, 75, 23.84, 169.04,
46.66666666666667, 100, 25, 30,  10,  10,  0, 0.0,  -1%, 90, 18.17, 173.4,
46.66666666666667, 100, 25, 30,  10,  10,  0, 0.0,  -1%, 115, 12.02, 190.02,
46.66666666666667, 100, 25, 30,  10,  10,  0, 0.0,  -1%, 150, 7.85, 204.05,
46.66666666666667, 100, 25, 30,  10,  10,  0, 0.0,  -1%, 165, 6.52, 220.97,
46.66666666666667, 100, 25, 30,  10,  10,  0, 0.0,  -1%, 180, 6.28, 221.03,
46.66666666666667, 100, 30, 30,  0,  0,  10, 100.0,  32.63%, 15, 49.99, -24.18,
46.66666666666667, 100, 30, 30,  9,  1,  1, 10.0,  3.8%, 30, 49.99, 68.53,
46.66666666666667, 100, 30, 30,  10,  8,  0, 0.0,  -1%, 45, 45.41, 147.57,
46.66666666666667, 100, 30, 30,  10,  10,  0, 0.0,  -1%, 60, 25.72, 155.31,
46.66666666666667, 100, 30, 30,  10,  10,  0, 0.0,  -1%, 75, 23.93, 172.08,
46.66666666666667, 100, 30, 30,  10,  10,  0, 0.0,  -1%, 90, 16.88, 179.97,
46.66666666666667, 100, 30, 30,  10,  10,  0, 0.0,  -1%, 115, 12.2, 193.64,
46.66666666666667, 100, 30, 30,  10,  10,  0, 0.0,  -1%, 150, 8.68, 218.03,
46.66666666666667, 100, 30, 30,  10,  10,  0, 0.0,  -1%, 165, 6.68, 217.13,
46.66666666666667, 100, 30, 30,  10,  10,  0, 0.0,  -1%, 180, 5.57, 211.89,
46.66666666666667, 100, 35, 30,  0,  0,  10, 100.0,  35.45%, 15, 49.99, -28.78,
46.66666666666667, 100, 35, 30,  10,  1,  0, 0.0,  -1%, 30, 49.99, 70.93,
46.66666666666667, 100, 35, 30,  10,  9,  0, 0.0,  -1%, 45, 40.61, 148.47,
46.66666666666667, 100, 35, 30,  10,  10,  0, 0.0,  -1%, 60, 27.59, 172.19,
46.66666666666667, 100, 35, 30,  10,  10,  0, 0.0,  -1%, 75, 21.03, 186.57,
46.66666666666667, 100, 35, 30,  10,  10,  0, 0.0,  -1%, 90, 16.87, 185.1,
46.66666666666667, 100, 35, 30,  10,  10,  0, 0.0,  -1%, 115, 11.05, 194.98,
46.66666666666667, 100, 35, 30,  10,  10,  0, 0.0,  -1%, 150, 7.06, 195.03,
46.66666666666667, 100, 35, 30,  10,  10,  0, 0.0,  -1%, 165, 7.41, 216.98,
46.66666666666667, 100, 35, 30,  10,  10,  0, 0.0,  -1%, 180, 5.66, 217.77,
46.66666666666667, 100, 40, 30,  0,  0,  10, 100.0,  35.43%, 15, 50.0, -29.11,
46.66666666666667, 100, 40, 30,  10,  1,  0, 0.0,  -1%, 30, 50.0, 70.14,
46.66666666666667, 100, 40, 30,  10,  9,  0, 0.0,  -1%, 45, 40.11, 145.29,
46.66666666666667, 100, 40, 30,  10,  10,  0, 0.0,  -1%, 60, 27.27, 160.91,
46.66666666666667, 100, 40, 30,  10,  10,  0, 0.0,  -1%, 75, 20.64, 180.01,
46.66666666666667, 100, 40, 30,  10,  10,  0, 0.0,  -1%, 90, 15.43, 182.32,
46.66666666666667, 100, 40, 30,  10,  10,  0, 0.0,  -1%, 115, 10.61, 207.72,
46.66666666666667, 100, 40, 30,  10,  10,  0, 0.0,  -1%, 150, 7.92, 214.68,
46.66666666666667, 100, 40, 30,  10,  10,  0, 0.0,  -1%, 165, 6.95, 215.39,
46.66666666666667, 100, 40, 30,  10,  10,  0, 0.0,  -1%, 180, 5.3, 219.7,
46.66666666666667, 100, 45, 30,  1,  0,  9, 90.0,  28.67%, 15, 50.0, -24.35,
46.66666666666667, 100, 45, 30,  10,  2,  0, 0.0,  -1%, 30, 50.0, 74.52,
46.66666666666667, 100, 45, 30,  10,  10,  0, 0.0,  -1%, 45, 37.92, 138.0,
46.66666666666667, 100, 45, 30,  10,  10,  0, 0.0,  -1%, 60, 24.98, 156.18,
46.66666666666667, 100, 45, 30,  10,  10,  0, 0.0,  -1%, 75, 21.34, 168.77,
46.66666666666667, 100, 45, 30,  10,  10,  0, 0.0,  -1%, 90, 17.31, 180.42,
46.66666666666667, 100, 45, 30,  10,  10,  0, 0.0,  -1%, 115, 10.12, 191.77,
46.66666666666667, 100, 45, 30,  10,  10,  0, 0.0,  -1%, 150, 7.69, 219.27,
46.66666666666667, 100, 45, 30,  10,  10,  0, 0.0,  -1%, 165, 6.29, 216.16,
46.66666666666667, 100, 45, 30,  10,  10,  0, 0.0,  -1%, 180, 5.54, 217.5,
46.66666666666667, 100, 50, 30,  0,  0,  10, 100.0,  29.08%, 15, 50.0, -21.91,
46.66666666666667, 100, 50, 30,  10,  1,  0, 0.0,  -1%, 30, 50.0, 52.81,
46.66666666666667, 100, 50, 30,  10,  10,  0, 0.0,  -1%, 45, 43.62, 147.93,
46.66666666666667, 100, 50, 30,  10,  10,  0, 0.0,  -1%, 60, 26.77, 167.8,
46.66666666666667, 100, 50, 30,  10,  10,  0, 0.0,  -1%, 75, 19.37, 174.96,
46.66666666666667, 100, 50, 30,  10,  10,  0, 0.0,  -1%, 90, 17.56, 177.86,
46.66666666666667, 100, 50, 30,  10,  10,  0, 0.0,  -1%, 115, 11.22, 186.73,
46.66666666666667, 100, 50, 30,  10,  10,  0, 0.0,  -1%, 150, 6.99, 209.73,
46.66666666666667, 100, 50, 30,  10,  10,  0, 0.0,  -1%, 165, 6.19, 214.78,
46.66666666666667, 100, 50, 30,  10,  10,  0, 0.0,  -1%, 180, 5.16, 223.9,
46.66666666666667, 100, 5, 30,  0,  0,  10, 100.0,  36.1%, 15, 50.0, -28.5,
46.66666666666667, 100, 5, 30,  10,  0,  0, 0.0,  -1%, 30, 49.99, 45.49,
46.66666666666667, 100, 5, 30,  10,  6,  0, 0.0,  -1%, 45, 48.77, 104.95,
46.66666666666667, 100, 5, 30,  10,  10,  0, 0.0,  -1%, 60, 34.6, 135.41,
46.66666666666667, 100, 5, 30,  10,  10,  0, 0.0,  -1%, 75, 28.75, 150.65,
46.66666666666667, 100, 5, 30,  10,  10,  0, 0.0,  -1%, 90, 20.69, 157.51,
46.66666666666667, 100, 5, 30,  10,  10,  0, 0.0,  -1%, 115, 16.64, 169.14,
46.66666666666667, 100, 5, 30,  10,  10,  0, 0.0,  -1%, 150, 11.69, 169.45,
46.66666666666667, 100, 5, 30,  10,  10,  0, 0.0,  -1%, 165, 9.26, 187.97,
46.66666666666667, 100, 5, 30,  10,  10,  0, 0.0,  -1%, 180, 8.59, 197.88,
46.66666666666667, 100, 10, 30,  0,  0,  10, 100.0,  36.68%, 15, 50.0, -30.45,
46.66666666666667, 100, 10, 30,  10,  0,  0, 0.0,  -1%, 30, 49.99, 52.54,
46.66666666666667, 100, 10, 30,  10,  6,  0, 0.0,  -1%, 45, 42.74, 124.22,
46.66666666666667, 100, 10, 30,  10,  10,  0, 0.0,  -1%, 60, 33.85, 155.3,
46.66666666666667, 100, 10, 30,  10,  10,  0, 0.0,  -1%, 75, 27.63, 143.87,
46.66666666666667, 100, 10, 30,  10,  10,  0, 0.0,  -1%, 90, 19.51, 171.24,
46.66666666666667, 100, 10, 30,  10,  10,  0, 0.0,  -1%, 115, 13.61, 165.38,
46.66666666666667, 100, 10, 30,  10,  10,  0, 0.0,  -1%, 150, 9.96, 193.18,
46.66666666666667, 100, 10, 30,  10,  10,  0, 0.0,  -1%, 165, 8.33, 204.14,
46.66666666666667, 100, 10, 30,  10,  10,  0, 0.0,  -1%, 180, 7.27, 206.15,
46.66666666666667, 100, 15, 30,  0,  0,  10, 100.0,  31.93%, 15, 50.0, -25.51,
46.66666666666667, 100, 15, 30,  10,  0,  0, 0.0,  -1%, 30, 50.0, 54.87,
46.66666666666667, 100, 15, 30,  10,  8,  0, 0.0,  -1%, 45, 44.88, 130.01,
46.66666666666667, 100, 15, 30,  10,  9,  0, 0.0,  -1%, 60, 34.38, 146.86,
46.66666666666667, 100, 15, 30,  10,  10,  0, 0.0,  -1%, 75, 21.74, 160.74,
46.66666666666667, 100, 15, 30,  10,  10,  0, 0.0,  -1%, 90, 18.38, 163.74,
46.66666666666667, 100, 15, 30,  10,  10,  0, 0.0,  -1%, 115, 14.81, 183.17,
46.66666666666667, 100, 15, 30,  10,  10,  0, 0.0,  -1%, 150, 8.6, 201.17,
46.66666666666667, 100, 15, 30,  10,  10,  0, 0.0,  -1%, 165, 8.18, 197.01,
46.66666666666667, 100, 15, 30,  10,  10,  0, 0.0,  -1%, 180, 7.16, 211.63,
46.66666666666667, 100, 20, 30,  1,  0,  9, 90.0,  34.36%, 15, 49.99, -32.44,
46.66666666666667, 100, 20, 30,  9,  2,  1, 10.0,  1.17%, 30, 50.0, 67.65,
46.66666666666667, 100, 20, 30,  10,  8,  0, 0.0,  -1%, 45, 47.14, 133.09,
46.66666666666667, 100, 20, 30,  10,  10,  0, 0.0,  -1%, 60, 30.07, 143.13,
46.66666666666667, 100, 20, 30,  10,  10,  0, 0.0,  -1%, 75, 25.58, 165.29,
46.66666666666667, 100, 20, 30,  10,  10,  0, 0.0,  -1%, 90, 17.96, 172.42,
46.66666666666667, 100, 20, 30,  10,  10,  0, 0.0,  -1%, 115, 13.51, 180.85,
46.66666666666667, 100, 20, 30,  10,  10,  0, 0.0,  -1%, 150, 8.42, 190.66,
46.66666666666667, 100, 20, 30,  10,  10,  0, 0.0,  -1%, 165, 6.72, 210.46,
46.66666666666667, 100, 20, 30,  10,  10,  0, 0.0,  -1%, 180, 6.77, 201.68,
46.66666666666667, 100, 25, 30,  0,  0,  10, 100.0,  30.71%, 15, 50.0, -25.79,
46.66666666666667, 100, 25, 30,  10,  2,  0, 0.0,  -1%, 30, 50.0, 56.72,
46.66666666666667, 100, 25, 30,  10,  9,  0, 0.0,  -1%, 45, 40.41, 147.35,
46.66666666666667, 100, 25, 30,  10,  10,  0, 0.0,  -1%, 60, 30.69, 152.44,
46.66666666666667, 100, 25, 30,  10,  10,  0, 0.0,  -1%, 75, 21.06, 169.0,
46.66666666666667, 100, 25, 30,  10,  10,  0, 0.0,  -1%, 90, 15.97, 173.24,
46.66666666666667, 100, 25, 30,  10,  10,  0, 0.0,  -1%, 115, 11.52, 199.25,
46.66666666666667, 100, 25, 30,  10,  10,  0, 0.0,  -1%, 150, 7.81, 213.64,
46.66666666666667, 100, 25, 30,  10,  10,  0, 0.0,  -1%, 165, 7.02, 213.31,
46.66666666666667, 100, 25, 30,  10,  10,  0, 0.0,  -1%, 180, 6.14, 239.2,
46.66666666666667, 100, 30, 30,  0,  0,  10, 100.0,  28.28%, 15, 49.99, -20.72,
46.66666666666667, 100, 30, 30,  9,  1,  1, 10.0,  3.72%, 30, 49.99, 49.45,
46.66666666666667, 100, 30, 30,  10,  10,  0, 0.0,  -1%, 45, 41.38, 147.6,
46.66666666666667, 100, 30, 30,  10,  10,  0, 0.0,  -1%, 60, 26.74, 151.99,
46.66666666666667, 100, 30, 30,  10,  10,  0, 0.0,  -1%, 75, 20.24, 168.31,
46.66666666666667, 100, 30, 30,  10,  10,  0, 0.0,  -1%, 90, 16.11, 181.3,
46.66666666666667, 100, 30, 30,  10,  10,  0, 0.0,  -1%, 115, 13.0, 197.13,
46.66666666666667, 100, 30, 30,  10,  10,  0, 0.0,  -1%, 150, 8.2, 204.85,
46.66666666666667, 100, 30, 30,  10,  10,  0, 0.0,  -1%, 165, 6.49, 214.74,
46.66666666666667, 100, 30, 30,  10,  10,  0, 0.0,  -1%, 180, 5.86, 218.18,
46.66666666666667, 100, 35, 30,  0,  0,  10, 100.0,  22.46%, 15, 49.99, -16.81,
46.66666666666667, 100, 35, 30,  10,  1,  0, 0.0,  -1%, 30, 49.99, 48.63,
46.66666666666667, 100, 35, 30,  10,  10,  0, 0.0,  -1%, 45, 38.61, 149.2,
46.66666666666667, 100, 35, 30,  10,  10,  0, 0.0,  -1%, 60, 29.4, 153.76,
46.66666666666667, 100, 35, 30,  10,  10,  0, 0.0,  -1%, 75, 21.9, 167.24,
46.66666666666667, 100, 35, 30,  10,  10,  0, 0.0,  -1%, 90, 15.77, 182.3,
46.66666666666667, 100, 35, 30,  10,  10,  0, 0.0,  -1%, 115, 12.28, 205.24,
46.66666666666667, 100, 35, 30,  10,  10,  0, 0.0,  -1%, 150, 7.29, 207.77,
46.66666666666667, 100, 35, 30,  10,  10,  0, 0.0,  -1%, 165, 6.69, 220.55,
46.66666666666667, 100, 35, 30,  10,  10,  0, 0.0,  -1%, 180, 5.35, 213.33,
46.66666666666667, 100, 40, 30,  0,  0,  10, 100.0,  32.51%, 15, 50.0, -28.67,
46.66666666666667, 100, 40, 30,  10,  1,  0, 0.0,  -1%, 30, 50.0, 71.01,
46.66666666666667, 100, 40, 30,  10,  10,  0, 0.0,  -1%, 45, 42.85, 148.27,
46.66666666666667, 100, 40, 30,  10,  10,  0, 0.0,  -1%, 60, 27.48, 151.93,
46.66666666666667, 100, 40, 30,  10,  10,  0, 0.0,  -1%, 75, 20.38, 176.52,
46.66666666666667, 100, 40, 30,  10,  10,  0, 0.0,  -1%, 90, 14.95, 175.34,
46.66666666666667, 100, 40, 30,  10,  10,  0, 0.0,  -1%, 115, 10.04, 201.19,
46.66666666666667, 100, 40, 30,  10,  10,  0, 0.0,  -1%, 150, 7.6, 209.77,
46.66666666666667, 100, 40, 30,  10,  10,  0, 0.0,  -1%, 165, 6.41, 210.56,
46.66666666666667, 100, 40, 30,  10,  10,  0, 0.0,  -1%, 180, 5.62, 220.13,
46.66666666666667, 100, 45, 30,  0,  0,  10, 100.0,  30.99%, 15, 49.99, -23.84,
46.66666666666667, 100, 45, 30,  10,  0,  0, 0.0,  -1%, 30, 49.99, 58.67,
46.66666666666667, 100, 45, 30,  10,  9,  0, 0.0,  -1%, 45, 39.75, 142.67,
46.66666666666667, 100, 45, 30,  10,  10,  0, 0.0,  -1%, 60, 28.49, 160.12,
46.66666666666667, 100, 45, 30,  10,  10,  0, 0.0,  -1%, 75, 20.27, 177.46,
46.66666666666667, 100, 45, 30,  10,  10,  0, 0.0,  -1%, 90, 16.72, 188.7,
46.66666666666667, 100, 45, 30,  10,  10,  0, 0.0,  -1%, 115, 11.44, 204.66,
46.66666666666667, 100, 45, 30,  10,  10,  0, 0.0,  -1%, 150, 7.33, 213.45,
46.66666666666667, 100, 45, 30,  10,  10,  0, 0.0,  -1%, 165, 6.35, 213.73,
46.66666666666667, 100, 45, 30,  10,  10,  0, 0.0,  -1%, 180, 5.51, 225.62,
46.66666666666667, 100, 50, 30,  0,  0,  10, 100.0,  28.61%, 15, 49.99, -22.23,
46.66666666666667, 100, 50, 30,  10,  1,  0, 0.0,  -1%, 30, 49.99, 64.77,
46.66666666666667, 100, 50, 30,  10,  10,  0, 0.0,  -1%, 45, 37.72, 135.63,
46.66666666666667, 100, 50, 30,  10,  10,  0, 0.0,  -1%, 60, 26.47, 173.81,
46.66666666666667, 100, 50, 30,  10,  10,  0, 0.0,  -1%, 75, 20.12, 173.57,
46.66666666666667, 100, 50, 30,  10,  10,  0, 0.0,  -1%, 90, 15.46, 186.04,
46.66666666666667, 100, 50, 30,  10,  10,  0, 0.0,  -1%, 115, 10.22, 196.11,
46.66666666666667, 100, 50, 30,  10,  10,  0, 0.0,  -1%, 150, 6.6, 211.01,
46.66666666666667, 100, 50, 30,  10,  10,  0, 0.0,  -1%, 165, 7.76, 223.6,
46.66666666666667, 100, 50, 30,  10,  10,  0, 0.0,  -1%, 180, 5.47, 214.24,
46.66666666666667, 100, 5, 30,  0,  0,  10, 100.0,  36.55%, 15, 49.99, -28.66,
46.66666666666667, 100, 5, 30,  9,  0,  1, 10.0,  1.74%, 30, 49.99, 42.72,
46.66666666666667, 100, 5, 30,  10,  5,  0, 0.0,  -1%, 45, 43.82, 109.26,
46.66666666666667, 100, 5, 30,  10,  7,  0, 0.0,  -1%, 60, 38.85, 131.99,
46.66666666666667, 100, 5, 30,  10,  10,  0, 0.0,  -1%, 75, 25.88, 150.08,
46.66666666666667, 100, 5, 30,  10,  8,  0, 0.0,  -1%, 90, 24.09, 146.99,
46.66666666666667, 100, 5, 30,  10,  10,  0, 0.0,  -1%, 115, 15.61, 175.36,
46.66666666666667, 100, 5, 30,  10,  10,  0, 0.0,  -1%, 150, 10.57, 189.71,
46.66666666666667, 100, 5, 30,  10,  10,  0, 0.0,  -1%, 165, 11.4, 180.82,
46.66666666666667, 100, 5, 30,  10,  10,  0, 0.0,  -1%, 180, 8.06, 179.28,
46.66666666666667, 100, 10, 30,  0,  0,  10, 100.0,  42.53%, 15, 49.99, -38.02,
46.66666666666667, 100, 10, 30,  9,  0,  1, 10.0,  0.22%, 30, 49.99, 59.72,
46.66666666666667, 100, 10, 30,  10,  9,  0, 0.0,  -1%, 45, 45.72, 128.73,
46.66666666666667, 100, 10, 30,  10,  10,  0, 0.0,  -1%, 60, 34.41, 145.37,
46.66666666666667, 100, 10, 30,  10,  10,  0, 0.0,  -1%, 75, 21.58, 164.61,
46.66666666666667, 100, 10, 30,  10,  10,  0, 0.0,  -1%, 90, 20.46, 168.7,
46.66666666666667, 100, 10, 30,  10,  10,  0, 0.0,  -1%, 115, 13.54, 169.61,
46.66666666666667, 100, 10, 30,  10,  10,  0, 0.0,  -1%, 150, 10.91, 200.75,
46.66666666666667, 100, 10, 30,  10,  10,  0, 0.0,  -1%, 165, 8.12, 206.72,
46.66666666666667, 100, 10, 30,  10,  10,  0, 0.0,  -1%, 180, 7.24, 195.69,
46.66666666666667, 100, 15, 30,  0,  0,  10, 100.0,  32.05%, 15, 50.0, -21.11,
46.66666666666667, 100, 15, 30,  10,  0,  0, 0.0,  -1%, 30, 50.0, 49.79,
46.66666666666667, 100, 15, 30,  10,  8,  0, 0.0,  -1%, 45, 48.17, 142.21,
46.66666666666667, 100, 15, 30,  10,  10,  0, 0.0,  -1%, 60, 38.11, 148.43,
46.66666666666667, 100, 15, 30,  10,  10,  0, 0.0,  -1%, 75, 22.18, 163.38,
46.66666666666667, 100, 15, 30,  10,  10,  0, 0.0,  -1%, 90, 19.12, 168.0,
46.66666666666667, 100, 15, 30,  10,  10,  0, 0.0,  -1%, 115, 13.96, 167.56,
46.66666666666667, 100, 15, 30,  10,  10,  0, 0.0,  -1%, 150, 9.67, 208.42,
46.66666666666667, 100, 15, 30,  10,  10,  0, 0.0,  -1%, 165, 8.29, 220.07,
46.66666666666667, 100, 15, 30,  10,  10,  0, 0.0,  -1%, 180, 6.48, 214.68,
46.66666666666667, 100, 20, 30,  0,  0,  10, 100.0,  29.9%, 15, 49.99, -27.44,
46.66666666666667, 100, 20, 30,  10,  0,  0, 0.0,  -1%, 30, 49.99, 52.59,
46.66666666666667, 100, 20, 30,  10,  10,  0, 0.0,  -1%, 45, 47.44, 136.31,
46.66666666666667, 100, 20, 30,  10,  10,  0, 0.0,  -1%, 60, 28.81, 164.28,
46.66666666666667, 100, 20, 30,  10,  10,  0, 0.0,  -1%, 75, 21.09, 165.5,
46.66666666666667, 100, 20, 30,  10,  10,  0, 0.0,  -1%, 90, 17.26, 160.97,
46.66666666666667, 100, 20, 30,  10,  10,  0, 0.0,  -1%, 115, 13.8, 196.0,
46.66666666666667, 100, 20, 30,  10,  10,  0, 0.0,  -1%, 150, 10.19, 218.89,
46.66666666666667, 100, 20, 30,  10,  10,  0, 0.0,  -1%, 165, 7.19, 209.85,
46.66666666666667, 100, 20, 30,  10,  10,  0, 0.0,  -1%, 180, 6.29, 214.7,
46.66666666666667, 100, 25, 30,  0,  0,  10, 100.0,  34.42%, 15, 49.99, -26.56,
46.66666666666667, 100, 25, 30,  10,  0,  0, 0.0,  -1%, 30, 50.0, 62.17,
46.66666666666667, 100, 25, 30,  10,  9,  0, 0.0,  -1%, 45, 43.01, 139.83,
46.66666666666667, 100, 25, 30,  10,  10,  0, 0.0,  -1%, 60, 28.29, 169.96,
46.66666666666667, 100, 25, 30,  10,  10,  0, 0.0,  -1%, 75, 23.27, 162.53,
46.66666666666667, 100, 25, 30,  10,  10,  0, 0.0,  -1%, 90, 15.38, 181.07,
46.66666666666667, 100, 25, 30,  10,  10,  0, 0.0,  -1%, 115, 11.46, 183.56,
46.66666666666667, 100, 25, 30,  10,  10,  0, 0.0,  -1%, 150, 8.32, 212.45,
46.66666666666667, 100, 25, 30,  10,  10,  0, 0.0,  -1%, 165, 7.21, 196.74,
46.66666666666667, 100, 25, 30,  10,  10,  0, 0.0,  -1%, 180, 6.6, 212.59,
46.66666666666667, 100, 30, 30,  0,  0,  10, 100.0,  26.41%, 15, 49.99, -21.22,
46.66666666666667, 100, 30, 30,  10,  1,  0, 0.0,  -1%, 30, 50.0, 80.62,
46.66666666666667, 100, 30, 30,  10,  10,  0, 0.0,  -1%, 45, 41.26, 149.85,
46.66666666666667, 100, 30, 30,  10,  10,  0, 0.0,  -1%, 60, 30.16, 159.08,
46.66666666666667, 100, 30, 30,  10,  10,  0, 0.0,  -1%, 75, 23.32, 167.58,
46.66666666666667, 100, 30, 30,  10,  10,  0, 0.0,  -1%, 90, 18.03, 186.88,
46.66666666666667, 100, 30, 30,  10,  10,  0, 0.0,  -1%, 115, 11.09, 202.76,
46.66666666666667, 100, 30, 30,  10,  10,  0, 0.0,  -1%, 150, 8.21, 210.93,
46.66666666666667, 100, 30, 30,  10,  10,  0, 0.0,  -1%, 165, 7.08, 214.62,
46.66666666666667, 100, 30, 30,  10,  10,  0, 0.0,  -1%, 180, 6.35, 221.69,
46.66666666666667, 100, 35, 30,  0,  0,  10, 100.0,  30.4%, 15, 50.0, -22.75,
46.66666666666667, 100, 35, 30,  10,  2,  0, 0.0,  -1%, 30, 50.0, 67.94,
46.66666666666667, 100, 35, 30,  10,  7,  0, 0.0,  -1%, 45, 44.24, 143.57,
46.66666666666667, 100, 35, 30,  10,  10,  0, 0.0,  -1%, 60, 28.43, 155.1,
46.66666666666667, 100, 35, 30,  10,  10,  0, 0.0,  -1%, 75, 21.12, 167.89,
46.66666666666667, 100, 35, 30,  10,  10,  0, 0.0,  -1%, 90, 15.04, 179.33,
46.66666666666667, 100, 35, 30,  10,  10,  0, 0.0,  -1%, 115, 10.81, 188.34,
46.66666666666667, 100, 35, 30,  10,  10,  0, 0.0,  -1%, 150, 8.2, 209.42,
46.66666666666667, 100, 35, 30,  10,  10,  0, 0.0,  -1%, 165, 6.19, 209.09,
46.66666666666667, 100, 35, 30,  10,  10,  0, 0.0,  -1%, 180, 4.91, 207.18,
46.66666666666667, 100, 40, 30,  0,  0,  10, 100.0,  28.33%, 15, 49.99, -23.97,
46.66666666666667, 100, 40, 30,  10,  0,  0, 0.0,  -1%, 30, 49.99, 50.97,
46.66666666666667, 100, 40, 30,  10,  9,  0, 0.0,  -1%, 45, 37.07, 139.51,
46.66666666666667, 100, 40, 30,  10,  10,  0, 0.0,  -1%, 60, 28.39, 167.59,
46.66666666666667, 100, 40, 30,  10,  10,  0, 0.0,  -1%, 75, 20.17, 174.94,
46.66666666666667, 100, 40, 30,  10,  10,  0, 0.0,  -1%, 90, 18.18, 186.3,
46.66666666666667, 100, 40, 30,  10,  10,  0, 0.0,  -1%, 115, 12.33, 190.73,
46.66666666666667, 100, 40, 30,  10,  10,  0, 0.0,  -1%, 150, 7.96, 217.82,
46.66666666666667, 100, 40, 30,  10,  10,  0, 0.0,  -1%, 165, 6.7, 222.65,
46.66666666666667, 100, 40, 30,  10,  10,  0, 0.0,  -1%, 180, 6.35, 214.86,
46.66666666666667, 100, 45, 30,  0,  0,  10, 100.0,  22.8%, 15, 49.99, -15.33,
46.66666666666667, 100, 45, 30,  10,  4,  0, 0.0,  -1%, 30, 49.99, 80.42,
46.66666666666667, 100, 45, 30,  10,  10,  0, 0.0,  -1%, 45, 39.8, 138.05,
46.66666666666667, 100, 45, 30,  10,  10,  0, 0.0,  -1%, 60, 26.47, 157.99,
46.66666666666667, 100, 45, 30,  10,  10,  0, 0.0,  -1%, 75, 20.89, 183.83,
46.66666666666667, 100, 45, 30,  10,  10,  0, 0.0,  -1%, 90, 14.68, 188.55,
46.66666666666667, 100, 45, 30,  10,  10,  0, 0.0,  -1%, 115, 11.47, 201.59,
46.66666666666667, 100, 45, 30,  10,  10,  0, 0.0,  -1%, 150, 7.41, 206.36,
46.66666666666667, 100, 45, 30,  10,  10,  0, 0.0,  -1%, 165, 6.24, 214.89,
46.66666666666667, 100, 45, 30,  10,  10,  0, 0.0,  -1%, 180, 6.19, 250.11,
46.66666666666667, 100, 50, 30,  0,  0,  10, 100.0,  25.27%, 15, 49.99, -17.63,
46.66666666666667, 100, 50, 30,  10,  3,  0, 0.0,  -1%, 30, 49.99, 82.06,
46.66666666666667, 100, 50, 30,  10,  10,  0, 0.0,  -1%, 45, 40.25, 159.8,
46.66666666666667, 100, 50, 30,  10,  10,  0, 0.0,  -1%, 60, 27.02, 168.9,
46.66666666666667, 100, 50, 30,  10,  10,  0, 0.0,  -1%, 75, 19.87, 176.53,
46.66666666666667, 100, 50, 30,  10,  10,  0, 0.0,  -1%, 90, 15.92, 178.99,
46.66666666666667, 100, 50, 30,  10,  10,  0, 0.0,  -1%, 115, 11.49, 203.67,
46.66666666666667, 100, 50, 30,  10,  10,  0, 0.0,  -1%, 150, 7.83, 221.64,
46.66666666666667, 100, 50, 30,  10,  10,  0, 0.0,  -1%, 165, 6.22, 216.25,
46.66666666666667, 100, 50, 30,  10,  10,  0, 0.0,  -1%, 180, 5.43, 228.58,
46.66666666666667, 100, 5, 30,  0,  0,  10, 100.0,  41.73%, 15, 49.98, -36.87,
46.66666666666667, 100, 5, 30,  10,  0,  0, 0.0,  -1%, 30, 49.99, 44.73,
46.66666666666667, 100, 5, 30,  10,  9,  0, 0.0,  -1%, 45, 48.3, 124.04,
46.66666666666667, 100, 5, 30,  10,  9,  0, 0.0,  -1%, 60, 39.68, 135.96,
46.66666666666667, 100, 5, 30,  10,  10,  0, 0.0,  -1%, 75, 29.24, 126.68,
46.66666666666667, 100, 5, 30,  10,  10,  0, 0.0,  -1%, 90, 23.03, 154.1,
46.66666666666667, 100, 5, 30,  10,  10,  0, 0.0,  -1%, 115, 19.04, 158.71,
46.66666666666667, 100, 5, 30,  10,  10,  0, 0.0,  -1%, 150, 9.26, 160.49,
46.66666666666667, 100, 5, 30,  10,  10,  0, 0.0,  -1%, 165, 8.94, 176.99,
46.66666666666667, 100, 5, 30,  10,  10,  0, 0.0,  -1%, 180, 8.63, 190.94,
46.66666666666667, 100, 10, 30,  0,  0,  10, 100.0,  38.5%, 15, 50.0, -31.58,
46.66666666666667, 100, 10, 30,  9,  0,  1, 10.0,  1.85%, 30, 50.0, 64.24,
46.66666666666667, 100, 10, 30,  10,  8,  0, 0.0,  -1%, 45, 48.93, 119.9,
46.66666666666667, 100, 10, 30,  10,  10,  0, 0.0,  -1%, 60, 33.73, 144.19,
46.66666666666667, 100, 10, 30,  10,  9,  0, 0.0,  -1%, 75, 26.27, 141.69,
46.66666666666667, 100, 10, 30,  10,  10,  0, 0.0,  -1%, 90, 15.69, 176.68,
46.66666666666667, 100, 10, 30,  10,  10,  0, 0.0,  -1%, 115, 14.55, 162.88,
46.66666666666667, 100, 10, 30,  10,  10,  0, 0.0,  -1%, 150, 9.44, 188.36,
46.66666666666667, 100, 10, 30,  10,  10,  0, 0.0,  -1%, 165, 8.94, 189.08,
46.66666666666667, 100, 10, 30,  10,  10,  0, 0.0,  -1%, 180, 7.31, 206.33,
46.66666666666667, 100, 15, 30,  0,  0,  10, 100.0,  37.79%, 15, 50.0, -31.12,
46.66666666666667, 100, 15, 30,  10,  0,  0, 0.0,  -1%, 30, 49.99, 47.55,
46.66666666666667, 100, 15, 30,  10,  9,  0, 0.0,  -1%, 45, 42.28, 139.89,
46.66666666666667, 100, 15, 30,  10,  10,  0, 0.0,  -1%, 60, 32.13, 149.38,
46.66666666666667, 100, 15, 30,  10,  10,  0, 0.0,  -1%, 75, 22.3, 169.98,
46.66666666666667, 100, 15, 30,  10,  10,  0, 0.0,  -1%, 90, 17.42, 168.84,
46.66666666666667, 100, 15, 30,  10,  10,  0, 0.0,  -1%, 115, 14.01, 189.51,
46.66666666666667, 100, 15, 30,  10,  10,  0, 0.0,  -1%, 150, 7.87, 188.95,
46.66666666666667, 100, 15, 30,  10,  10,  0, 0.0,  -1%, 165, 8.59, 205.0,
46.66666666666667, 100, 15, 30,  10,  10,  0, 0.0,  -1%, 180, 7.91, 203.17,
46.66666666666667, 100, 20, 30,  0,  0,  10, 100.0,  32.24%, 15, 49.99, -26.8,
46.66666666666667, 100, 20, 30,  8,  1,  2, 20.0,  1.12%, 30, 49.99, 56.12,
46.66666666666667, 100, 20, 30,  10,  8,  0, 0.0,  -1%, 45, 41.64, 141.38,
46.66666666666667, 100, 20, 30,  10,  10,  0, 0.0,  -1%, 60, 30.46, 155.37,
46.66666666666667, 100, 20, 30,  10,  10,  0, 0.0,  -1%, 75, 24.27, 157.12,
46.66666666666667, 100, 20, 30,  10,  10,  0, 0.0,  -1%, 90, 16.98, 181.23,
46.66666666666667, 100, 20, 30,  10,  10,  0, 0.0,  -1%, 115, 14.33, 184.42,
46.66666666666667, 100, 20, 30,  10,  10,  0, 0.0,  -1%, 150, 7.57, 207.13,
46.66666666666667, 100, 20, 30,  10,  10,  0, 0.0,  -1%, 165, 8.19, 208.76,
46.66666666666667, 100, 20, 30,  10,  10,  0, 0.0,  -1%, 180, 6.83, 202.37,
46.66666666666667, 100, 25, 30,  0,  0,  10, 100.0,  29.37%, 15, 50.0, -18.58,
46.66666666666667, 100, 25, 30,  10,  1,  0, 0.0,  -1%, 30, 49.99, 57.11,
46.66666666666667, 100, 25, 30,  10,  10,  0, 0.0,  -1%, 45, 45.84, 137.22,
46.66666666666667, 100, 25, 30,  10,  10,  0, 0.0,  -1%, 60, 28.24, 160.03,
46.66666666666667, 100, 25, 30,  10,  10,  0, 0.0,  -1%, 75, 22.62, 172.81,
46.66666666666667, 100, 25, 30,  10,  10,  0, 0.0,  -1%, 90, 16.75, 179.28,
46.66666666666667, 100, 25, 30,  10,  10,  0, 0.0,  -1%, 115, 10.35, 187.47,
46.66666666666667, 100, 25, 30,  10,  10,  0, 0.0,  -1%, 150, 8.71, 202.37,
46.66666666666667, 100, 25, 30,  10,  10,  0, 0.0,  -1%, 165, 7.61, 218.41,
46.66666666666667, 100, 25, 30,  10,  10,  0, 0.0,  -1%, 180, 5.6, 209.74,
46.66666666666667, 100, 30, 30,  0,  0,  10, 100.0,  32.55%, 15, 49.99, -29.21,
46.66666666666667, 100, 30, 30,  10,  0,  0, 0.0,  -1%, 30, 50.0, 72.76,
46.66666666666667, 100, 30, 30,  10,  10,  0, 0.0,  -1%, 45, 44.14, 150.77,
46.66666666666667, 100, 30, 30,  10,  10,  0, 0.0,  -1%, 60, 32.2, 145.17,
46.66666666666667, 100, 30, 30,  10,  10,  0, 0.0,  -1%, 75, 21.64, 163.54,
46.66666666666667, 100, 30, 30,  10,  10,  0, 0.0,  -1%, 90, 15.26, 176.55,
46.66666666666667, 100, 30, 30,  10,  10,  0, 0.0,  -1%, 115, 11.37, 199.49,
46.66666666666667, 100, 30, 30,  10,  10,  0, 0.0,  -1%, 150, 7.69, 209.08,
46.66666666666667, 100, 30, 30,  10,  10,  0, 0.0,  -1%, 165, 6.91, 219.5,
46.66666666666667, 100, 30, 30,  10,  10,  0, 0.0,  -1%, 180, 5.56, 219.97,
46.66666666666667, 100, 35, 30,  0,  0,  10, 100.0,  28.18%, 15, 49.99, -21.17,
46.66666666666667, 100, 35, 30,  10,  1,  0, 0.0,  -1%, 30, 50.0, 67.9,
46.66666666666667, 100, 35, 30,  10,  9,  0, 0.0,  -1%, 45, 43.66, 131.63,
46.66666666666667, 100, 35, 30,  10,  10,  0, 0.0,  -1%, 60, 28.59, 161.12,
46.66666666666667, 100, 35, 30,  10,  10,  0, 0.0,  -1%, 75, 21.59, 169.66,
46.66666666666667, 100, 35, 30,  10,  10,  0, 0.0,  -1%, 90, 15.69, 180.62,
46.66666666666667, 100, 35, 30,  10,  10,  0, 0.0,  -1%, 115, 11.01, 186.99,
46.66666666666667, 100, 35, 30,  10,  10,  0, 0.0,  -1%, 150, 7.7, 213.94,
46.66666666666667, 100, 35, 30,  10,  10,  0, 0.0,  -1%, 165, 7.52, 215.08,
46.66666666666667, 100, 35, 30,  10,  10,  0, 0.0,  -1%, 180, 5.71, 224.09,
46.66666666666667, 100, 40, 30,  1,  0,  9, 90.0,  27.12%, 15, 49.99, -23.49,
46.66666666666667, 100, 40, 30,  10,  0,  0, 0.0,  -1%, 30, 49.99, 84.71,
46.66666666666667, 100, 40, 30,  10,  10,  0, 0.0,  -1%, 45, 41.54, 152.24,
46.66666666666667, 100, 40, 30,  10,  10,  0, 0.0,  -1%, 60, 28.37, 168.73,
46.66666666666667, 100, 40, 30,  10,  10,  0, 0.0,  -1%, 75, 21.15, 181.23,
46.66666666666667, 100, 40, 30,  10,  10,  0, 0.0,  -1%, 90, 16.82, 181.07,
46.66666666666667, 100, 40, 30,  10,  10,  0, 0.0,  -1%, 115, 11.28, 187.91,
46.66666666666667, 100, 40, 30,  10,  10,  0, 0.0,  -1%, 150, 7.55, 207.54,
46.66666666666667, 100, 40, 30,  10,  10,  0, 0.0,  -1%, 165, 6.7, 220.12,
46.66666666666667, 100, 40, 30,  10,  10,  0, 0.0,  -1%, 180, 5.53, 234.24,
46.66666666666667, 100, 45, 30,  1,  0,  9, 90.0,  26.04%, 15, 50.0, -23.37,
46.66666666666667, 100, 45, 30,  10,  1,  0, 0.0,  -1%, 30, 49.99, 50.77,
46.66666666666667, 100, 45, 30,  10,  10,  0, 0.0,  -1%, 45, 41.22, 147.64,
46.66666666666667, 100, 45, 30,  10,  10,  0, 0.0,  -1%, 60, 28.38, 156.44,
46.66666666666667, 100, 45, 30,  10,  10,  0, 0.0,  -1%, 75, 19.6, 173.14,
46.66666666666667, 100, 45, 30,  10,  10,  0, 0.0,  -1%, 90, 16.29, 186.68,
46.66666666666667, 100, 45, 30,  10,  10,  0, 0.0,  -1%, 115, 9.98, 192.57,
46.66666666666667, 100, 45, 30,  10,  10,  0, 0.0,  -1%, 150, 6.97, 204.2,
46.66666666666667, 100, 45, 30,  10,  10,  0, 0.0,  -1%, 165, 6.33, 224.81,
46.66666666666667, 100, 45, 30,  10,  10,  0, 0.0,  -1%, 180, 5.41, 226.21,
46.66666666666667, 100, 50, 30,  1,  0,  9, 90.0,  22.41%, 15, 49.99, -18.53,
46.66666666666667, 100, 50, 30,  10,  0,  0, 0.0,  -1%, 30, 50.0, 55.88,
46.66666666666667, 100, 50, 30,  10,  10,  0, 0.0,  -1%, 45, 40.61, 152.47,
46.66666666666667, 100, 50, 30,  10,  10,  0, 0.0,  -1%, 60, 26.61, 156.42,
46.66666666666667, 100, 50, 30,  10,  10,  0, 0.0,  -1%, 75, 18.02, 165.49,
46.66666666666667, 100, 50, 30,  10,  10,  0, 0.0,  -1%, 90, 15.3, 194.29,
46.66666666666667, 100, 50, 30,  10,  10,  0, 0.0,  -1%, 115, 12.21, 194.38,
46.66666666666667, 100, 50, 30,  10,  10,  0, 0.0,  -1%, 150, 7.59, 220.91,
46.66666666666667, 100, 50, 30,  10,  10,  0, 0.0,  -1%, 165, 6.54, 214.41,
46.66666666666667, 100, 50, 30,  10,  10,  0, 0.0,  -1%, 180, 5.04, 223.21,
46.66666666666667, 100, 5, 30,  0,  0,  10, 100.0,  37.76%, 15, 49.99, -30.27,
46.66666666666667, 100, 5, 30,  8,  0,  2, 20.0,  2.63%, 30, 50.0, 15.96,
46.66666666666667, 100, 5, 30,  10,  9,  0, 0.0,  -1%, 45, 48.21, 136.45,
46.66666666666667, 100, 5, 30,  10,  7,  0, 0.0,  -1%, 60, 36.15, 121.32,
46.66666666666667, 100, 5, 30,  10,  10,  0, 0.0,  -1%, 75, 25.29, 135.14,
46.66666666666667, 100, 5, 30,  10,  9,  0, 0.0,  -1%, 90, 20.9, 145.87,
46.66666666666667, 100, 5, 30,  10,  10,  0, 0.0,  -1%, 115, 15.63, 173.97,
46.66666666666667, 100, 5, 30,  10,  10,  0, 0.0,  -1%, 150, 10.8, 166.17,
46.66666666666667, 100, 5, 30,  10,  10,  0, 0.0,  -1%, 165, 9.96, 184.92,
46.66666666666667, 100, 5, 30,  10,  10,  0, 0.0,  -1%, 180, 8.0, 192.87,
46.66666666666667, 100, 10, 30,  0,  0,  10, 100.0,  34.88%, 15, 49.99, -29.18,
46.66666666666667, 100, 10, 30,  9,  0,  1, 10.0,  0.51%, 30, 50.0, 70.97,
46.66666666666667, 100, 10, 30,  10,  8,  0, 0.0,  -1%, 45, 48.4, 136.24,
46.66666666666667, 100, 10, 30,  10,  10,  0, 0.0,  -1%, 60, 35.32, 140.88,
46.66666666666667, 100, 10, 30,  10,  9,  0, 0.0,  -1%, 75, 34.49, 142.0,
46.66666666666667, 100, 10, 30,  10,  10,  0, 0.0,  -1%, 90, 20.49, 163.38,
46.66666666666667, 100, 10, 30,  10,  10,  0, 0.0,  -1%, 115, 13.14, 160.57,
46.66666666666667, 100, 10, 30,  10,  10,  0, 0.0,  -1%, 150, 9.23, 199.12,
46.66666666666667, 100, 10, 30,  10,  10,  0, 0.0,  -1%, 165, 8.01, 199.8,
46.66666666666667, 100, 10, 30,  10,  10,  0, 0.0,  -1%, 180, 7.4, 198.74,
46.66666666666667, 100, 15, 30,  0,  0,  10, 100.0,  31.98%, 15, 50.0, -28.04,
46.66666666666667, 100, 15, 30,  9,  1,  1, 10.0,  2.22%, 30, 49.99, 49.13,
46.66666666666667, 100, 15, 30,  10,  10,  0, 0.0,  -1%, 45, 41.86, 140.07,
46.66666666666667, 100, 15, 30,  10,  10,  0, 0.0,  -1%, 60, 31.0, 136.73,
46.66666666666667, 100, 15, 30,  10,  10,  0, 0.0,  -1%, 75, 23.48, 155.2,
46.66666666666667, 100, 15, 30,  10,  10,  0, 0.0,  -1%, 90, 18.01, 178.4,
46.66666666666667, 100, 15, 30,  10,  10,  0, 0.0,  -1%, 115, 11.26, 180.69,
46.66666666666667, 100, 15, 30,  10,  10,  0, 0.0,  -1%, 150, 8.42, 205.87,
46.66666666666667, 100, 15, 30,  10,  10,  0, 0.0,  -1%, 165, 7.38, 196.89,
46.66666666666667, 100, 15, 30,  10,  10,  0, 0.0,  -1%, 180, 7.13, 218.77,
46.66666666666667, 100, 20, 30,  0,  0,  10, 100.0,  30.56%, 15, 50.0, -22.01,
46.66666666666667, 100, 20, 30,  10,  2,  0, 0.0,  -1%, 30, 50.0, 58.91,
46.66666666666667, 100, 20, 30,  10,  10,  0, 0.0,  -1%, 45, 43.21, 137.22,
46.66666666666667, 100, 20, 30,  10,  9,  0, 0.0,  -1%, 60, 28.62, 151.94,
46.66666666666667, 100, 20, 30,  10,  10,  0, 0.0,  -1%, 75, 22.49, 161.42,
46.66666666666667, 100, 20, 30,  10,  10,  0, 0.0,  -1%, 90, 18.01, 168.43,
46.66666666666667, 100, 20, 30,  10,  10,  0, 0.0,  -1%, 115, 11.9, 190.19,
46.66666666666667, 100, 20, 30,  10,  10,  0, 0.0,  -1%, 150, 7.7, 210.51,
46.66666666666667, 100, 20, 30,  10,  10,  0, 0.0,  -1%, 165, 7.29, 207.92,
46.66666666666667, 100, 20, 30,  10,  10,  0, 0.0,  -1%, 180, 6.06, 217.93,
46.66666666666667, 100, 25, 30,  0,  0,  10, 100.0,  28.85%, 15, 50.0, -22.88,
46.66666666666667, 100, 25, 30,  9,  1,  1, 10.0,  3.09%, 30, 49.99, 70.47,
46.66666666666667, 100, 25, 30,  10,  9,  0, 0.0,  -1%, 45, 44.26, 125.17,
46.66666666666667, 100, 25, 30,  10,  10,  0, 0.0,  -1%, 60, 30.34, 152.23,
46.66666666666667, 100, 25, 30,  10,  10,  0, 0.0,  -1%, 75, 23.41, 165.22,
46.66666666666667, 100, 25, 30,  10,  10,  0, 0.0,  -1%, 90, 16.33, 188.07,
46.66666666666667, 100, 25, 30,  10,  10,  0, 0.0,  -1%, 115, 11.9, 183.12,
46.66666666666667, 100, 25, 30,  10,  10,  0, 0.0,  -1%, 150, 8.37, 204.46,
46.66666666666667, 100, 25, 30,  10,  10,  0, 0.0,  -1%, 165, 7.15, 205.59,
46.66666666666667, 100, 25, 30,  10,  10,  0, 0.0,  -1%, 180, 6.22, 218.73,
46.66666666666667, 100, 30, 30,  0,  0,  10, 100.0,  32.18%, 15, 49.99, -26.44,
46.66666666666667, 100, 30, 30,  10,  1,  0, 0.0,  -1%, 30, 50.0, 63.21,
46.66666666666667, 100, 30, 30,  10,  10,  0, 0.0,  -1%, 45, 44.63, 144.92,
46.66666666666667, 100, 30, 30,  10,  10,  0, 0.0,  -1%, 60, 29.54, 159.94,
46.66666666666667, 100, 30, 30,  10,  10,  0, 0.0,  -1%, 75, 20.92, 160.5,
46.66666666666667, 100, 30, 30,  10,  10,  0, 0.0,  -1%, 90, 16.98, 177.42,
46.66666666666667, 100, 30, 30,  10,  10,  0, 0.0,  -1%, 115, 13.27, 208.11,
46.66666666666667, 100, 30, 30,  10,  10,  0, 0.0,  -1%, 150, 7.45, 218.38,
46.66666666666667, 100, 30, 30,  10,  10,  0, 0.0,  -1%, 165, 7.53, 216.56,
46.66666666666667, 100, 30, 30,  10,  10,  0, 0.0,  -1%, 180, 5.66, 222.25,
46.66666666666667, 100, 35, 30,  0,  0,  10, 100.0,  21.4%, 15, 49.99, -13.97,
46.66666666666667, 100, 35, 30,  10,  1,  0, 0.0,  -1%, 30, 50.0, 52.79,
46.66666666666667, 100, 35, 30,  10,  10,  0, 0.0,  -1%, 45, 39.65, 142.45,
46.66666666666667, 100, 35, 30,  10,  10,  0, 0.0,  -1%, 60, 27.98, 150.32,
46.66666666666667, 100, 35, 30,  10,  10,  0, 0.0,  -1%, 75, 20.17, 179.25,
46.66666666666667, 100, 35, 30,  10,  10,  0, 0.0,  -1%, 90, 16.62, 179.82,
46.66666666666667, 100, 35, 30,  10,  10,  0, 0.0,  -1%, 115, 10.63, 197.58,
46.66666666666667, 100, 35, 30,  10,  10,  0, 0.0,  -1%, 150, 7.02, 212.62,
46.66666666666667, 100, 35, 30,  10,  10,  0, 0.0,  -1%, 165, 6.71, 214.56,
46.66666666666667, 100, 35, 30,  10,  10,  0, 0.0,  -1%, 180, 6.24, 223.03,
46.66666666666667, 100, 40, 30,  0,  0,  10, 100.0,  30.63%, 15, 49.99, -23.14,
46.66666666666667, 100, 40, 30,  10,  3,  0, 0.0,  -1%, 30, 50.0, 76.32,
46.66666666666667, 100, 40, 30,  10,  10,  0, 0.0,  -1%, 45, 40.81, 156.49,
46.66666666666667, 100, 40, 30,  10,  10,  0, 0.0,  -1%, 60, 29.26, 168.97,
46.66666666666667, 100, 40, 30,  10,  10,  0, 0.0,  -1%, 75, 20.27, 172.3,
46.66666666666667, 100, 40, 30,  10,  10,  0, 0.0,  -1%, 90, 15.91, 188.87,
46.66666666666667, 100, 40, 30,  10,  10,  0, 0.0,  -1%, 115, 10.67, 188.36,
46.66666666666667, 100, 40, 30,  10,  10,  0, 0.0,  -1%, 150, 7.19, 210.52,
46.66666666666667, 100, 40, 30,  10,  10,  0, 0.0,  -1%, 165, 7.34, 215.45,
46.66666666666667, 100, 40, 30,  10,  10,  0, 0.0,  -1%, 180, 5.77, 221.82,
46.66666666666667, 100, 45, 30,  0,  0,  10, 100.0,  27.37%, 15, 49.99, -17.63,
46.66666666666667, 100, 45, 30,  10,  2,  0, 0.0,  -1%, 30, 49.99, 61.68,
46.66666666666667, 100, 45, 30,  10,  10,  0, 0.0,  -1%, 45, 42.03, 143.4,
46.66666666666667, 100, 45, 30,  10,  10,  0, 0.0,  -1%, 60, 27.44, 165.65,
46.66666666666667, 100, 45, 30,  10,  10,  0, 0.0,  -1%, 75, 23.57, 165.74,
46.66666666666667, 100, 45, 30,  10,  10,  0, 0.0,  -1%, 90, 16.82, 181.74,
46.66666666666667, 100, 45, 30,  10,  10,  0, 0.0,  -1%, 115, 11.34, 192.04,
46.66666666666667, 100, 45, 30,  10,  10,  0, 0.0,  -1%, 150, 7.3, 199.07,
46.66666666666667, 100, 45, 30,  10,  10,  0, 0.0,  -1%, 165, 6.47, 210.8,
46.66666666666667, 100, 45, 30,  10,  10,  0, 0.0,  -1%, 180, 5.91, 215.51,
46.66666666666667, 100, 50, 30,  0,  0,  10, 100.0,  28.34%, 15, 50.0, -21.06,
46.66666666666667, 100, 50, 30,  10,  2,  0, 0.0,  -1%, 30, 49.99, 65.7,
46.66666666666667, 100, 50, 30,  10,  10,  0, 0.0,  -1%, 45, 37.05, 152.84,
46.66666666666667, 100, 50, 30,  10,  10,  0, 0.0,  -1%, 60, 26.89, 171.82,
46.66666666666667, 100, 50, 30,  10,  10,  0, 0.0,  -1%, 75, 19.85, 174.25,
46.66666666666667, 100, 50, 30,  10,  10,  0, 0.0,  -1%, 90, 18.18, 194.2,
46.66666666666667, 100, 50, 30,  10,  10,  0, 0.0,  -1%, 115, 11.04, 198.71,
46.66666666666667, 100, 50, 30,  10,  10,  0, 0.0,  -1%, 150, 6.87, 207.21,
46.66666666666667, 100, 50, 30,  10,  10,  0, 0.0,  -1%, 165, 6.14, 216.19,
46.66666666666667, 100, 50, 30,  10,  10,  0, 0.0,  -1%, 180, 5.43, 226.27,
46.66666666666667, 100, 5, 30,  0,  0,  10, 100.0,  36.55%, 15, 50.0, -29.67,
46.66666666666667, 100, 5, 30,  10,  1,  0, 0.0,  -1%, 30, 49.99, 27.96,
46.66666666666667, 100, 5, 30,  10,  6,  0, 0.0,  -1%, 45, 45.65, 114.25,
46.66666666666667, 100, 5, 30,  10,  8,  0, 0.0,  -1%, 60, 32.95, 129.95,
46.66666666666667, 100, 5, 30,  10,  10,  0, 0.0,  -1%, 75, 26.57, 144.04,
46.66666666666667, 100, 5, 30,  10,  10,  0, 0.0,  -1%, 90, 21.96, 161.13,
46.66666666666667, 100, 5, 30,  10,  10,  0, 0.0,  -1%, 115, 14.82, 154.58,
46.66666666666667, 100, 5, 30,  10,  10,  0, 0.0,  -1%, 150, 11.55, 174.48,
46.66666666666667, 100, 5, 30,  10,  10,  0, 0.0,  -1%, 165, 11.05, 180.98,
46.66666666666667, 100, 5, 30,  10,  10,  0, 0.0,  -1%, 180, 7.8, 203.59,
46.66666666666667, 100, 10, 30,  0,  0,  10, 100.0,  31.46%, 15, 49.99, -26.64,
46.66666666666667, 100, 10, 30,  9,  0,  1, 10.0,  5.06%, 30, 50.0, 58.33,
46.66666666666667, 100, 10, 30,  10,  9,  0, 0.0,  -1%, 45, 46.9, 131.66,
46.66666666666667, 100, 10, 30,  10,  10,  0, 0.0,  -1%, 60, 32.12, 152.97,
46.66666666666667, 100, 10, 30,  10,  9,  0, 0.0,  -1%, 75, 25.84, 147.34,
46.66666666666667, 100, 10, 30,  10,  10,  0, 0.0,  -1%, 90, 20.83, 159.62,
46.66666666666667, 100, 10, 30,  10,  10,  0, 0.0,  -1%, 115, 13.5, 179.43,
46.66666666666667, 100, 10, 30,  10,  10,  0, 0.0,  -1%, 150, 9.93, 194.15,
46.66666666666667, 100, 10, 30,  10,  10,  0, 0.0,  -1%, 165, 9.34, 196.13,
46.66666666666667, 100, 10, 30,  10,  10,  0, 0.0,  -1%, 180, 7.73, 213.7,
46.66666666666667, 100, 15, 30,  1,  0,  9, 90.0,  31.94%, 15, 50.0, -29.18,
46.66666666666667, 100, 15, 30,  9,  0,  1, 10.0,  0.83%, 30, 50.0, 37.17,
46.66666666666667, 100, 15, 30,  10,  10,  0, 0.0,  -1%, 45, 45.49, 139.47,
46.66666666666667, 100, 15, 30,  10,  10,  0, 0.0,  -1%, 60, 32.29, 157.52,
46.66666666666667, 100, 15, 30,  10,  10,  0, 0.0,  -1%, 75, 25.25, 163.01,
46.66666666666667, 100, 15, 30,  10,  10,  0, 0.0,  -1%, 90, 18.91, 165.38,
46.66666666666667, 100, 15, 30,  10,  10,  0, 0.0,  -1%, 115, 11.94, 186.02,
46.66666666666667, 100, 15, 30,  10,  10,  0, 0.0,  -1%, 150, 9.34, 195.04,
46.66666666666667, 100, 15, 30,  10,  10,  0, 0.0,  -1%, 165, 8.23, 207.66,
46.66666666666667, 100, 15, 30,  10,  10,  0, 0.0,  -1%, 180, 6.66, 219.44,
46.66666666666667, 100, 20, 30,  0,  0,  10, 100.0,  37.64%, 15, 50.0, -35.89,
46.66666666666667, 100, 20, 30,  10,  1,  0, 0.0,  -1%, 30, 49.99, 64.65,
46.66666666666667, 100, 20, 30,  10,  10,  0, 0.0,  -1%, 45, 40.95, 144.35,
46.66666666666667, 100, 20, 30,  10,  10,  0, 0.0,  -1%, 60, 29.86, 150.06,
46.66666666666667, 100, 20, 30,  10,  10,  0, 0.0,  -1%, 75, 21.29, 177.87,
46.66666666666667, 100, 20, 30,  10,  10,  0, 0.0,  -1%, 90, 15.89, 170.84,
46.66666666666667, 100, 20, 30,  10,  10,  0, 0.0,  -1%, 115, 11.99, 173.24,
46.66666666666667, 100, 20, 30,  10,  10,  0, 0.0,  -1%, 150, 8.68, 205.55,
46.66666666666667, 100, 20, 30,  10,  10,  0, 0.0,  -1%, 165, 8.02, 216.0,
46.66666666666667, 100, 20, 30,  10,  10,  0, 0.0,  -1%, 180, 6.9, 212.7,
46.66666666666667, 100, 25, 30,  0,  0,  10, 100.0,  32.29%, 15, 50.0, -26.67,
46.66666666666667, 100, 25, 30,  10,  0,  0, 0.0,  -1%, 30, 49.99, 59.2,
46.66666666666667, 100, 25, 30,  10,  9,  0, 0.0,  -1%, 45, 42.44, 140.6,
46.66666666666667, 100, 25, 30,  10,  10,  0, 0.0,  -1%, 60, 26.69, 158.29,
46.66666666666667, 100, 25, 30,  10,  10,  0, 0.0,  -1%, 75, 22.24, 175.05,
46.66666666666667, 100, 25, 30,  10,  10,  0, 0.0,  -1%, 90, 16.41, 174.73,
46.66666666666667, 100, 25, 30,  10,  10,  0, 0.0,  -1%, 115, 12.38, 198.24,
46.66666666666667, 100, 25, 30,  10,  10,  0, 0.0,  -1%, 150, 7.49, 204.49,
46.66666666666667, 100, 25, 30,  10,  10,  0, 0.0,  -1%, 165, 7.45, 209.95,
46.66666666666667, 100, 25, 30,  10,  10,  0, 0.0,  -1%, 180, 5.64, 216.22,
46.66666666666667, 100, 30, 30,  0,  0,  10, 100.0,  28.21%, 15, 49.99, -21.71,
46.66666666666667, 100, 30, 30,  10,  1,  0, 0.0,  -1%, 30, 50.0, 57.93,
46.66666666666667, 100, 30, 30,  10,  10,  0, 0.0,  -1%, 45, 37.09, 140.81,
46.66666666666667, 100, 30, 30,  10,  10,  0, 0.0,  -1%, 60, 29.45, 149.15,
46.66666666666667, 100, 30, 30,  10,  10,  0, 0.0,  -1%, 75, 21.74, 168.01,
46.66666666666667, 100, 30, 30,  10,  10,  0, 0.0,  -1%, 90, 14.71, 171.56,
46.66666666666667, 100, 30, 30,  10,  10,  0, 0.0,  -1%, 115, 12.37, 195.81,
46.66666666666667, 100, 30, 30,  10,  10,  0, 0.0,  -1%, 150, 7.4, 206.07,
46.66666666666667, 100, 30, 30,  10,  10,  0, 0.0,  -1%, 165, 6.85, 206.71,
46.66666666666667, 100, 30, 30,  10,  10,  0, 0.0,  -1%, 180, 6.29, 206.87,
46.66666666666667, 100, 35, 30,  1,  0,  9, 90.0,  33.17%, 15, 49.99, -28.63,
46.66666666666667, 100, 35, 30,  9,  2,  1, 10.0,  0.66%, 30, 50.0, 71.81,
46.66666666666667, 100, 35, 30,  10,  9,  0, 0.0,  -1%, 45, 44.32, 136.72,
46.66666666666667, 100, 35, 30,  10,  10,  0, 0.0,  -1%, 60, 31.01, 172.65,
46.66666666666667, 100, 35, 30,  10,  10,  0, 0.0,  -1%, 75, 22.5, 182.44,
46.66666666666667, 100, 35, 30,  10,  10,  0, 0.0,  -1%, 90, 17.56, 186.63,
46.66666666666667, 100, 35, 30,  10,  10,  0, 0.0,  -1%, 115, 12.19, 192.85,
46.66666666666667, 100, 35, 30,  10,  10,  0, 0.0,  -1%, 150, 7.82, 200.55,
46.66666666666667, 100, 35, 30,  10,  10,  0, 0.0,  -1%, 165, 6.89, 212.22,
46.66666666666667, 100, 35, 30,  10,  10,  0, 0.0,  -1%, 180, 6.05, 219.03,
46.66666666666667, 100, 40, 30,  0,  0,  10, 100.0,  27.15%, 15, 50.0, -21.54,
46.66666666666667, 100, 40, 30,  10,  0,  0, 0.0,  -1%, 30, 50.0, 64.1,
46.66666666666667, 100, 40, 30,  10,  9,  0, 0.0,  -1%, 45, 41.98, 143.01,
46.66666666666667, 100, 40, 30,  10,  10,  0, 0.0,  -1%, 60, 28.83, 164.41,
46.66666666666667, 100, 40, 30,  10,  10,  0, 0.0,  -1%, 75, 22.23, 172.58,
46.66666666666667, 100, 40, 30,  10,  10,  0, 0.0,  -1%, 90, 16.66, 183.55,
46.66666666666667, 100, 40, 30,  10,  10,  0, 0.0,  -1%, 115, 12.2, 207.05,
46.66666666666667, 100, 40, 30,  10,  10,  0, 0.0,  -1%, 150, 6.63, 211.14,
46.66666666666667, 100, 40, 30,  10,  10,  0, 0.0,  -1%, 165, 5.95, 213.28,
46.66666666666667, 100, 40, 30,  10,  10,  0, 0.0,  -1%, 180, 5.88, 223.89,
46.66666666666667, 100, 45, 30,  0,  0,  10, 100.0,  29.59%, 15, 50.0, -22.62,
46.66666666666667, 100, 45, 30,  10,  0,  0, 0.0,  -1%, 30, 49.99, 59.05,
46.66666666666667, 100, 45, 30,  10,  9,  0, 0.0,  -1%, 45, 41.82, 145.1,
46.66666666666667, 100, 45, 30,  10,  10,  0, 0.0,  -1%, 60, 29.2, 163.43,
46.66666666666667, 100, 45, 30,  10,  10,  0, 0.0,  -1%, 75, 19.2, 181.79,
46.66666666666667, 100, 45, 30,  10,  10,  0, 0.0,  -1%, 90, 16.99, 180.07,
46.66666666666667, 100, 45, 30,  10,  10,  0, 0.0,  -1%, 115, 12.01, 185.96,
46.66666666666667, 100, 45, 30,  10,  10,  0, 0.0,  -1%, 150, 8.14, 212.82,
46.66666666666667, 100, 45, 30,  10,  10,  0, 0.0,  -1%, 165, 6.29, 219.23,
46.66666666666667, 100, 45, 30,  10,  10,  0, 0.0,  -1%, 180, 5.61, 221.21,
46.66666666666667, 100, 50, 30,  0,  0,  10, 100.0,  27.2%, 15, 50.0, -23.67,
46.66666666666667, 100, 50, 30,  10,  2,  0, 0.0,  -1%, 30, 49.99, 70.49,
46.66666666666667, 100, 50, 30,  10,  10,  0, 0.0,  -1%, 45, 39.54, 144.05,
46.66666666666667, 100, 50, 30,  10,  10,  0, 0.0,  -1%, 60, 25.92, 161.94,
46.66666666666667, 100, 50, 30,  10,  10,  0, 0.0,  -1%, 75, 19.73, 172.46,
46.66666666666667, 100, 50, 30,  10,  10,  0, 0.0,  -1%, 90, 15.17, 197.21,
46.66666666666667, 100, 50, 30,  10,  10,  0, 0.0,  -1%, 115, 10.34, 202.54,
46.66666666666667, 100, 50, 30,  10,  10,  0, 0.0,  -1%, 150, 6.95, 216.28,
46.66666666666667, 100, 50, 30,  10,  10,  0, 0.0,  -1%, 165, 6.47, 223.56,
46.66666666666667, 100, 50, 30,  10,  10,  0, 0.0,  -1%, 180, 5.68, 219.32,
70.0, 100, 5, 30,  0,  0,  10, 100.0,  54.48%, 15, 50.0, -48.63,
70.0, 100, 5, 30,  4,  0,  6, 60.0,  11.28%, 30, 49.99, -10.86,
70.0, 100, 5, 30,  10,  0,  0, 0.0,  -1%, 45, 49.99, 59.56,
70.0, 100, 5, 30,  10,  6,  0, 0.0,  -1%, 60, 49.98, 111.21,
70.0, 100, 5, 30,  10,  10,  0, 0.0,  -1%, 75, 35.42, 154.57,
70.0, 100, 5, 30,  10,  8,  0, 0.0,  -1%, 90, 36.59, 158.98,
70.0, 100, 5, 30,  10,  10,  0, 0.0,  -1%, 115, 25.6, 163.65,
70.0, 100, 5, 30,  10,  9,  0, 0.0,  -1%, 150, 16.21, 182.12,
70.0, 100, 5, 30,  10,  10,  0, 0.0,  -1%, 165, 17.86, 179.36,
70.0, 100, 5, 30,  10,  10,  0, 0.0,  -1%, 180, 12.65, 183.05,
70.0, 100, 10, 30,  0,  0,  10, 100.0,  54.78%, 15, 49.99, -46.6,
70.0, 100, 10, 30,  8,  0,  2, 20.0,  3.24%, 30, 49.99, 6.09,
70.0, 100, 10, 30,  8,  2,  2, 20.0,  1.09%, 45, 49.99, 56.51,
70.0, 100, 10, 30,  10,  7,  0, 0.0,  -1%, 60, 49.98, 131.95,
70.0, 100, 10, 30,  10,  8,  0, 0.0,  -1%, 75, 39.49, 144.32,
70.0, 100, 10, 30,  10,  9,  0, 0.0,  -1%, 90, 31.4, 170.97,
70.0, 100, 10, 30,  10,  10,  0, 0.0,  -1%, 115, 23.99, 159.7,
70.0, 100, 10, 30,  10,  10,  0, 0.0,  -1%, 150, 13.88, 185.47,
70.0, 100, 10, 30,  10,  10,  0, 0.0,  -1%, 165, 12.09, 190.16,
70.0, 100, 10, 30,  10,  10,  0, 0.0,  -1%, 180, 10.43, 196.46,
70.0, 100, 15, 30,  0,  0,  10, 100.0,  51.98%, 15, 49.99, -45.81,
70.0, 100, 15, 30,  8,  0,  2, 20.0,  0.85%, 30, 50.0, 4.85,
70.0, 100, 15, 30,  9,  6,  1, 10.0,  2.88%, 45, 50.0, 115.63,
70.0, 100, 15, 30,  10,  7,  0, 0.0,  -1%, 60, 49.73, 143.62,
70.0, 100, 15, 30,  10,  10,  0, 0.0,  -1%, 75, 34.3, 170.67,
70.0, 100, 15, 30,  10,  10,  0, 0.0,  -1%, 90, 26.45, 171.75,
70.0, 100, 15, 30,  10,  10,  0, 0.0,  -1%, 115, 19.99, 189.93,
70.0, 100, 15, 30,  10,  10,  0, 0.0,  -1%, 150, 13.07, 201.25,
70.0, 100, 15, 30,  10,  10,  0, 0.0,  -1%, 165, 11.04, 207.66,
70.0, 100, 15, 30,  10,  10,  0, 0.0,  -1%, 180, 10.9, 215.96,
70.0, 100, 20, 30,  0,  0,  10, 100.0,  45.59%, 15, 49.99, -40.77,
70.0, 100, 20, 30,  6,  0,  4, 40.0,  4.44%, 30, 50.0, 0.85,
70.0, 100, 20, 30,  10,  3,  0, 0.0,  -1%, 45, 50.0, 70.57,
70.0, 100, 20, 30,  10,  9,  0, 0.0,  -1%, 60, 49.98, 145.9,
70.0, 100, 20, 30,  10,  10,  0, 0.0,  -1%, 75, 30.24, 163.45,
70.0, 100, 20, 30,  10,  10,  0, 0.0,  -1%, 90, 23.39, 163.29,
70.0, 100, 20, 30,  10,  10,  0, 0.0,  -1%, 115, 16.55, 187.54,
70.0, 100, 20, 30,  10,  10,  0, 0.0,  -1%, 150, 11.3, 198.17,
70.0, 100, 20, 30,  10,  10,  0, 0.0,  -1%, 165, 11.35, 204.65,
70.0, 100, 20, 30,  10,  10,  0, 0.0,  -1%, 180, 9.36, 216.31,
70.0, 100, 25, 30,  0,  0,  10, 100.0,  55.03%, 15, 50.0, -49.19,
70.0, 100, 25, 30,  6,  0,  4, 40.0,  6.89%, 30, 49.99, 6.82,
70.0, 100, 25, 30,  10,  5,  0, 0.0,  -1%, 45, 49.99, 101.24,
70.0, 100, 25, 30,  10,  8,  0, 0.0,  -1%, 60, 49.99, 128.41,
70.0, 100, 25, 30,  10,  10,  0, 0.0,  -1%, 75, 30.95, 161.08,
70.0, 100, 25, 30,  10,  10,  0, 0.0,  -1%, 90, 24.75, 172.52,
70.0, 100, 25, 30,  10,  10,  0, 0.0,  -1%, 115, 16.56, 194.71,
70.0, 100, 25, 30,  10,  10,  0, 0.0,  -1%, 150, 13.07, 210.55,
70.0, 100, 25, 30,  10,  10,  0, 0.0,  -1%, 165, 9.58, 207.52,
70.0, 100, 25, 30,  10,  10,  0, 0.0,  -1%, 180, 9.22, 217.3,
70.0, 100, 30, 30,  0,  0,  10, 100.0,  47.47%, 15, 49.99, -41.26,
70.0, 100, 30, 30,  9,  0,  1, 10.0,  4.46%, 30, 50.0, 12.88,
70.0, 100, 30, 30,  10,  4,  0, 0.0,  -1%, 45, 50.0, 96.04,
70.0, 100, 30, 30,  10,  9,  0, 0.0,  -1%, 60, 44.89, 159.75,
70.0, 100, 30, 30,  10,  10,  0, 0.0,  -1%, 75, 34.03, 174.77,
70.0, 100, 30, 30,  10,  10,  0, 0.0,  -1%, 90, 25.58, 176.09,
70.0, 100, 30, 30,  10,  10,  0, 0.0,  -1%, 115, 18.85, 203.61,
70.0, 100, 30, 30,  10,  10,  0, 0.0,  -1%, 150, 12.5, 199.95,
70.0, 100, 30, 30,  10,  10,  0, 0.0,  -1%, 165, 10.01, 228.61,
70.0, 100, 30, 30,  10,  10,  0, 0.0,  -1%, 180, 8.95, 210.56,
70.0, 100, 35, 30,  0,  0,  10, 100.0,  51.91%, 15, 49.99, -43.73,
70.0, 100, 35, 30,  6,  0,  4, 40.0,  4.79%, 30, 50.0, 2.06,
70.0, 100, 35, 30,  10,  5,  0, 0.0,  -1%, 45, 49.99, 98.89,
70.0, 100, 35, 30,  10,  10,  0, 0.0,  -1%, 60, 40.32, 155.05,
70.0, 100, 35, 30,  10,  10,  0, 0.0,  -1%, 75, 31.86, 164.37,
70.0, 100, 35, 30,  10,  10,  0, 0.0,  -1%, 90, 25.96, 190.2,
70.0, 100, 35, 30,  10,  10,  0, 0.0,  -1%, 115, 17.84, 198.69,
70.0, 100, 35, 30,  10,  10,  0, 0.0,  -1%, 150, 11.52, 199.01,
70.0, 100, 35, 30,  10,  10,  0, 0.0,  -1%, 165, 9.95, 221.39,
70.0, 100, 35, 30,  10,  10,  0, 0.0,  -1%, 180, 9.61, 218.37,
70.0, 100, 40, 30,  0,  0,  10, 100.0,  47.72%, 15, 49.99, -39.86,
70.0, 100, 40, 30,  5,  0,  5, 50.0,  4.62%, 30, 50.0, 1.04,
70.0, 100, 40, 30,  10,  7,  0, 0.0,  -1%, 45, 49.99, 111.14,
70.0, 100, 40, 30,  10,  10,  0, 0.0,  -1%, 60, 42.75, 164.6,
70.0, 100, 40, 30,  10,  10,  0, 0.0,  -1%, 75, 32.49, 165.18,
70.0, 100, 40, 30,  10,  10,  0, 0.0,  -1%, 90, 24.4, 187.18,
70.0, 100, 40, 30,  10,  10,  0, 0.0,  -1%, 115, 18.98, 184.35,
70.0, 100, 40, 30,  10,  10,  0, 0.0,  -1%, 150, 12.78, 215.61,
70.0, 100, 40, 30,  10,  10,  0, 0.0,  -1%, 165, 10.82, 231.36,
70.0, 100, 40, 30,  10,  10,  0, 0.0,  -1%, 180, 8.45, 225.92,
70.0, 100, 45, 30,  0,  0,  10, 100.0,  50.08%, 15, 49.99, -44.1,
70.0, 100, 45, 30,  9,  0,  1, 10.0,  0.65%, 30, 49.99, 20.12,
70.0, 100, 45, 30,  10,  8,  0, 0.0,  -1%, 45, 50.0, 122.82,
70.0, 100, 45, 30,  10,  10,  0, 0.0,  -1%, 60, 40.72, 156.12,
70.0, 100, 45, 30,  10,  10,  0, 0.0,  -1%, 75, 32.99, 170.04,
70.0, 100, 45, 30,  10,  10,  0, 0.0,  -1%, 90, 25.52, 193.49,
70.0, 100, 45, 30,  10,  10,  0, 0.0,  -1%, 115, 16.97, 185.01,
70.0, 100, 45, 30,  10,  10,  0, 0.0,  -1%, 150, 12.04, 223.77,
70.0, 100, 45, 30,  10,  10,  0, 0.0,  -1%, 165, 8.72, 212.47,
70.0, 100, 45, 30,  10,  10,  0, 0.0,  -1%, 180, 7.59, 222.75,
70.0, 100, 50, 30,  0,  0,  10, 100.0,  50.54%, 15, 49.99, -47.7,
70.0, 100, 50, 30,  9,  0,  1, 10.0,  0.84%, 30, 49.99, 29.59,
70.0, 100, 50, 30,  10,  7,  0, 0.0,  -1%, 45, 50.0, 123.77,
70.0, 100, 50, 30,  10,  10,  0, 0.0,  -1%, 60, 41.08, 152.28,
70.0, 100, 50, 30,  10,  10,  0, 0.0,  -1%, 75, 28.82, 175.41,
70.0, 100, 50, 30,  10,  10,  0, 0.0,  -1%, 90, 23.25, 183.0,
70.0, 100, 50, 30,  10,  10,  0, 0.0,  -1%, 115, 17.24, 192.6,
70.0, 100, 50, 30,  10,  10,  0, 0.0,  -1%, 150, 11.67, 219.56,
70.0, 100, 50, 30,  10,  10,  0, 0.0,  -1%, 165, 9.07, 224.5,
70.0, 100, 50, 30,  10,  10,  0, 0.0,  -1%, 180, 7.73, 233.75,
70.0, 100, 5, 30,  0,  0,  10, 100.0,  60.47%, 15, 49.99, -55.85,
70.0, 100, 5, 30,  7,  0,  3, 30.0,  5.92%, 30, 49.99, 1.74,
70.0, 100, 5, 30,  9,  2,  1, 10.0,  0.71%, 45, 49.99, 63.58,
70.0, 100, 5, 30,  9,  3,  1, 10.0,  2.96%, 60, 50.0, 75.31,
70.0, 100, 5, 30,  10,  7,  0, 0.0,  -1%, 75, 36.22, 134.11,
70.0, 100, 5, 30,  10,  9,  0, 0.0,  -1%, 90, 32.95, 156.98,
70.0, 100, 5, 30,  10,  10,  0, 0.0,  -1%, 115, 26.0, 155.72,
70.0, 100, 5, 30,  10,  10,  0, 0.0,  -1%, 150, 16.07, 179.78,
70.0, 100, 5, 30,  10,  10,  0, 0.0,  -1%, 165, 15.63, 180.85,
70.0, 100, 5, 30,  10,  10,  0, 0.0,  -1%, 180, 12.79, 210.81,
70.0, 100, 10, 30,  0,  0,  10, 100.0,  53.12%, 15, 50.0, -44.84,
70.0, 100, 10, 30,  6,  0,  4, 40.0,  5.26%, 30, 49.99, 8.01,
70.0, 100, 10, 30,  10,  1,  0, 0.0,  -1%, 45, 49.99, 56.73,
70.0, 100, 10, 30,  10,  7,  0, 0.0,  -1%, 60, 49.09, 137.79,
70.0, 100, 10, 30,  10,  9,  0, 0.0,  -1%, 75, 37.85, 147.62,
70.0, 100, 10, 30,  10,  10,  0, 0.0,  -1%, 90, 32.3, 159.95,
70.0, 100, 10, 30,  10,  10,  0, 0.0,  -1%, 115, 20.44, 195.99,
70.0, 100, 10, 30,  10,  10,  0, 0.0,  -1%, 150, 13.95, 185.77,
70.0, 100, 10, 30,  10,  10,  0, 0.0,  -1%, 165, 11.19, 204.11,
70.0, 100, 10, 30,  10,  10,  0, 0.0,  -1%, 180, 11.0, 201.75,
70.0, 100, 15, 30,  0,  0,  10, 100.0,  50.06%, 15, 50.0, -43.66,
70.0, 100, 15, 30,  5,  0,  5, 50.0,  9.49%, 30, 50.0, -0.7,
70.0, 100, 15, 30,  10,  2,  0, 0.0,  -1%, 45, 50.0, 53.56,
70.0, 100, 15, 30,  10,  9,  0, 0.0,  -1%, 60, 44.4, 147.24,
70.0, 100, 15, 30,  10,  10,  0, 0.0,  -1%, 75, 34.98, 161.53,
70.0, 100, 15, 30,  10,  10,  0, 0.0,  -1%, 90, 28.17, 165.93,
70.0, 100, 15, 30,  10,  10,  0, 0.0,  -1%, 115, 19.68, 179.94,
70.0, 100, 15, 30,  10,  10,  0, 0.0,  -1%, 150, 14.64, 205.1,
70.0, 100, 15, 30,  10,  10,  0, 0.0,  -1%, 165, 10.39, 198.41,
70.0, 100, 15, 30,  10,  10,  0, 0.0,  -1%, 180, 10.9, 207.83,
70.0, 100, 20, 30,  0,  0,  10, 100.0,  51.74%, 15, 50.0, -45.54,
70.0, 100, 20, 30,  6,  0,  4, 40.0,  4.42%, 30, 49.99, 6.4,
70.0, 100, 20, 30,  10,  1,  0, 0.0,  -1%, 45, 49.99, 79.03,
70.0, 100, 20, 30,  10,  8,  0, 0.0,  -1%, 60, 49.99, 148.6,
70.0, 100, 20, 30,  10,  10,  0, 0.0,  -1%, 75, 40.2, 164.19,
70.0, 100, 20, 30,  10,  10,  0, 0.0,  -1%, 90, 28.37, 172.55,
70.0, 100, 20, 30,  10,  10,  0, 0.0,  -1%, 115, 18.65, 185.29,
70.0, 100, 20, 30,  10,  10,  0, 0.0,  -1%, 150, 12.18, 193.89,
70.0, 100, 20, 30,  10,  10,  0, 0.0,  -1%, 165, 10.33, 202.3,
70.0, 100, 20, 30,  10,  10,  0, 0.0,  -1%, 180, 10.09, 219.88,
70.0, 100, 25, 30,  0,  0,  10, 100.0,  53.81%, 15, 50.0, -49.06,
70.0, 100, 25, 30,  8,  0,  2, 20.0,  1.44%, 30, 50.0, 16.53,
70.0, 100, 25, 30,  10,  3,  0, 0.0,  -1%, 45, 50.0, 60.83,
70.0, 100, 25, 30,  10,  8,  0, 0.0,  -1%, 60, 45.68, 152.73,
70.0, 100, 25, 30,  10,  10,  0, 0.0,  -1%, 75, 31.6, 165.37,
70.0, 100, 25, 30,  10,  9,  0, 0.0,  -1%, 90, 24.74, 172.39,
70.0, 100, 25, 30,  10,  10,  0, 0.0,  -1%, 115, 16.36, 182.55,
70.0, 100, 25, 30,  10,  10,  0, 0.0,  -1%, 150, 12.12, 199.03,
70.0, 100, 25, 30,  10,  10,  0, 0.0,  -1%, 165, 11.31, 208.94,
70.0, 100, 25, 30,  10,  10,  0, 0.0,  -1%, 180, 8.69, 204.74,
70.0, 100, 30, 30,  0,  0,  10, 100.0,  46.28%, 15, 49.99, -38.42,
70.0, 100, 30, 30,  9,  0,  1, 10.0,  1.35%, 30, 49.99, 16.41,
70.0, 100, 30, 30,  10,  3,  0, 0.0,  -1%, 45, 49.99, 86.42,
70.0, 100, 30, 30,  10,  10,  0, 0.0,  -1%, 60, 40.81, 160.73,
70.0, 100, 30, 30,  10,  10,  0, 0.0,  -1%, 75, 33.99, 175.37,
70.0, 100, 30, 30,  10,  10,  0, 0.0,  -1%, 90, 24.84, 170.85,
70.0, 100, 30, 30,  10,  10,  0, 0.0,  -1%, 115, 17.37, 193.02,
70.0, 100, 30, 30,  10,  10,  0, 0.0,  -1%, 150, 11.77, 218.85,
70.0, 100, 30, 30,  10,  10,  0, 0.0,  -1%, 165, 10.44, 226.14,
70.0, 100, 30, 30,  10,  10,  0, 0.0,  -1%, 180, 9.13, 220.26,
70.0, 100, 35, 30,  0,  0,  10, 100.0,  52.09%, 15, 49.99, -45.78,
70.0, 100, 35, 30,  8,  0,  2, 20.0,  1.07%, 30, 50.0, 13.02,
70.0, 100, 35, 30,  10,  3,  0, 0.0,  -1%, 45, 49.99, 85.73,
70.0, 100, 35, 30,  10,  9,  0, 0.0,  -1%, 60, 41.6, 152.13,
70.0, 100, 35, 30,  10,  10,  0, 0.0,  -1%, 75, 32.98, 175.93,
70.0, 100, 35, 30,  10,  10,  0, 0.0,  -1%, 90, 25.89, 173.88,
70.0, 100, 35, 30,  10,  10,  0, 0.0,  -1%, 115, 15.8, 194.86,
70.0, 100, 35, 30,  10,  10,  0, 0.0,  -1%, 150, 12.81, 220.31,
70.0, 100, 35, 30,  10,  10,  0, 0.0,  -1%, 165, 10.27, 209.01,
70.0, 100, 35, 30,  10,  10,  0, 0.0,  -1%, 180, 8.87, 225.12,
70.0, 100, 40, 30,  0,  0,  10, 100.0,  49.93%, 15, 49.99, -42.54,
70.0, 100, 40, 30,  10,  0,  0, 0.0,  -1%, 30, 50.0, 26.54,
70.0, 100, 40, 30,  10,  6,  0, 0.0,  -1%, 45, 49.99, 130.53,
70.0, 100, 40, 30,  10,  10,  0, 0.0,  -1%, 60, 44.48, 165.53,
70.0, 100, 40, 30,  10,  10,  0, 0.0,  -1%, 75, 30.25, 178.06,
70.0, 100, 40, 30,  10,  10,  0, 0.0,  -1%, 90, 24.92, 184.53,
70.0, 100, 40, 30,  10,  10,  0, 0.0,  -1%, 115, 16.86, 197.08,
70.0, 100, 40, 30,  10,  10,  0, 0.0,  -1%, 150, 11.35, 210.6,
70.0, 100, 40, 30,  10,  10,  0, 0.0,  -1%, 165, 10.73, 229.65,
70.0, 100, 40, 30,  10,  10,  0, 0.0,  -1%, 180, 9.55, 221.2,
70.0, 100, 45, 30,  0,  0,  10, 100.0,  48.34%, 15, 49.99, -43.13,
70.0, 100, 45, 30,  8,  0,  2, 20.0,  1.7%, 30, 49.99, 16.75,
70.0, 100, 45, 30,  10,  4,  0, 0.0,  -1%, 45, 50.0, 84.04,
70.0, 100, 45, 30,  10,  10,  0, 0.0,  -1%, 60, 42.8, 159.46,
70.0, 100, 45, 30,  10,  10,  0, 0.0,  -1%, 75, 29.31, 187.39,
70.0, 100, 45, 30,  10,  10,  0, 0.0,  -1%, 90, 23.36, 172.57,
70.0, 100, 45, 30,  10,  10,  0, 0.0,  -1%, 115, 15.92, 190.84,
70.0, 100, 45, 30,  10,  10,  0, 0.0,  -1%, 150, 11.15, 209.98,
70.0, 100, 45, 30,  10,  10,  0, 0.0,  -1%, 165, 8.86, 208.39,
70.0, 100, 45, 30,  10,  10,  0, 0.0,  -1%, 180, 7.65, 218.02,
70.0, 100, 50, 30,  0,  0,  10, 100.0,  51.31%, 15, 49.99, -44.07,
70.0, 100, 50, 30,  10,  0,  0, 0.0,  -1%, 30, 49.99, 16.28,
70.0, 100, 50, 30,  10,  6,  0, 0.0,  -1%, 45, 50.0, 105.47,
70.0, 100, 50, 30,  10,  10,  0, 0.0,  -1%, 60, 48.26, 158.54,
70.0, 100, 50, 30,  10,  10,  0, 0.0,  -1%, 75, 29.32, 178.98,
70.0, 100, 50, 30,  10,  10,  0, 0.0,  -1%, 90, 24.25, 187.44,
70.0, 100, 50, 30,  10,  10,  0, 0.0,  -1%, 115, 15.08, 181.97,
70.0, 100, 50, 30,  10,  10,  0, 0.0,  -1%, 150, 10.64, 208.79,
70.0, 100, 50, 30,  10,  10,  0, 0.0,  -1%, 165, 8.98, 237.22,
70.0, 100, 50, 30,  10,  10,  0, 0.0,  -1%, 180, 7.8, 216.61,
70.0, 100, 5, 30,  0,  0,  10, 100.0,  58.51%, 15, 50.0, -53.0,
70.0, 100, 5, 30,  2,  0,  8, 80.0,  18.37%, 30, 50.0, -16.55,
70.0, 100, 5, 30,  6,  0,  4, 40.0,  11.41%, 45, 50.0, 31.16,
70.0, 100, 5, 30,  10,  7,  0, 0.0,  -1%, 60, 49.6, 128.95,
70.0, 100, 5, 30,  10,  5,  0, 0.0,  -1%, 75, 42.81, 114.4,
70.0, 100, 5, 30,  10,  9,  0, 0.0,  -1%, 90, 28.82, 154.04,
70.0, 100, 5, 30,  10,  10,  0, 0.0,  -1%, 115, 23.58, 172.66,
70.0, 100, 5, 30,  10,  10,  0, 0.0,  -1%, 150, 14.64, 173.99,
70.0, 100, 5, 30,  10,  10,  0, 0.0,  -1%, 165, 14.11, 194.97,
70.0, 100, 5, 30,  10,  10,  0, 0.0,  -1%, 180, 12.09, 174.85,
70.0, 100, 10, 30,  0,  0,  10, 100.0,  55.67%, 15, 49.99, -50.52,
70.0, 100, 10, 30,  2,  0,  8, 80.0,  14.55%, 30, 49.99, -12.28,
70.0, 100, 10, 30,  10,  2,  0, 0.0,  -1%, 45, 49.99, 64.86,
70.0, 100, 10, 30,  10,  9,  0, 0.0,  -1%, 60, 49.64, 128.26,
70.0, 100, 10, 30,  10,  10,  0, 0.0,  -1%, 75, 35.96, 149.4,
70.0, 100, 10, 30,  10,  10,  0, 0.0,  -1%, 90, 28.41, 162.99,
70.0, 100, 10, 30,  10,  10,  0, 0.0,  -1%, 115, 19.7, 180.75,
70.0, 100, 10, 30,  10,  10,  0, 0.0,  -1%, 150, 14.26, 197.06,
70.0, 100, 10, 30,  10,  10,  0, 0.0,  -1%, 165, 11.7, 198.85,
70.0, 100, 10, 30,  10,  10,  0, 0.0,  -1%, 180, 11.59, 212.03,
70.0, 100, 15, 30,  0,  0,  10, 100.0,  53.78%, 15, 49.99, -47.57,
70.0, 100, 15, 30,  7,  0,  3, 30.0,  2.63%, 30, 49.99, 3.78,
70.0, 100, 15, 30,  10,  4,  0, 0.0,  -1%, 45, 50.0, 87.09,
70.0, 100, 15, 30,  10,  7,  0, 0.0,  -1%, 60, 50.0, 140.79,
70.0, 100, 15, 30,  10,  10,  0, 0.0,  -1%, 75, 37.36, 156.07,
70.0, 100, 15, 30,  10,  10,  0, 0.0,  -1%, 90, 34.24, 162.99,
70.0, 100, 15, 30,  10,  10,  0, 0.0,  -1%, 115, 18.83, 186.82,
70.0, 100, 15, 30,  10,  10,  0, 0.0,  -1%, 150, 13.3, 201.67,
70.0, 100, 15, 30,  10,  10,  0, 0.0,  -1%, 165, 11.74, 201.34,
70.0, 100, 15, 30,  10,  10,  0, 0.0,  -1%, 180, 9.99, 214.08,
70.0, 100, 20, 30,  0,  0,  10, 100.0,  53.49%, 15, 49.99, -47.05,
70.0, 100, 20, 30,  6,  0,  4, 40.0,  2.65%, 30, 50.0, 13.97,
70.0, 100, 20, 30,  10,  2,  0, 0.0,  -1%, 45, 49.99, 77.89,
70.0, 100, 20, 30,  10,  9,  0, 0.0,  -1%, 60, 48.85, 152.38,
70.0, 100, 20, 30,  10,  10,  0, 0.0,  -1%, 75, 33.86, 167.89,
70.0, 100, 20, 30,  10,  10,  0, 0.0,  -1%, 90, 25.47, 168.64,
70.0, 100, 20, 30,  10,  10,  0, 0.0,  -1%, 115, 19.38, 190.49,
70.0, 100, 20, 30,  10,  10,  0, 0.0,  -1%, 150, 12.98, 201.71,
70.0, 100, 20, 30,  10,  10,  0, 0.0,  -1%, 165, 10.72, 210.38,
70.0, 100, 20, 30,  10,  10,  0, 0.0,  -1%, 180, 9.65, 228.16,
70.0, 100, 25, 30,  0,  0,  10, 100.0,  48.94%, 15, 49.99, -42.77,
70.0, 100, 25, 30,  9,  0,  1, 10.0,  0.75%, 30, 49.99, 29.83,
70.0, 100, 25, 30,  10,  5,  0, 0.0,  -1%, 45, 49.99, 89.08,
70.0, 100, 25, 30,  10,  10,  0, 0.0,  -1%, 60, 39.75, 161.07,
70.0, 100, 25, 30,  10,  10,  0, 0.0,  -1%, 75, 32.65, 169.23,
70.0, 100, 25, 30,  10,  10,  0, 0.0,  -1%, 90, 28.3, 164.28,
70.0, 100, 25, 30,  10,  10,  0, 0.0,  -1%, 115, 17.87, 189.75,
70.0, 100, 25, 30,  10,  10,  0, 0.0,  -1%, 150, 13.49, 207.08,
70.0, 100, 25, 30,  10,  10,  0, 0.0,  -1%, 165, 10.22, 212.86,
70.0, 100, 25, 30,  10,  10,  0, 0.0,  -1%, 180, 8.22, 224.91,
70.0, 100, 30, 30,  0,  0,  10, 100.0,  49.18%, 15, 49.99, -42.54,
70.0, 100, 30, 30,  7,  0,  3, 30.0,  1.45%, 30, 49.99, 8.44,
70.0, 100, 30, 30,  10,  6,  0, 0.0,  -1%, 45, 49.99, 101.55,
70.0, 100, 30, 30,  10,  10,  0, 0.0,  -1%, 60, 40.33, 151.86,
70.0, 100, 30, 30,  10,  10,  0, 0.0,  -1%, 75, 34.36, 166.66,
70.0, 100, 30, 30,  10,  10,  0, 0.0,  -1%, 90, 27.99, 187.08,
70.0, 100, 30, 30,  10,  10,  0, 0.0,  -1%, 115, 19.38, 203.65,
70.0, 100, 30, 30,  10,  10,  0, 0.0,  -1%, 150, 11.4, 215.45,
70.0, 100, 30, 30,  10,  10,  0, 0.0,  -1%, 165, 9.87, 218.28,
70.0, 100, 30, 30,  10,  10,  0, 0.0,  -1%, 180, 8.56, 216.44,
70.0, 100, 35, 30,  0,  0,  10, 100.0,  48.48%, 15, 49.99, -43.85,
70.0, 100, 35, 30,  6,  0,  4, 40.0,  2.73%, 30, 50.0, 2.97,
70.0, 100, 35, 30,  10,  5,  0, 0.0,  -1%, 45, 49.99, 97.0,
70.0, 100, 35, 30,  10,  10,  0, 0.0,  -1%, 60, 49.03, 145.26,
70.0, 100, 35, 30,  10,  10,  0, 0.0,  -1%, 75, 29.83, 167.58,
70.0, 100, 35, 30,  10,  10,  0, 0.0,  -1%, 90, 24.24, 180.87,
70.0, 100, 35, 30,  10,  10,  0, 0.0,  -1%, 115, 17.21, 197.45,
70.0, 100, 35, 30,  10,  10,  0, 0.0,  -1%, 150, 11.33, 220.25,
70.0, 100, 35, 30,  10,  10,  0, 0.0,  -1%, 165, 11.27, 214.88,
70.0, 100, 35, 30,  10,  10,  0, 0.0,  -1%, 180, 8.83, 219.7,
70.0, 100, 40, 30,  0,  0,  10, 100.0,  48.81%, 15, 49.99, -44.16,
70.0, 100, 40, 30,  8,  0,  2, 20.0,  3.28%, 30, 49.99, 8.62,
70.0, 100, 40, 30,  10,  10,  0, 0.0,  -1%, 45, 49.99, 130.0,
70.0, 100, 40, 30,  10,  10,  0, 0.0,  -1%, 60, 41.29, 156.4,
70.0, 100, 40, 30,  10,  10,  0, 0.0,  -1%, 75, 28.69, 169.37,
70.0, 100, 40, 30,  10,  10,  0, 0.0,  -1%, 90, 23.37, 191.54,
70.0, 100, 40, 30,  10,  10,  0, 0.0,  -1%, 115, 19.21, 198.92,
70.0, 100, 40, 30,  10,  10,  0, 0.0,  -1%, 150, 11.59, 215.13,
70.0, 100, 40, 30,  10,  10,  0, 0.0,  -1%, 165, 9.91, 227.06,
70.0, 100, 40, 30,  10,  10,  0, 0.0,  -1%, 180, 7.92, 217.38,
70.0, 100, 45, 30,  0,  0,  10, 100.0,  49.92%, 15, 50.0, -44.15,
70.0, 100, 45, 30,  9,  0,  1, 10.0,  2.9%, 30, 49.99, 26.44,
70.0, 100, 45, 30,  10,  5,  0, 0.0,  -1%, 45, 49.99, 101.14,
70.0, 100, 45, 30,  10,  10,  0, 0.0,  -1%, 60, 39.47, 166.44,
70.0, 100, 45, 30,  10,  10,  0, 0.0,  -1%, 75, 29.78, 174.05,
70.0, 100, 45, 30,  10,  10,  0, 0.0,  -1%, 90, 24.18, 192.99,
70.0, 100, 45, 30,  10,  10,  0, 0.0,  -1%, 115, 18.75, 204.32,
70.0, 100, 45, 30,  10,  10,  0, 0.0,  -1%, 150, 11.98, 214.59,
70.0, 100, 45, 30,  10,  10,  0, 0.0,  -1%, 165, 10.25, 215.34,
70.0, 100, 45, 30,  10,  10,  0, 0.0,  -1%, 180, 8.16, 217.06,
70.0, 100, 50, 30,  0,  0,  10, 100.0,  51.17%, 15, 49.99, -45.99,
70.0, 100, 50, 30,  6,  0,  4, 40.0,  1.83%, 30, 50.0, 1.91,
70.0, 100, 50, 30,  10,  6,  0, 0.0,  -1%, 45, 49.99, 108.51,
70.0, 100, 50, 30,  10,  10,  0, 0.0,  -1%, 60, 40.24, 174.74,
70.0, 100, 50, 30,  10,  10,  0, 0.0,  -1%, 75, 32.05, 171.84,
70.0, 100, 50, 30,  10,  10,  0, 0.0,  -1%, 90, 24.05, 192.86,
70.0, 100, 50, 30,  10,  10,  0, 0.0,  -1%, 115, 15.6, 193.25,
70.0, 100, 50, 30,  10,  10,  0, 0.0,  -1%, 150, 11.79, 213.64,
70.0, 100, 50, 30,  10,  10,  0, 0.0,  -1%, 165, 10.16, 215.4,
70.0, 100, 50, 30,  10,  10,  0, 0.0,  -1%, 180, 8.56, 219.29,
70.0, 100, 5, 30,  0,  0,  10, 100.0,  52.83%, 15, 49.99, -47.4,
70.0, 100, 5, 30,  4,  0,  6, 60.0,  6.91%, 30, 50.0, -1.24,
70.0, 100, 5, 30,  8,  1,  2, 20.0,  4.7%, 45, 49.99, 44.47,
70.0, 100, 5, 30,  10,  4,  0, 0.0,  -1%, 60, 49.99, 85.17,
70.0, 100, 5, 30,  10,  9,  0, 0.0,  -1%, 75, 38.6, 151.02,
70.0, 100, 5, 30,  10,  10,  0, 0.0,  -1%, 90, 30.95, 146.98,
70.0, 100, 5, 30,  10,  10,  0, 0.0,  -1%, 115, 20.6, 158.77,
70.0, 100, 5, 30,  10,  10,  0, 0.0,  -1%, 150, 15.91, 197.84,
70.0, 100, 5, 30,  10,  10,  0, 0.0,  -1%, 165, 13.21, 198.3,
70.0, 100, 5, 30,  10,  10,  0, 0.0,  -1%, 180, 12.74, 184.38,
70.0, 100, 10, 30,  0,  0,  10, 100.0,  57.09%, 15, 50.0, -52.49,
70.0, 100, 10, 30,  2,  0,  8, 80.0,  8.09%, 30, 50.0, -3.2,
70.0, 100, 10, 30,  10,  3,  0, 0.0,  -1%, 45, 50.0, 64.86,
70.0, 100, 10, 30,  10,  10,  0, 0.0,  -1%, 60, 49.24, 148.29,
70.0, 100, 10, 30,  10,  10,  0, 0.0,  -1%, 75, 37.02, 146.69,
70.0, 100, 10, 30,  10,  10,  0, 0.0,  -1%, 90, 31.12, 165.05,
70.0, 100, 10, 30,  10,  10,  0, 0.0,  -1%, 115, 21.61, 184.93,
70.0, 100, 10, 30,  10,  10,  0, 0.0,  -1%, 150, 13.64, 188.8,
70.0, 100, 10, 30,  10,  10,  0, 0.0,  -1%, 165, 13.11, 207.49,
70.0, 100, 10, 30,  10,  10,  0, 0.0,  -1%, 180, 11.79, 204.33,
70.0, 100, 15, 30,  0,  0,  10, 100.0,  53.29%, 15, 50.0, -47.0,
70.0, 100, 15, 30,  7,  0,  3, 30.0,  5.5%, 30, 50.0, 11.14,
70.0, 100, 15, 30,  10,  1,  0, 0.0,  -1%, 45, 50.0, 64.74,
70.0, 100, 15, 30,  10,  5,  0, 0.0,  -1%, 60, 49.99, 109.65,
70.0, 100, 15, 30,  10,  10,  0, 0.0,  -1%, 75, 33.62, 156.7,
70.0, 100, 15, 30,  10,  10,  0, 0.0,  -1%, 90, 27.02, 150.51,
70.0, 100, 15, 30,  10,  10,  0, 0.0,  -1%, 115, 17.76, 176.38,
70.0, 100, 15, 30,  10,  10,  0, 0.0,  -1%, 150, 15.47, 194.09,
70.0, 100, 15, 30,  10,  10,  0, 0.0,  -1%, 165, 10.9, 219.91,
70.0, 100, 15, 30,  10,  10,  0, 0.0,  -1%, 180, 10.14, 225.78,
70.0, 100, 20, 30,  0,  0,  10, 100.0,  50.3%, 15, 49.99, -45.22,
70.0, 100, 20, 30,  8,  0,  2, 20.0,  1.21%, 30, 49.99, 10.9,
70.0, 100, 20, 30,  9,  3,  1, 10.0,  3.99%, 45, 50.0, 66.5,
70.0, 100, 20, 30,  10,  10,  0, 0.0,  -1%, 60, 47.61, 149.72,
70.0, 100, 20, 30,  10,  10,  0, 0.0,  -1%, 75, 36.33, 163.59,
70.0, 100, 20, 30,  10,  10,  0, 0.0,  -1%, 90, 27.36, 171.77,
70.0, 100, 20, 30,  10,  10,  0, 0.0,  -1%, 115, 19.08, 182.28,
70.0, 100, 20, 30,  10,  10,  0, 0.0,  -1%, 150, 12.54, 203.62,
70.0, 100, 20, 30,  10,  10,  0, 0.0,  -1%, 165, 11.38, 217.5,
70.0, 100, 20, 30,  10,  10,  0, 0.0,  -1%, 180, 10.67, 217.03,
70.0, 100, 25, 30,  0,  0,  10, 100.0,  46.9%, 15, 49.99, -41.13,
70.0, 100, 25, 30,  8,  0,  2, 20.0,  6.41%, 30, 50.0, 10.28,
70.0, 100, 25, 30,  10,  3,  0, 0.0,  -1%, 45, 50.0, 86.89,
70.0, 100, 25, 30,  10,  9,  0, 0.0,  -1%, 60, 44.66, 137.9,
70.0, 100, 25, 30,  10,  10,  0, 0.0,  -1%, 75, 31.53, 173.29,
70.0, 100, 25, 30,  10,  10,  0, 0.0,  -1%, 90, 27.82, 171.27,
70.0, 100, 25, 30,  10,  10,  0, 0.0,  -1%, 115, 18.24, 180.09,
70.0, 100, 25, 30,  10,  10,  0, 0.0,  -1%, 150, 13.28, 216.06,
70.0, 100, 25, 30,  10,  10,  0, 0.0,  -1%, 165, 10.83, 206.86,
70.0, 100, 25, 30,  10,  10,  0, 0.0,  -1%, 180, 8.47, 221.61,
70.0, 100, 30, 30,  0,  0,  10, 100.0,  55.63%, 15, 49.99, -50.44,
70.0, 100, 30, 30,  5,  0,  5, 50.0,  7.02%, 30, 49.99, -2.64,
70.0, 100, 30, 30,  10,  5,  0, 0.0,  -1%, 45, 49.99, 97.02,
70.0, 100, 30, 30,  10,  9,  0, 0.0,  -1%, 60, 40.87, 161.26,
70.0, 100, 30, 30,  10,  10,  0, 0.0,  -1%, 75, 30.19, 167.16,
70.0, 100, 30, 30,  10,  10,  0, 0.0,  -1%, 90, 26.55, 182.41,
70.0, 100, 30, 30,  10,  10,  0, 0.0,  -1%, 115, 15.35, 198.22,
70.0, 100, 30, 30,  10,  10,  0, 0.0,  -1%, 150, 11.97, 214.97,
70.0, 100, 30, 30,  10,  10,  0, 0.0,  -1%, 165, 9.23, 213.87,
70.0, 100, 30, 30,  10,  10,  0, 0.0,  -1%, 180, 8.54, 224.41,
70.0, 100, 35, 30,  0,  0,  10, 100.0,  47.96%, 15, 49.99, -43.91,
70.0, 100, 35, 30,  6,  0,  4, 40.0,  5.15%, 30, 50.0, 12.04,
70.0, 100, 35, 30,  10,  6,  0, 0.0,  -1%, 45, 50.0, 108.74,
70.0, 100, 35, 30,  10,  9,  0, 0.0,  -1%, 60, 45.18, 163.57,
70.0, 100, 35, 30,  10,  10,  0, 0.0,  -1%, 75, 35.98, 164.33,
70.0, 100, 35, 30,  10,  10,  0, 0.0,  -1%, 90, 24.49, 181.07,
70.0, 100, 35, 30,  10,  10,  0, 0.0,  -1%, 115, 17.09, 196.63,
70.0, 100, 35, 30,  10,  10,  0, 0.0,  -1%, 150, 11.47, 204.28,
70.0, 100, 35, 30,  10,  10,  0, 0.0,  -1%, 165, 9.95, 200.9,
70.0, 100, 35, 30,  10,  10,  0, 0.0,  -1%, 180, 8.27, 221.16,
70.0, 100, 40, 30,  0,  0,  10, 100.0,  49.24%, 15, 50.0, -43.0,
70.0, 100, 40, 30,  7,  0,  3, 30.0,  7.82%, 30, 50.0, 6.0,
70.0, 100, 40, 30,  10,  4,  0, 0.0,  -1%, 45, 50.0, 86.54,
70.0, 100, 40, 30,  10,  9,  0, 0.0,  -1%, 60, 41.44, 152.0,
70.0, 100, 40, 30,  10,  10,  0, 0.0,  -1%, 75, 33.02, 170.4,
70.0, 100, 40, 30,  10,  10,  0, 0.0,  -1%, 90, 23.01, 186.57,
70.0, 100, 40, 30,  10,  10,  0, 0.0,  -1%, 115, 17.47, 190.58,
70.0, 100, 40, 30,  10,  10,  0, 0.0,  -1%, 150, 11.37, 207.31,
70.0, 100, 40, 30,  10,  10,  0, 0.0,  -1%, 165, 9.78, 223.94,
70.0, 100, 40, 30,  10,  10,  0, 0.0,  -1%, 180, 8.52, 224.48,
70.0, 100, 45, 30,  0,  0,  10, 100.0,  51.81%, 15, 49.99, -44.1,
70.0, 100, 45, 30,  8,  0,  2, 20.0,  2.64%, 30, 49.99, 15.07,
70.0, 100, 45, 30,  10,  4,  0, 0.0,  -1%, 45, 49.99, 95.0,
70.0, 100, 45, 30,  10,  10,  0, 0.0,  -1%, 60, 44.88, 152.66,
70.0, 100, 45, 30,  10,  10,  0, 0.0,  -1%, 75, 31.57, 170.46,
70.0, 100, 45, 30,  10,  10,  0, 0.0,  -1%, 90, 22.6, 186.01,
70.0, 100, 45, 30,  10,  10,  0, 0.0,  -1%, 115, 16.27, 204.31,
70.0, 100, 45, 30,  10,  10,  0, 0.0,  -1%, 150, 10.77, 218.07,
70.0, 100, 45, 30,  10,  10,  0, 0.0,  -1%, 165, 9.55, 208.0,
70.0, 100, 45, 30,  10,  10,  0, 0.0,  -1%, 180, 7.85, 218.05,
70.0, 100, 50, 30,  0,  0,  10, 100.0,  48.71%, 15, 49.99, -41.43,
70.0, 100, 50, 30,  9,  0,  1, 10.0,  1.55%, 30, 49.99, 19.12,
70.0, 100, 50, 30,  10,  6,  0, 0.0,  -1%, 45, 49.99, 130.64,
70.0, 100, 50, 30,  10,  10,  0, 0.0,  -1%, 60, 34.79, 157.12,
70.0, 100, 50, 30,  10,  10,  0, 0.0,  -1%, 75, 30.29, 193.87,
70.0, 100, 50, 30,  10,  10,  0, 0.0,  -1%, 90, 23.24, 188.02,
70.0, 100, 50, 30,  10,  10,  0, 0.0,  -1%, 115, 18.31, 193.72,
70.0, 100, 50, 30,  10,  10,  0, 0.0,  -1%, 150, 10.74, 205.33,
70.0, 100, 50, 30,  10,  10,  0, 0.0,  -1%, 165, 9.95, 218.47,
70.0, 100, 50, 30,  10,  10,  0, 0.0,  -1%, 180, 7.62, 220.52,
70.0, 100, 5, 30,  0,  0,  10, 100.0,  56.4%, 15, 49.99, -50.16,
70.0, 100, 5, 30,  7,  0,  3, 30.0,  8.78%, 30, 49.99, 2.42,
70.0, 100, 5, 30,  10,  1,  0, 0.0,  -1%, 45, 49.99, 50.3,
70.0, 100, 5, 30,  9,  7,  1, 10.0,  -0.04%, 60, 49.99, 122.26,
70.0, 100, 5, 30,  10,  8,  0, 0.0,  -1%, 75, 36.99, 138.91,
70.0, 100, 5, 30,  10,  10,  0, 0.0,  -1%, 90, 30.43, 154.44,
70.0, 100, 5, 30,  10,  10,  0, 0.0,  -1%, 115, 24.04, 162.94,
70.0, 100, 5, 30,  10,  10,  0, 0.0,  -1%, 150, 16.26, 187.33,
70.0, 100, 5, 30,  10,  10,  0, 0.0,  -1%, 165, 17.15, 158.64,
70.0, 100, 5, 30,  10,  10,  0, 0.0,  -1%, 180, 13.24, 193.88,
70.0, 100, 10, 30,  0,  0,  10, 100.0,  53.74%, 15, 50.0, -46.53,
70.0, 100, 10, 30,  5,  0,  5, 50.0,  8.51%, 30, 49.99, -1.7,
70.0, 100, 10, 30,  10,  1,  0, 0.0,  -1%, 45, 50.0, 51.78,
70.0, 100, 10, 30,  10,  8,  0, 0.0,  -1%, 60, 49.99, 122.16,
70.0, 100, 10, 30,  10,  10,  0, 0.0,  -1%, 75, 34.92, 151.82,
70.0, 100, 10, 30,  10,  9,  0, 0.0,  -1%, 90, 30.4, 155.36,
70.0, 100, 10, 30,  10,  10,  0, 0.0,  -1%, 115, 19.0, 187.16,
70.0, 100, 10, 30,  10,  10,  0, 0.0,  -1%, 150, 16.18, 190.79,
70.0, 100, 10, 30,  10,  10,  0, 0.0,  -1%, 165, 14.37, 197.96,
70.0, 100, 10, 30,  10,  10,  0, 0.0,  -1%, 180, 13.43, 234.11,
70.0, 100, 15, 30,  0,  0,  10, 100.0,  53.57%, 15, 49.99, -50.31,
70.0, 100, 15, 30,  10,  0,  0, 0.0,  -1%, 30, 49.99, 17.48,
70.0, 100, 15, 30,  10,  4,  0, 0.0,  -1%, 45, 50.0, 73.21,
70.0, 100, 15, 30,  10,  10,  0, 0.0,  -1%, 60, 47.13, 149.63,
70.0, 100, 15, 30,  10,  9,  0, 0.0,  -1%, 75, 37.1, 152.36,
70.0, 100, 15, 30,  10,  10,  0, 0.0,  -1%, 90, 23.73, 173.1,
70.0, 100, 15, 30,  10,  10,  0, 0.0,  -1%, 115, 16.76, 185.69,
70.0, 100, 15, 30,  10,  10,  0, 0.0,  -1%, 150, 13.33, 187.45,
70.0, 100, 15, 30,  10,  10,  0, 0.0,  -1%, 165, 11.84, 189.62,
70.0, 100, 15, 30,  10,  10,  0, 0.0,  -1%, 180, 10.64, 204.45,
70.0, 100, 20, 30,  0,  0,  10, 100.0,  50.89%, 15, 50.0, -43.11,
70.0, 100, 20, 30,  6,  0,  4, 40.0,  11.82%, 30, 49.99, 11.35,
70.0, 100, 20, 30,  10,  2,  0, 0.0,  -1%, 45, 50.0, 75.34,
70.0, 100, 20, 30,  10,  10,  0, 0.0,  -1%, 60, 43.28, 154.86,
70.0, 100, 20, 30,  10,  10,  0, 0.0,  -1%, 75, 32.94, 163.16,
70.0, 100, 20, 30,  10,  10,  0, 0.0,  -1%, 90, 26.82, 167.84,
70.0, 100, 20, 30,  10,  10,  0, 0.0,  -1%, 115, 20.61, 196.87,
70.0, 100, 20, 30,  10,  10,  0, 0.0,  -1%, 150, 12.6, 204.91,
70.0, 100, 20, 30,  10,  10,  0, 0.0,  -1%, 165, 10.11, 196.55,
70.0, 100, 20, 30,  10,  10,  0, 0.0,  -1%, 180, 10.01, 224.59,
70.0, 100, 25, 30,  0,  0,  10, 100.0,  55.1%, 15, 50.0, -47.54,
70.0, 100, 25, 30,  9,  0,  1, 10.0,  0.41%, 30, 50.0, 8.16,
70.0, 100, 25, 30,  10,  4,  0, 0.0,  -1%, 45, 49.99, 89.08,
70.0, 100, 25, 30,  10,  10,  0, 0.0,  -1%, 60, 43.54, 148.24,
70.0, 100, 25, 30,  10,  10,  0, 0.0,  -1%, 75, 33.04, 166.74,
70.0, 100, 25, 30,  10,  10,  0, 0.0,  -1%, 90, 28.94, 173.85,
70.0, 100, 25, 30,  10,  10,  0, 0.0,  -1%, 115, 17.04, 182.66,
70.0, 100, 25, 30,  10,  10,  0, 0.0,  -1%, 150, 11.92, 212.34,
70.0, 100, 25, 30,  10,  10,  0, 0.0,  -1%, 165, 9.54, 208.98,
70.0, 100, 25, 30,  10,  10,  0, 0.0,  -1%, 180, 9.15, 217.85,
70.0, 100, 30, 30,  0,  0,  10, 100.0,  51.38%, 15, 50.0, -47.4,
70.0, 100, 30, 30,  5,  0,  5, 50.0,  8.32%, 30, 49.99, 1.54,
70.0, 100, 30, 30,  10,  6,  0, 0.0,  -1%, 45, 49.99, 117.84,
70.0, 100, 30, 30,  10,  10,  0, 0.0,  -1%, 60, 40.32, 171.48,
70.0, 100, 30, 30,  10,  10,  0, 0.0,  -1%, 75, 35.49, 160.31,
70.0, 100, 30, 30,  10,  10,  0, 0.0,  -1%, 90, 22.38, 184.95,
70.0, 100, 30, 30,  10,  10,  0, 0.0,  -1%, 115, 18.95, 190.77,
70.0, 100, 30, 30,  10,  10,  0, 0.0,  -1%, 150, 11.73, 203.07,
70.0, 100, 30, 30,  10,  10,  0, 0.0,  -1%, 165, 10.44, 222.31,
70.0, 100, 30, 30,  10,  10,  0, 0.0,  -1%, 180, 9.02, 216.74,
70.0, 100, 35, 30,  0,  0,  10, 100.0,  47.81%, 15, 50.0, -38.99,
70.0, 100, 35, 30,  6,  0,  4, 40.0,  4.07%, 30, 50.0, 8.67,
70.0, 100, 35, 30,  10,  5,  0, 0.0,  -1%, 45, 49.99, 99.37,
70.0, 100, 35, 30,  10,  9,  0, 0.0,  -1%, 60, 38.92, 159.02,
70.0, 100, 35, 30,  10,  10,  0, 0.0,  -1%, 75, 29.89, 175.97,
70.0, 100, 35, 30,  10,  10,  0, 0.0,  -1%, 90, 24.46, 179.47,
70.0, 100, 35, 30,  10,  10,  0, 0.0,  -1%, 115, 18.68, 192.35,
70.0, 100, 35, 30,  10,  10,  0, 0.0,  -1%, 150, 11.48, 215.79,
70.0, 100, 35, 30,  10,  10,  0, 0.0,  -1%, 165, 9.54, 202.91,
70.0, 100, 35, 30,  10,  10,  0, 0.0,  -1%, 180, 9.36, 234.63,
70.0, 100, 40, 30,  0,  0,  10, 100.0,  48.82%, 15, 50.0, -43.69,
70.0, 100, 40, 30,  7,  0,  3, 30.0,  1.49%, 30, 49.99, 5.2,
70.0, 100, 40, 30,  10,  4,  0, 0.0,  -1%, 45, 50.0, 90.89,
70.0, 100, 40, 30,  10,  9,  0, 0.0,  -1%, 60, 45.48, 156.43,
70.0, 100, 40, 30,  10,  10,  0, 0.0,  -1%, 75, 33.18, 180.76,
70.0, 100, 40, 30,  10,  10,  0, 0.0,  -1%, 90, 24.88, 169.53,
70.0, 100, 40, 30,  10,  10,  0, 0.0,  -1%, 115, 15.8, 200.47,
70.0, 100, 40, 30,  10,  10,  0, 0.0,  -1%, 150, 11.53, 216.23,
70.0, 100, 40, 30,  10,  10,  0, 0.0,  -1%, 165, 10.29, 219.1,
70.0, 100, 40, 30,  10,  10,  0, 0.0,  -1%, 180, 9.14, 218.0,
70.0, 100, 45, 30,  0,  0,  10, 100.0,  49.44%, 15, 49.99, -41.95,
70.0, 100, 45, 30,  6,  0,  4, 40.0,  4.19%, 30, 50.0, 4.58,
70.0, 100, 45, 30,  10,  4,  0, 0.0,  -1%, 45, 50.0, 96.46,
70.0, 100, 45, 30,  10,  10,  0, 0.0,  -1%, 60, 45.35, 160.93,
70.0, 100, 45, 30,  10,  10,  0, 0.0,  -1%, 75, 30.63, 176.38,
70.0, 100, 45, 30,  10,  10,  0, 0.0,  -1%, 90, 24.36, 186.21,
70.0, 100, 45, 30,  10,  10,  0, 0.0,  -1%, 115, 18.75, 207.57,
70.0, 100, 45, 30,  10,  10,  0, 0.0,  -1%, 150, 11.08, 221.33,
70.0, 100, 45, 30,  10,  10,  0, 0.0,  -1%, 165, 9.05, 212.77,
70.0, 100, 45, 30,  10,  10,  0, 0.0,  -1%, 180, 8.29, 222.65,
70.0, 100, 50, 30,  0,  0,  10, 100.0,  48.01%, 15, 49.99, -41.28,
70.0, 100, 50, 30,  8,  0,  2, 20.0,  2.13%, 30, 49.99, 25.57,
70.0, 100, 50, 30,  10,  4,  0, 0.0,  -1%, 45, 49.99, 88.47,
70.0, 100, 50, 30,  10,  9,  0, 0.0,  -1%, 60, 44.61, 156.96,
70.0, 100, 50, 30,  10,  10,  0, 0.0,  -1%, 75, 31.71, 190.09,
70.0, 100, 50, 30,  10,  10,  0, 0.0,  -1%, 90, 24.52, 190.89,
70.0, 100, 50, 30,  10,  10,  0, 0.0,  -1%, 115, 16.06, 196.12,
70.0, 100, 50, 30,  10,  10,  0, 0.0,  -1%, 150, 10.99, 209.69,
70.0, 100, 50, 30,  10,  10,  0, 0.0,  -1%, 165, 9.7, 219.34,
70.0, 100, 50, 30,  10,  10,  0, 0.0,  -1%, 180, 7.4, 224.58,
70.0, 100, 5, 30,  0,  0,  10, 100.0,  55.72%, 15, 50.0, -49.05,
70.0, 100, 5, 30,  4,  0,  6, 60.0,  14.65%, 30, 50.0, -15.94,
70.0, 100, 5, 30,  9,  1,  1, 10.0,  1.4%, 45, 50.0, 40.75,
70.0, 100, 5, 30,  9,  7,  1, 10.0,  7.07%, 60, 49.99, 133.74,
70.0, 100, 5, 30,  10,  8,  0, 0.0,  -1%, 75, 36.82, 145.8,
70.0, 100, 5, 30,  10,  10,  0, 0.0,  -1%, 90, 33.35, 157.15,
70.0, 100, 5, 30,  10,  10,  0, 0.0,  -1%, 115, 24.55, 162.8,
70.0, 100, 5, 30,  10,  10,  0, 0.0,  -1%, 150, 14.77, 180.07,
70.0, 100, 5, 30,  10,  10,  0, 0.0,  -1%, 165, 16.03, 198.22,
70.0, 100, 5, 30,  10,  10,  0, 0.0,  -1%, 180, 13.19, 190.53,
70.0, 100, 10, 30,  0,  0,  10, 100.0,  54.76%, 15, 50.0, -49.54,
70.0, 100, 10, 30,  1,  0,  9, 90.0,  18.31%, 30, 49.99, -17.27,
70.0, 100, 10, 30,  9,  1,  1, 10.0,  1.55%, 45, 49.99, 64.05,
70.0, 100, 10, 30,  10,  7,  0, 0.0,  -1%, 60, 48.12, 144.88,
70.0, 100, 10, 30,  10,  10,  0, 0.0,  -1%, 75, 36.18, 152.79,
70.0, 100, 10, 30,  10,  10,  0, 0.0,  -1%, 90, 29.85, 156.48,
70.0, 100, 10, 30,  10,  10,  0, 0.0,  -1%, 115, 19.65, 188.23,
70.0, 100, 10, 30,  10,  10,  0, 0.0,  -1%, 150, 13.52, 178.18,
70.0, 100, 10, 30,  10,  10,  0, 0.0,  -1%, 165, 12.19, 194.27,
70.0, 100, 10, 30,  10,  10,  0, 0.0,  -1%, 180, 11.58, 190.91,
70.0, 100, 15, 30,  0,  0,  10, 100.0,  55.6%, 15, 49.99, -50.03,
70.0, 100, 15, 30,  4,  0,  6, 60.0,  6.41%, 30, 49.99, -1.14,
70.0, 100, 15, 30,  10,  2,  0, 0.0,  -1%, 45, 50.0, 76.92,
70.0, 100, 15, 30,  10,  9,  0, 0.0,  -1%, 60, 48.0, 132.46,
70.0, 100, 15, 30,  10,  10,  0, 0.0,  -1%, 75, 35.86, 161.53,
70.0, 100, 15, 30,  10,  10,  0, 0.0,  -1%, 90, 24.62, 177.28,
70.0, 100, 15, 30,  10,  10,  0, 0.0,  -1%, 115, 17.8, 175.67,
70.0, 100, 15, 30,  10,  10,  0, 0.0,  -1%, 150, 14.22, 187.02,
70.0, 100, 15, 30,  10,  10,  0, 0.0,  -1%, 165, 12.41, 204.49,
70.0, 100, 15, 30,  10,  10,  0, 0.0,  -1%, 180, 9.78, 217.33,
70.0, 100, 20, 30,  0,  0,  10, 100.0,  53.87%, 15, 49.99, -50.6,
70.0, 100, 20, 30,  4,  0,  6, 60.0,  7.39%, 30, 49.99, -2.41,
70.0, 100, 20, 30,  10,  4,  0, 0.0,  -1%, 45, 49.99, 88.72,
70.0, 100, 20, 30,  10,  8,  0, 0.0,  -1%, 60, 46.06, 144.73,
70.0, 100, 20, 30,  10,  9,  0, 0.0,  -1%, 75, 34.36, 173.98,
70.0, 100, 20, 30,  10,  10,  0, 0.0,  -1%, 90, 27.23, 180.52,
70.0, 100, 20, 30,  10,  10,  0, 0.0,  -1%, 115, 17.8, 188.87,
70.0, 100, 20, 30,  10,  10,  0, 0.0,  -1%, 150, 12.72, 206.58,
70.0, 100, 20, 30,  10,  10,  0, 0.0,  -1%, 165, 10.83, 198.04,
70.0, 100, 20, 30,  10,  10,  0, 0.0,  -1%, 180, 9.15, 216.7,
70.0, 100, 25, 30,  0,  0,  10, 100.0,  50.57%, 15, 49.99, -42.34,
70.0, 100, 25, 30,  7,  0,  3, 30.0,  7.95%, 30, 49.99, 7.53,
70.0, 100, 25, 30,  10,  6,  0, 0.0,  -1%, 45, 49.99, 105.74,
70.0, 100, 25, 30,  10,  9,  0, 0.0,  -1%, 60, 49.54, 137.46,
70.0, 100, 25, 30,  10,  10,  0, 0.0,  -1%, 75, 33.4, 158.15,
70.0, 100, 25, 30,  10,  10,  0, 0.0,  -1%, 90, 24.42, 179.22,
70.0, 100, 25, 30,  10,  10,  0, 0.0,  -1%, 115, 16.48, 195.15,
70.0, 100, 25, 30,  10,  10,  0, 0.0,  -1%, 150, 13.95, 204.74,
70.0, 100, 25, 30,  10,  10,  0, 0.0,  -1%, 165, 11.34, 213.08,
70.0, 100, 25, 30,  10,  10,  0, 0.0,  -1%, 180, 9.3, 209.86,
70.0, 100, 30, 30,  0,  0,  10, 100.0,  48.78%, 15, 49.99, -40.23,
70.0, 100, 30, 30,  7,  0,  3, 30.0,  8.62%, 30, 50.0, 4.37,
70.0, 100, 30, 30,  10,  3,  0, 0.0,  -1%, 45, 50.0, 77.96,
70.0, 100, 30, 30,  10,  9,  0, 0.0,  -1%, 60, 45.25, 136.78,
70.0, 100, 30, 30,  10,  10,  0, 0.0,  -1%, 75, 37.55, 174.18,
70.0, 100, 30, 30,  10,  10,  0, 0.0,  -1%, 90, 26.39, 184.52,
70.0, 100, 30, 30,  10,  10,  0, 0.0,  -1%, 115, 17.42, 189.35,
70.0, 100, 30, 30,  10,  10,  0, 0.0,  -1%, 150, 12.86, 214.31,
70.0, 100, 30, 30,  10,  10,  0, 0.0,  -1%, 165, 10.5, 219.09,
70.0, 100, 30, 30,  10,  10,  0, 0.0,  -1%, 180, 9.21, 219.22,
70.0, 100, 35, 30,  0,  0,  10, 100.0,  51.46%, 15, 49.99, -48.1,
70.0, 100, 35, 30,  7,  0,  3, 30.0,  4.01%, 30, 50.0, 11.52,
70.0, 100, 35, 30,  10,  6,  0, 0.0,  -1%, 45, 49.99, 104.75,
70.0, 100, 35, 30,  10,  10,  0, 0.0,  -1%, 60, 43.47, 147.8,
70.0, 100, 35, 30,  10,  10,  0, 0.0,  -1%, 75, 31.74, 172.96,
70.0, 100, 35, 30,  10,  10,  0, 0.0,  -1%, 90, 23.4, 187.58,
70.0, 100, 35, 30,  10,  10,  0, 0.0,  -1%, 115, 15.91, 191.76,
70.0, 100, 35, 30,  10,  10,  0, 0.0,  -1%, 150, 11.43, 201.25,
70.0, 100, 35, 30,  10,  10,  0, 0.0,  -1%, 165, 11.44, 219.92,
70.0, 100, 35, 30,  10,  10,  0, 0.0,  -1%, 180, 9.47, 210.03,
70.0, 100, 40, 30,  0,  0,  10, 100.0,  49.58%, 15, 49.99, -43.71,
70.0, 100, 40, 30,  9,  0,  1, 10.0,  0.26%, 30, 49.99, 22.1,
70.0, 100, 40, 30,  10,  4,  0, 0.0,  -1%, 45, 49.99, 96.54,
70.0, 100, 40, 30,  10,  10,  0, 0.0,  -1%, 60, 43.8, 163.62,
70.0, 100, 40, 30,  10,  10,  0, 0.0,  -1%, 75, 32.5, 170.47,
70.0, 100, 40, 30,  10,  10,  0, 0.0,  -1%, 90, 25.65, 189.91,
70.0, 100, 40, 30,  10,  10,  0, 0.0,  -1%, 115, 16.83, 194.32,
70.0, 100, 40, 30,  10,  10,  0, 0.0,  -1%, 150, 11.47, 213.17,
70.0, 100, 40, 30,  10,  10,  0, 0.0,  -1%, 165, 8.81, 215.51,
70.0, 100, 40, 30,  10,  10,  0, 0.0,  -1%, 180, 8.66, 221.45,
70.0, 100, 45, 30,  0,  0,  10, 100.0,  48.98%, 15, 49.99, -41.61,
70.0, 100, 45, 30,  8,  0,  2, 20.0,  1.44%, 30, 50.0, 17.68,
70.0, 100, 45, 30,  10,  3,  0, 0.0,  -1%, 45, 49.99, 86.65,
70.0, 100, 45, 30,  10,  10,  0, 0.0,  -1%, 60, 38.06, 161.03,
70.0, 100, 45, 30,  10,  10,  0, 0.0,  -1%, 75, 31.97, 170.31,
70.0, 100, 45, 30,  10,  10,  0, 0.0,  -1%, 90, 25.39, 187.11,
70.0, 100, 45, 30,  10,  10,  0, 0.0,  -1%, 115, 16.62, 183.09,
70.0, 100, 45, 30,  10,  10,  0, 0.0,  -1%, 150, 10.98, 215.6,
70.0, 100, 45, 30,  10,  10,  0, 0.0,  -1%, 165, 9.75, 223.2,
70.0, 100, 45, 30,  10,  10,  0, 0.0,  -1%, 180, 8.2, 225.61,
70.0, 100, 50, 30,  0,  0,  10, 100.0,  46.29%, 15, 50.0, -38.98,
70.0, 100, 50, 30,  8,  0,  2, 20.0,  1.69%, 30, 49.99, 15.67,
70.0, 100, 50, 30,  10,  8,  0, 0.0,  -1%, 45, 49.99, 109.95,
70.0, 100, 50, 30,  10,  10,  0, 0.0,  -1%, 60, 45.39, 164.48,
70.0, 100, 50, 30,  10,  10,  0, 0.0,  -1%, 75, 30.15, 179.11,
70.0, 100, 50, 30,  10,  10,  0, 0.0,  -1%, 90, 23.99, 180.42,
70.0, 100, 50, 30,  10,  10,  0, 0.0,  -1%, 115, 17.03, 197.66,
70.0, 100, 50, 30,  10,  10,  0, 0.0,  -1%, 150, 10.74, 210.12,
70.0, 100, 50, 30,  10,  10,  0, 0.0,  -1%, 165, 9.33, 220.58,
70.0, 100, 50, 30,  10,  10,  0, 0.0,  -1%, 180, 8.1, 220.98,
70.0, 100, 5, 30,  0,  0,  10, 100.0,  55.2%, 15, 49.99, -48.7,
70.0, 100, 5, 30,  6,  0,  4, 40.0,  9.31%, 30, 50.0, 5.82,
70.0, 100, 5, 30,  9,  0,  1, 10.0,  1.9%, 45, 50.0, 53.65,
70.0, 100, 5, 30,  10,  7,  0, 0.0,  -1%, 60, 49.99, 112.73,
70.0, 100, 5, 30,  10,  9,  0, 0.0,  -1%, 75, 44.19, 139.87,
70.0, 100, 5, 30,  10,  10,  0, 0.0,  -1%, 90, 32.07, 164.3,
70.0, 100, 5, 30,  10,  10,  0, 0.0,  -1%, 115, 22.7, 146.95,
70.0, 100, 5, 30,  10,  10,  0, 0.0,  -1%, 150, 14.32, 170.82,
70.0, 100, 5, 30,  10,  10,  0, 0.0,  -1%, 165, 12.77, 176.41,
70.0, 100, 5, 30,  10,  10,  0, 0.0,  -1%, 180, 17.19, 188.38,
70.0, 100, 10, 30,  0,  0,  10, 100.0,  51.89%, 15, 50.0, -45.65,
70.0, 100, 10, 30,  6,  0,  4, 40.0,  5.04%, 30, 49.99, 4.32,
70.0, 100, 10, 30,  10,  1,  0, 0.0,  -1%, 45, 49.99, 44.07,
70.0, 100, 10, 30,  10,  8,  0, 0.0,  -1%, 60, 48.28, 118.99,
70.0, 100, 10, 30,  10,  10,  0, 0.0,  -1%, 75, 37.6, 156.38,
70.0, 100, 10, 30,  10,  9,  0, 0.0,  -1%, 90, 30.44, 165.67,
70.0, 100, 10, 30,  10,  9,  0, 0.0,  -1%, 115, 26.14, 174.51,
70.0, 100, 10, 30,  10,  10,  0, 0.0,  -1%, 150, 14.17, 202.19,
70.0, 100, 10, 30,  10,  10,  0, 0.0,  -1%, 165, 11.9, 200.25,
70.0, 100, 10, 30,  10,  10,  0, 0.0,  -1%, 180, 11.85, 213.82,
70.0, 100, 15, 30,  0,  0,  10, 100.0,  50.86%, 15, 50.0, -44.31,
70.0, 100, 15, 30,  7,  0,  3, 30.0,  5.37%, 30, 50.0, 17.59,
70.0, 100, 15, 30,  10,  3,  0, 0.0,  -1%, 45, 49.99, 73.47,
70.0, 100, 15, 30,  10,  8,  0, 0.0,  -1%, 60, 46.41, 147.44,
70.0, 100, 15, 30,  10,  10,  0, 0.0,  -1%, 75, 33.25, 160.35,
70.0, 100, 15, 30,  10,  10,  0, 0.0,  -1%, 90, 31.11, 174.03,
70.0, 100, 15, 30,  10,  10,  0, 0.0,  -1%, 115, 17.99, 193.25,
70.0, 100, 15, 30,  10,  10,  0, 0.0,  -1%, 150, 13.64, 200.11,
70.0, 100, 15, 30,  10,  10,  0, 0.0,  -1%, 165, 12.84, 198.74,
70.0, 100, 15, 30,  10,  10,  0, 0.0,  -1%, 180, 9.17, 218.38,
70.0, 100, 20, 30,  0,  0,  10, 100.0,  51.14%, 15, 50.0, -45.19,
70.0, 100, 20, 30,  6,  0,  4, 40.0,  7.43%, 30, 50.0, 1.58,
70.0, 100, 20, 30,  10,  3,  0, 0.0,  -1%, 45, 50.0, 69.47,
70.0, 100, 20, 30,  10,  8,  0, 0.0,  -1%, 60, 46.37, 137.88,
70.0, 100, 20, 30,  10,  10,  0, 0.0,  -1%, 75, 36.58, 165.99,
70.0, 100, 20, 30,  10,  10,  0, 0.0,  -1%, 90, 26.98, 181.7,
70.0, 100, 20, 30,  10,  10,  0, 0.0,  -1%, 115, 19.39, 179.89,
70.0, 100, 20, 30,  10,  10,  0, 0.0,  -1%, 150, 12.02, 208.19,
70.0, 100, 20, 30,  10,  10,  0, 0.0,  -1%, 165, 10.91, 201.66,
70.0, 100, 20, 30,  10,  10,  0, 0.0,  -1%, 180, 10.04, 214.25,
70.0, 100, 25, 30,  0,  0,  10, 100.0,  52.64%, 15, 49.99, -48.4,
70.0, 100, 25, 30,  9,  0,  1, 10.0,  1.53%, 30, 49.99, 10.47,
70.0, 100, 25, 30,  10,  2,  0, 0.0,  -1%, 45, 49.99, 64.8,
70.0, 100, 25, 30,  10,  8,  0, 0.0,  -1%, 60, 48.97, 147.53,
70.0, 100, 25, 30,  10,  10,  0, 0.0,  -1%, 75, 34.01, 166.85,
70.0, 100, 25, 30,  10,  10,  0, 0.0,  -1%, 90, 26.23, 183.3,
70.0, 100, 25, 30,  10,  10,  0, 0.0,  -1%, 115, 19.48, 188.95,
70.0, 100, 25, 30,  10,  10,  0, 0.0,  -1%, 150, 12.57, 210.61,
70.0, 100, 25, 30,  10,  10,  0, 0.0,  -1%, 165, 9.88, 191.73,
70.0, 100, 25, 30,  10,  10,  0, 0.0,  -1%, 180, 8.92, 209.15,
70.0, 100, 30, 30,  0,  0,  10, 100.0,  49.13%, 15, 49.99, -44.77,
70.0, 100, 30, 30,  8,  0,  2, 20.0,  1.64%, 30, 50.0, 14.06,
70.0, 100, 30, 30,  10,  5,  0, 0.0,  -1%, 45, 49.99, 99.41,
70.0, 100, 30, 30,  10,  10,  0, 0.0,  -1%, 60, 43.25, 164.46,
70.0, 100, 30, 30,  10,  10,  0, 0.0,  -1%, 75, 30.56, 165.78,
70.0, 100, 30, 30,  10,  10,  0, 0.0,  -1%, 90, 27.31, 188.07,
70.0, 100, 30, 30,  10,  10,  0, 0.0,  -1%, 115, 16.79, 183.26,
70.0, 100, 30, 30,  10,  10,  0, 0.0,  -1%, 150, 13.24, 211.89,
70.0, 100, 30, 30,  10,  10,  0, 0.0,  -1%, 165, 9.93, 206.13,
70.0, 100, 30, 30,  10,  10,  0, 0.0,  -1%, 180, 8.46, 214.29,
70.0, 100, 35, 30,  0,  0,  10, 100.0,  51.91%, 15, 49.99, -45.91,
70.0, 100, 35, 30,  9,  0,  1, 10.0,  0.22%, 30, 49.99, 11.24,
70.0, 100, 35, 30,  10,  6,  0, 0.0,  -1%, 45, 49.99, 115.75,
70.0, 100, 35, 30,  10,  10,  0, 0.0,  -1%, 60, 38.27, 164.02,
70.0, 100, 35, 30,  10,  10,  0, 0.0,  -1%, 75, 31.73, 168.33,
70.0, 100, 35, 30,  10,  10,  0, 0.0,  -1%, 90, 23.34, 195.92,
70.0, 100, 35, 30,  10,  10,  0, 0.0,  -1%, 115, 18.2, 194.76,
70.0, 100, 35, 30,  10,  10,  0, 0.0,  -1%, 150, 11.31, 210.24,
70.0, 100, 35, 30,  10,  10,  0, 0.0,  -1%, 165, 10.1, 224.01,
70.0, 100, 35, 30,  10,  10,  0, 0.0,  -1%, 180, 8.47, 214.58,
70.0, 100, 40, 30,  0,  0,  10, 100.0,  48.57%, 15, 50.0, -41.93,
70.0, 100, 40, 30,  7,  0,  3, 30.0,  3.4%, 30, 50.0, 25.0,
70.0, 100, 40, 30,  10,  6,  0, 0.0,  -1%, 45, 50.0, 104.06,
70.0, 100, 40, 30,  10,  10,  0, 0.0,  -1%, 60, 43.47, 158.12,
70.0, 100, 40, 30,  10,  10,  0, 0.0,  -1%, 75, 31.53, 168.12,
70.0, 100, 40, 30,  10,  10,  0, 0.0,  -1%, 90, 24.92, 179.23,
70.0, 100, 40, 30,  10,  10,  0, 0.0,  -1%, 115, 17.57, 190.88,
70.0, 100, 40, 30,  10,  10,  0, 0.0,  -1%, 150, 11.19, 216.27,
70.0, 100, 40, 30,  10,  10,  0, 0.0,  -1%, 165, 9.26, 221.6,
70.0, 100, 40, 30,  10,  10,  0, 0.0,  -1%, 180, 8.33, 215.55,
70.0, 100, 45, 30,  0,  0,  10, 100.0,  52.04%, 15, 49.99, -46.33,
70.0, 100, 45, 30,  8,  0,  2, 20.0,  3.61%, 30, 49.99, 16.84,
70.0, 100, 45, 30,  10,  6,  0, 0.0,  -1%, 45, 49.99, 107.2,
70.0, 100, 45, 30,  10,  10,  0, 0.0,  -1%, 60, 40.71, 165.94,
70.0, 100, 45, 30,  10,  10,  0, 0.0,  -1%, 75, 28.93, 176.07,
70.0, 100, 45, 30,  10,  10,  0, 0.0,  -1%, 90, 22.8, 173.77,
70.0, 100, 45, 30,  10,  10,  0, 0.0,  -1%, 115, 16.46, 202.05,
70.0, 100, 45, 30,  10,  10,  0, 0.0,  -1%, 150, 10.11, 221.87,
70.0, 100, 45, 30,  10,  10,  0, 0.0,  -1%, 165, 10.07, 212.86,
70.0, 100, 45, 30,  10,  10,  0, 0.0,  -1%, 180, 7.8, 223.5,
70.0, 100, 50, 30,  0,  0,  10, 100.0,  46.66%, 15, 49.99, -39.86,
70.0, 100, 50, 30,  6,  0,  4, 40.0,  4.48%, 30, 49.99, 14.97,
70.0, 100, 50, 30,  10,  7,  0, 0.0,  -1%, 45, 49.99, 109.82,
70.0, 100, 50, 30,  10,  10,  0, 0.0,  -1%, 60, 42.94, 166.89,
70.0, 100, 50, 30,  10,  10,  0, 0.0,  -1%, 75, 29.77, 169.31,
70.0, 100, 50, 30,  10,  10,  0, 0.0,  -1%, 90, 25.48, 186.69,
70.0, 100, 50, 30,  10,  10,  0, 0.0,  -1%, 115, 14.99, 205.05,
70.0, 100, 50, 30,  10,  10,  0, 0.0,  -1%, 150, 10.76, 218.58,
70.0, 100, 50, 30,  10,  10,  0, 0.0,  -1%, 165, 10.1, 220.64,
70.0, 100, 50, 30,  10,  10,  0, 0.0,  -1%, 180, 7.53, 220.9,
70.0, 100, 5, 30,  0,  0,  10, 100.0,  54.33%, 15, 50.0, -46.76,
70.0, 100, 5, 30,  3,  0,  7, 70.0,  13.12%, 30, 49.99, -5.49,
70.0, 100, 5, 30,  9,  0,  1, 10.0,  2.88%, 45, 50.0, 30.47,
70.0, 100, 5, 30,  10,  7,  0, 0.0,  -1%, 60, 49.35, 127.61,
70.0, 100, 5, 30,  10,  8,  0, 0.0,  -1%, 75, 42.05, 147.59,
70.0, 100, 5, 30,  10,  10,  0, 0.0,  -1%, 90, 29.78, 153.52,
70.0, 100, 5, 30,  10,  10,  0, 0.0,  -1%, 115, 22.85, 158.08,
70.0, 100, 5, 30,  10,  10,  0, 0.0,  -1%, 150, 16.82, 171.27,
70.0, 100, 5, 30,  10,  10,  0, 0.0,  -1%, 165, 15.47, 186.81,
70.0, 100, 5, 30,  10,  10,  0, 0.0,  -1%, 180, 14.52, 192.03,
70.0, 100, 10, 30,  0,  0,  10, 100.0,  54.04%, 15, 49.99, -47.06,
70.0, 100, 10, 30,  8,  0,  2, 20.0,  2.43%, 30, 49.99, 9.86,
70.0, 100, 10, 30,  10,  0,  0, 0.0,  -1%, 45, 49.99, 40.93,
70.0, 100, 10, 30,  10,  7,  0, 0.0,  -1%, 60, 49.75, 122.81,
70.0, 100, 10, 30,  9,  9,  1, 10.0,  0.27%, 75, 36.62, 157.42,
70.0, 100, 10, 30,  10,  10,  0, 0.0,  -1%, 90, 31.73, 164.6,
70.0, 100, 10, 30,  10,  10,  0, 0.0,  -1%, 115, 22.8, 186.44,
70.0, 100, 10, 30,  10,  10,  0, 0.0,  -1%, 150, 13.79, 195.18,
70.0, 100, 10, 30,  10,  10,  0, 0.0,  -1%, 165, 13.93, 194.83,
70.0, 100, 10, 30,  10,  10,  0, 0.0,  -1%, 180, 10.45, 197.92,
70.0, 100, 15, 30,  0,  0,  10, 100.0,  54.06%, 15, 50.0, -47.6,
70.0, 100, 15, 30,  8,  0,  2, 20.0,  2.32%, 30, 49.99, 19.43,
70.0, 100, 15, 30,  10,  3,  0, 0.0,  -1%, 45, 49.99, 85.42,
70.0, 100, 15, 30,  10,  9,  0, 0.0,  -1%, 60, 46.44, 146.83,
70.0, 100, 15, 30,  10,  10,  0, 0.0,  -1%, 75, 33.72, 163.71,
70.0, 100, 15, 30,  10,  10,  0, 0.0,  -1%, 90, 33.12, 174.27,
70.0, 100, 15, 30,  10,  10,  0, 0.0,  -1%, 115, 20.05, 177.11,
70.0, 100, 15, 30,  10,  10,  0, 0.0,  -1%, 150, 11.56, 196.45,
70.0, 100, 15, 30,  10,  10,  0, 0.0,  -1%, 165, 10.4, 210.73,
70.0, 100, 15, 30,  10,  10,  0, 0.0,  -1%, 180, 11.47, 209.59,
70.0, 100, 20, 30,  0,  0,  10, 100.0,  51.95%, 15, 50.0, -46.68,
70.0, 100, 20, 30,  6,  0,  4, 40.0,  7.8%, 30, 50.0, 5.23,
70.0, 100, 20, 30,  10,  4,  0, 0.0,  -1%, 45, 49.99, 93.05,
70.0, 100, 20, 30,  10,  8,  0, 0.0,  -1%, 60, 48.0, 138.34,
70.0, 100, 20, 30,  10,  10,  0, 0.0,  -1%, 75, 33.88, 169.26,
70.0, 100, 20, 30,  10,  10,  0, 0.0,  -1%, 90, 27.32, 175.22,
70.0, 100, 20, 30,  10,  10,  0, 0.0,  -1%, 115, 18.61, 193.94,
70.0, 100, 20, 30,  10,  10,  0, 0.0,  -1%, 150, 11.88, 194.16,
70.0, 100, 20, 30,  10,  10,  0, 0.0,  -1%, 165, 10.78, 215.53,
70.0, 100, 20, 30,  10,  10,  0, 0.0,  -1%, 180, 10.51, 223.07,
70.0, 100, 25, 30,  0,  0,  10, 100.0,  50.85%, 15, 49.99, -45.0,
70.0, 100, 25, 30,  7,  0,  3, 30.0,  2.75%, 30, 49.99, 8.12,
70.0, 100, 25, 30,  10,  3,  0, 0.0,  -1%, 45, 49.99, 58.39,
70.0, 100, 25, 30,  10,  9,  0, 0.0,  -1%, 60, 46.08, 156.62,
70.0, 100, 25, 30,  10,  10,  0, 0.0,  -1%, 75, 34.37, 167.8,
70.0, 100, 25, 30,  10,  10,  0, 0.0,  -1%, 90, 26.5, 178.16,
70.0, 100, 25, 30,  10,  10,  0, 0.0,  -1%, 115, 17.47, 189.52,
70.0, 100, 25, 30,  10,  10,  0, 0.0,  -1%, 150, 12.79, 200.02,
70.0, 100, 25, 30,  10,  10,  0, 0.0,  -1%, 165, 11.08, 204.71,
70.0, 100, 25, 30,  10,  10,  0, 0.0,  -1%, 180, 9.72, 212.21,
70.0, 100, 30, 30,  0,  0,  10, 100.0,  48.61%, 15, 49.99, -43.87,
70.0, 100, 30, 30,  5,  0,  5, 50.0,  4.59%, 30, 49.99, 0.46,
70.0, 100, 30, 30,  10,  4,  0, 0.0,  -1%, 45, 49.99, 89.83,
70.0, 100, 30, 30,  10,  9,  0, 0.0,  -1%, 60, 46.17, 150.23,
70.0, 100, 30, 30,  10,  10,  0, 0.0,  -1%, 75, 31.13, 183.22,
70.0, 100, 30, 30,  10,  10,  0, 0.0,  -1%, 90, 26.18, 180.83,
70.0, 100, 30, 30,  10,  10,  0, 0.0,  -1%, 115, 17.3, 197.71,
70.0, 100, 30, 30,  10,  10,  0, 0.0,  -1%, 150, 13.2, 213.84,
70.0, 100, 30, 30,  10,  10,  0, 0.0,  -1%, 165, 10.29, 213.97,
70.0, 100, 30, 30,  10,  10,  0, 0.0,  -1%, 180, 8.6, 214.74,
70.0, 100, 35, 30,  0,  0,  10, 100.0,  50.9%, 15, 49.99, -44.71,
70.0, 100, 35, 30,  6,  0,  4, 40.0,  5.75%, 30, 49.99, 8.9,
70.0, 100, 35, 30,  10,  4,  0, 0.0,  -1%, 45, 50.0, 98.0,
70.0, 100, 35, 30,  10,  10,  0, 0.0,  -1%, 60, 42.12, 163.23,
70.0, 100, 35, 30,  10,  10,  0, 0.0,  -1%, 75, 32.51, 178.07,
70.0, 100, 35, 30,  10,  10,  0, 0.0,  -1%, 90, 22.16, 178.76,
70.0, 100, 35, 30,  10,  10,  0, 0.0,  -1%, 115, 18.22, 185.28,
70.0, 100, 35, 30,  10,  10,  0, 0.0,  -1%, 150, 12.41, 217.02,
70.0, 100, 35, 30,  10,  10,  0, 0.0,  -1%, 165, 11.54, 217.06,
70.0, 100, 35, 30,  10,  10,  0, 0.0,  -1%, 180, 9.07, 231.73,
70.0, 100, 40, 30,  0,  0,  10, 100.0,  51.52%, 15, 49.99, -45.29,
70.0, 100, 40, 30,  7,  0,  3, 30.0,  4.08%, 30, 50.0, 7.47,
70.0, 100, 40, 30,  10,  6,  0, 0.0,  -1%, 45, 49.99, 108.48,
70.0, 100, 40, 30,  10,  10,  0, 0.0,  -1%, 60, 42.72, 158.28,
70.0, 100, 40, 30,  10,  10,  0, 0.0,  -1%, 75, 31.58, 165.67,
70.0, 100, 40, 30,  10,  10,  0, 0.0,  -1%, 90, 24.25, 183.05,
70.0, 100, 40, 30,  10,  10,  0, 0.0,  -1%, 115, 16.49, 208.71,
70.0, 100, 40, 30,  10,  10,  0, 0.0,  -1%, 150, 10.31, 210.78,
70.0, 100, 40, 30,  10,  10,  0, 0.0,  -1%, 165, 8.54, 213.92,
70.0, 100, 40, 30,  10,  10,  0, 0.0,  -1%, 180, 8.68, 222.22,
70.0, 100, 45, 30,  0,  0,  10, 100.0,  52.12%, 15, 50.0, -44.32,
70.0, 100, 45, 30,  9,  0,  1, 10.0,  1.45%, 30, 49.99, 16.23,
70.0, 100, 45, 30,  9,  7,  1, 10.0,  0.2%, 45, 50.0, 106.14,
70.0, 100, 45, 30,  10,  10,  0, 0.0,  -1%, 60, 37.17, 171.17,
70.0, 100, 45, 30,  10,  10,  0, 0.0,  -1%, 75, 32.78, 175.2,
70.0, 100, 45, 30,  10,  10,  0, 0.0,  -1%, 90, 24.3, 185.03,
70.0, 100, 45, 30,  10,  10,  0, 0.0,  -1%, 115, 16.14, 202.06,
70.0, 100, 45, 30,  10,  10,  0, 0.0,  -1%, 150, 10.57, 205.63,
70.0, 100, 45, 30,  10,  10,  0, 0.0,  -1%, 165, 10.37, 209.02,
70.0, 100, 45, 30,  10,  10,  0, 0.0,  -1%, 180, 8.64, 219.52,
70.0, 100, 50, 30,  0,  0,  10, 100.0,  46.86%, 15, 49.99, -40.63,
70.0, 100, 50, 30,  8,  0,  2, 20.0,  1.94%, 30, 50.0, 20.9,
70.0, 100, 50, 30,  10,  8,  0, 0.0,  -1%, 45, 50.0, 118.57,
70.0, 100, 50, 30,  10,  10,  0, 0.0,  -1%, 60, 36.29, 167.19,
70.0, 100, 50, 30,  10,  10,  0, 0.0,  -1%, 75, 31.02, 175.1,
70.0, 100, 50, 30,  10,  10,  0, 0.0,  -1%, 90, 24.17, 171.33,
70.0, 100, 50, 30,  10,  10,  0, 0.0,  -1%, 115, 15.34, 203.53,
70.0, 100, 50, 30,  10,  10,  0, 0.0,  -1%, 150, 9.91, 204.86,
70.0, 100, 50, 30,  10,  10,  0, 0.0,  -1%, 165, 9.94, 211.94,
70.0, 100, 50, 30,  10,  10,  0, 0.0,  -1%, 180, 7.82, 236.96,
100.0, 100, 5, 30,  0,  0,  10, 100.0,  67.3%, 15, 50.0, -59.51,
100.0, 100, 5, 30,  0,  0,  10, 100.0,  35.35%, 30, 49.99, -28.14,
100.0, 100, 5, 30,  7,  0,  3, 30.0,  6.74%, 45, 50.0, 20.78,
100.0, 100, 5, 30,  9,  0,  1, 10.0,  1.2%, 60, 50.0, 44.51,
100.0, 100, 5, 30,  10,  3,  0, 0.0,  -1%, 75, 50.0, 84.29,
100.0, 100, 5, 30,  10,  9,  0, 0.0,  -1%, 90, 49.2, 158.46,
100.0, 100, 5, 30,  9,  9,  1, 10.0,  0.24%, 115, 35.49, 180.78,
100.0, 100, 5, 30,  10,  10,  0, 0.0,  -1%, 150, 22.6, 177.24,
100.0, 100, 5, 30,  10,  10,  0, 0.0,  -1%, 165, 20.22, 187.17,
100.0, 100, 5, 30,  10,  10,  0, 0.0,  -1%, 180, 19.62, 186.91,
100.0, 100, 10, 30,  0,  0,  10, 100.0,  65.39%, 15, 50.0, -60.68,
100.0, 100, 10, 30,  0,  0,  10, 100.0,  31.13%, 30, 50.0, -31.23,
100.0, 100, 10, 30,  8,  0,  2, 20.0,  3.99%, 45, 50.0, 14.13,
100.0, 100, 10, 30,  9,  1,  1, 10.0,  0.54%, 60, 49.99, 74.93,
100.0, 100, 10, 30,  10,  7,  0, 0.0,  -1%, 75, 49.99, 136.89,
100.0, 100, 10, 30,  10,  7,  0, 0.0,  -1%, 90, 49.99, 120.01,
100.0, 100, 10, 30,  10,  10,  0, 0.0,  -1%, 115, 33.98, 184.14,
100.0, 100, 10, 30,  10,  10,  0, 0.0,  -1%, 150, 24.78, 196.39,
100.0, 100, 10, 30,  10,  10,  0, 0.0,  -1%, 165, 18.35, 195.57,
100.0, 100, 10, 30,  10,  10,  0, 0.0,  -1%, 180, 15.47, 203.92,
100.0, 100, 15, 30,  0,  0,  10, 100.0,  64.02%, 15, 50.0, -56.31,
100.0, 100, 15, 30,  0,  0,  10, 100.0,  30.59%, 30, 49.99, -30.41,
100.0, 100, 15, 30,  8,  0,  2, 20.0,  2.75%, 45, 50.0, 20.37,
100.0, 100, 15, 30,  10,  3,  0, 0.0,  -1%, 60, 50.0, 73.5,
100.0, 100, 15, 30,  10,  8,  0, 0.0,  -1%, 75, 49.47, 148.92,
100.0, 100, 15, 30,  10,  10,  0, 0.0,  -1%, 90, 39.61, 169.82,
100.0, 100, 15, 30,  10,  10,  0, 0.0,  -1%, 115, 25.44, 181.56,
100.0, 100, 15, 30,  10,  10,  0, 0.0,  -1%, 150, 19.08, 197.86,
100.0, 100, 15, 30,  10,  10,  0, 0.0,  -1%, 165, 16.22, 201.72,
100.0, 100, 15, 30,  10,  10,  0, 0.0,  -1%, 180, 14.67, 213.8,
100.0, 100, 20, 30,  0,  0,  10, 100.0,  62.22%, 15, 50.0, -56.68,
100.0, 100, 20, 30,  1,  0,  9, 90.0,  23.1%, 30, 50.0, -24.21,
100.0, 100, 20, 30,  10,  0,  0, 0.0,  -1%, 45, 49.99, 22.61,
100.0, 100, 20, 30,  10,  5,  0, 0.0,  -1%, 60, 49.99, 109.22,
100.0, 100, 20, 30,  10,  10,  0, 0.0,  -1%, 75, 49.99, 144.52,
100.0, 100, 20, 30,  10,  9,  0, 0.0,  -1%, 90, 42.28, 176.48,
100.0, 100, 20, 30,  10,  10,  0, 0.0,  -1%, 115, 28.19, 178.31,
100.0, 100, 20, 30,  10,  10,  0, 0.0,  -1%, 150, 18.62, 196.83,
100.0, 100, 20, 30,  10,  10,  0, 0.0,  -1%, 165, 16.82, 213.79,
100.0, 100, 20, 30,  10,  10,  0, 0.0,  -1%, 180, 15.36, 206.56,
100.0, 100, 25, 30,  0,  0,  10, 100.0,  64.01%, 15, 49.99, -56.88,
100.0, 100, 25, 30,  0,  0,  10, 100.0,  24.47%, 30, 50.0, -16.78,
100.0, 100, 25, 30,  10,  0,  0, 0.0,  -1%, 45, 50.0, 54.5,
100.0, 100, 25, 30,  10,  5,  0, 0.0,  -1%, 60, 50.0, 107.01,
100.0, 100, 25, 30,  10,  10,  0, 0.0,  -1%, 75, 47.24, 164.82,
100.0, 100, 25, 30,  10,  10,  0, 0.0,  -1%, 90, 35.83, 184.51,
100.0, 100, 25, 30,  10,  10,  0, 0.0,  -1%, 115, 24.16, 192.08,
100.0, 100, 25, 30,  10,  10,  0, 0.0,  -1%, 150, 19.84, 197.15,
100.0, 100, 25, 30,  10,  10,  0, 0.0,  -1%, 165, 14.91, 216.18,
100.0, 100, 25, 30,  10,  10,  0, 0.0,  -1%, 180, 12.48, 211.42,
100.0, 100, 30, 30,  0,  0,  10, 100.0,  63.59%, 15, 50.0, -56.22,
100.0, 100, 30, 30,  1,  0,  9, 90.0,  25.09%, 30, 50.0, -28.2,
100.0, 100, 30, 30,  9,  0,  1, 10.0,  0.55%, 45, 49.99, 31.44,
100.0, 100, 30, 30,  10,  7,  0, 0.0,  -1%, 60, 49.99, 119.77,
100.0, 100, 30, 30,  10,  9,  0, 0.0,  -1%, 75, 48.64, 155.44,
100.0, 100, 30, 30,  10,  10,  0, 0.0,  -1%, 90, 36.07, 173.92,
100.0, 100, 30, 30,  10,  10,  0, 0.0,  -1%, 115, 24.46, 173.94,
100.0, 100, 30, 30,  10,  10,  0, 0.0,  -1%, 150, 18.74, 206.88,
100.0, 100, 30, 30,  10,  10,  0, 0.0,  -1%, 165, 14.19, 211.11,
100.0, 100, 30, 30,  10,  10,  0, 0.0,  -1%, 180, 13.22, 223.11,
100.0, 100, 35, 30,  0,  0,  10, 100.0,  61.76%, 15, 50.0, -55.4,
100.0, 100, 35, 30,  1,  0,  9, 90.0,  20.11%, 30, 50.0, -19.2,
100.0, 100, 35, 30,  10,  0,  0, 0.0,  -1%, 45, 49.99, 41.3,
100.0, 100, 35, 30,  10,  5,  0, 0.0,  -1%, 60, 49.99, 106.78,
100.0, 100, 35, 30,  10,  10,  0, 0.0,  -1%, 75, 40.93, 167.66,
100.0, 100, 35, 30,  10,  10,  0, 0.0,  -1%, 90, 34.14, 190.18,
100.0, 100, 35, 30,  10,  10,  0, 0.0,  -1%, 115, 25.05, 196.28,
100.0, 100, 35, 30,  10,  10,  0, 0.0,  -1%, 150, 15.6, 198.14,
100.0, 100, 35, 30,  10,  10,  0, 0.0,  -1%, 165, 13.64, 208.43,
100.0, 100, 35, 30,  10,  10,  0, 0.0,  -1%, 180, 13.97, 214.82,
100.0, 100, 40, 30,  0,  0,  10, 100.0,  62.92%, 15, 49.99, -56.74,
100.0, 100, 40, 30,  0,  0,  10, 100.0,  22.41%, 30, 49.99, -21.69,
100.0, 100, 40, 30,  10,  0,  0, 0.0,  -1%, 45, 50.0, 40.25,
100.0, 100, 40, 30,  10,  3,  0, 0.0,  -1%, 60, 49.99, 88.96,
100.0, 100, 40, 30,  10,  10,  0, 0.0,  -1%, 75, 41.45, 170.7,
100.0, 100, 40, 30,  10,  10,  0, 0.0,  -1%, 90, 34.75, 189.17,
100.0, 100, 40, 30,  10,  10,  0, 0.0,  -1%, 115, 24.47, 192.04,
100.0, 100, 40, 30,  10,  10,  0, 0.0,  -1%, 150, 14.4, 214.0,
100.0, 100, 40, 30,  10,  10,  0, 0.0,  -1%, 165, 13.5, 219.87,
100.0, 100, 40, 30,  10,  10,  0, 0.0,  -1%, 180, 12.98, 218.24,
100.0, 100, 45, 30,  0,  0,  10, 100.0,  60.68%, 15, 50.0, -54.34,
100.0, 100, 45, 30,  1,  0,  9, 90.0,  18.98%, 30, 50.0, -16.74,
100.0, 100, 45, 30,  10,  0,  0, 0.0,  -1%, 45, 49.99, 33.55,
100.0, 100, 45, 30,  10,  8,  0, 0.0,  -1%, 60, 49.99, 144.37,
100.0, 100, 45, 30,  10,  9,  0, 0.0,  -1%, 75, 46.27, 167.52,
100.0, 100, 45, 30,  10,  10,  0, 0.0,  -1%, 90, 33.72, 175.37,
100.0, 100, 45, 30,  10,  10,  0, 0.0,  -1%, 115, 23.11, 202.36,
100.0, 100, 45, 30,  10,  10,  0, 0.0,  -1%, 150, 16.17, 224.6,
100.0, 100, 45, 30,  10,  10,  0, 0.0,  -1%, 165, 13.28, 211.21,
100.0, 100, 45, 30,  10,  10,  0, 0.0,  -1%, 180, 12.0, 223.46,
100.0, 100, 50, 30,  0,  0,  10, 100.0,  62.79%, 15, 49.99, -58.06,
100.0, 100, 50, 30,  1,  0,  9, 90.0,  22.19%, 30, 50.0, -18.88,
100.0, 100, 50, 30,  10,  0,  0, 0.0,  -1%, 45, 49.99, 33.76,
100.0, 100, 50, 30,  10,  7,  0, 0.0,  -1%, 60, 50.0, 115.75,
100.0, 100, 50, 30,  10,  9,  0, 0.0,  -1%, 75, 41.57, 181.66,
100.0, 100, 50, 30,  10,  10,  0, 0.0,  -1%, 90, 35.66, 186.94,
100.0, 100, 50, 30,  10,  10,  0, 0.0,  -1%, 115, 23.04, 196.59,
100.0, 100, 50, 30,  10,  10,  0, 0.0,  -1%, 150, 16.06, 205.43,
100.0, 100, 50, 30,  10,  10,  0, 0.0,  -1%, 165, 13.05, 206.52,
100.0, 100, 50, 30,  10,  10,  0, 0.0,  -1%, 180, 11.88, 223.36,
100.0, 100, 5, 30,  0,  0,  10, 100.0,  66.26%, 15, 49.99, -62.72,
100.0, 100, 5, 30,  0,  0,  10, 100.0,  31.17%, 30, 49.99, -27.56,
100.0, 100, 5, 30,  8,  0,  2, 20.0,  0.67%, 45, 49.99, 21.3,
100.0, 100, 5, 30,  10,  2,  0, 0.0,  -1%, 60, 50.0, 61.01,
100.0, 100, 5, 30,  10,  4,  0, 0.0,  -1%, 75, 49.99, 88.56,
100.0, 100, 5, 30,  10,  10,  0, 0.0,  -1%, 90, 43.35, 146.55,
100.0, 100, 5, 30,  10,  10,  0, 0.0,  -1%, 115, 43.12, 167.93,
100.0, 100, 5, 30,  10,  10,  0, 0.0,  -1%, 150, 27.56, 192.75,
100.0, 100, 5, 30,  10,  10,  0, 0.0,  -1%, 165, 21.03, 179.23,
100.0, 100, 5, 30,  10,  10,  0, 0.0,  -1%, 180, 18.3, 180.39,
100.0, 100, 10, 30,  0,  0,  10, 100.0,  68.82%, 15, 49.99, -62.29,
100.0, 100, 10, 30,  0,  0,  10, 100.0,  33.16%, 30, 49.99, -33.3,
100.0, 100, 10, 30,  9,  0,  1, 10.0,  2.91%, 45, 50.0, 20.2,
100.0, 100, 10, 30,  10,  1,  0, 0.0,  -1%, 60, 49.99, 51.55,
100.0, 100, 10, 30,  10,  9,  0, 0.0,  -1%, 75, 42.42, 155.01,
100.0, 100, 10, 30,  10,  10,  0, 0.0,  -1%, 90, 39.67, 143.31,
100.0, 100, 10, 30,  10,  10,  0, 0.0,  -1%, 115, 32.15, 184.21,
100.0, 100, 10, 30,  10,  10,  0, 0.0,  -1%, 150, 21.68, 188.36,
100.0, 100, 10, 30,  10,  10,  0, 0.0,  -1%, 165, 18.44, 194.62,
100.0, 100, 10, 30,  10,  10,  0, 0.0,  -1%, 180, 15.06, 204.32,
100.0, 100, 15, 30,  0,  0,  10, 100.0,  63.23%, 15, 50.0, -56.83,
100.0, 100, 15, 30,  0,  0,  10, 100.0,  26.54%, 30, 49.99, -24.67,
100.0, 100, 15, 30,  9,  0,  1, 10.0,  0.76%, 45, 50.0, 30.45,
100.0, 100, 15, 30,  9,  3,  1, 10.0,  0.62%, 60, 49.99, 84.21,
100.0, 100, 15, 30,  10,  9,  0, 0.0,  -1%, 75, 49.84, 149.44,
100.0, 100, 15, 30,  10,  9,  0, 0.0,  -1%, 90, 37.21, 152.34,
100.0, 100, 15, 30,  10,  10,  0, 0.0,  -1%, 115, 30.36, 189.47,
100.0, 100, 15, 30,  10,  10,  0, 0.0,  -1%, 150, 17.61, 186.39,
100.0, 100, 15, 30,  10,  10,  0, 0.0,  -1%, 165, 15.36, 200.42,
100.0, 100, 15, 30,  10,  10,  0, 0.0,  -1%, 180, 14.34, 203.27,
100.0, 100, 20, 30,  0,  0,  10, 100.0,  65.7%, 15, 50.0, -60.51,
100.0, 100, 20, 30,  0,  0,  10, 100.0,  32.4%, 30, 49.99, -28.94,
100.0, 100, 20, 30,  9,  0,  1, 10.0,  3.27%, 45, 49.99, 34.4,
100.0, 100, 20, 30,  10,  3,  0, 0.0,  -1%, 60, 50.0, 71.02,
100.0, 100, 20, 30,  10,  7,  0, 0.0,  -1%, 75, 46.45, 148.76,
100.0, 100, 20, 30,  10,  10,  0, 0.0,  -1%, 90, 48.58, 170.44,
100.0, 100, 20, 30,  10,  10,  0, 0.0,  -1%, 115, 25.87, 173.2,
100.0, 100, 20, 30,  10,  10,  0, 0.0,  -1%, 150, 15.94, 199.22,
100.0, 100, 20, 30,  10,  10,  0, 0.0,  -1%, 165, 15.8, 192.84,
100.0, 100, 20, 30,  10,  10,  0, 0.0,  -1%, 180, 13.01, 217.57,
100.0, 100, 25, 30,  0,  0,  10, 100.0,  64.79%, 15, 49.99, -59.39,
100.0, 100, 25, 30,  3,  0,  7, 70.0,  17.07%, 30, 50.0, -13.74,
100.0, 100, 25, 30,  10,  0,  0, 0.0,  -1%, 45, 49.99, 49.06,
100.0, 100, 25, 30,  10,  7,  0, 0.0,  -1%, 60, 49.99, 113.34,
100.0, 100, 25, 30,  10,  10,  0, 0.0,  -1%, 75, 47.09, 149.56,
100.0, 100, 25, 30,  10,  10,  0, 0.0,  -1%, 90, 35.84, 178.8,
100.0, 100, 25, 30,  10,  10,  0, 0.0,  -1%, 115, 28.16, 189.62,
100.0, 100, 25, 30,  10,  10,  0, 0.0,  -1%, 150, 20.19, 201.91,
100.0, 100, 25, 30,  10,  10,  0, 0.0,  -1%, 165, 14.0, 201.73,
100.0, 100, 25, 30,  10,  10,  0, 0.0,  -1%, 180, 14.47, 213.1,
100.0, 100, 30, 30,  0,  0,  10, 100.0,  63.58%, 15, 49.99, -56.83,
100.0, 100, 30, 30,  1,  0,  9, 90.0,  19.33%, 30, 50.0, -17.03,
100.0, 100, 30, 30,  8,  0,  2, 20.0,  0.24%, 45, 49.99, 27.58,
100.0, 100, 30, 30,  10,  5,  0, 0.0,  -1%, 60, 49.99, 105.49,
100.0, 100, 30, 30,  10,  9,  0, 0.0,  -1%, 75, 46.07, 152.45,
100.0, 100, 30, 30,  10,  10,  0, 0.0,  -1%, 90, 36.19, 172.95,
100.0, 100, 30, 30,  10,  10,  0, 0.0,  -1%, 115, 27.4, 203.57,
100.0, 100, 30, 30,  10,  10,  0, 0.0,  -1%, 150, 17.62, 208.92,
100.0, 100, 30, 30,  10,  10,  0, 0.0,  -1%, 165, 13.92, 216.31,
100.0, 100, 30, 30,  10,  10,  0, 0.0,  -1%, 180, 13.53, 222.93,
100.0, 100, 35, 30,  0,  0,  10, 100.0,  63.32%, 15, 49.99, -56.49,
100.0, 100, 35, 30,  1,  0,  9, 90.0,  24.36%, 30, 50.0, -23.21,
100.0, 100, 35, 30,  10,  0,  0, 0.0,  -1%, 45, 49.99, 31.05,
100.0, 100, 35, 30,  10,  4,  0, 0.0,  -1%, 60, 50.0, 82.58,
100.0, 100, 35, 30,  10,  10,  0, 0.0,  -1%, 75, 47.56, 163.22,
100.0, 100, 35, 30,  10,  10,  0, 0.0,  -1%, 90, 32.96, 186.43,
100.0, 100, 35, 30,  10,  10,  0, 0.0,  -1%, 115, 23.5, 194.26,
100.0, 100, 35, 30,  10,  10,  0, 0.0,  -1%, 150, 17.49, 193.3,
100.0, 100, 35, 30,  10,  10,  0, 0.0,  -1%, 165, 12.54, 222.69,
100.0, 100, 35, 30,  10,  10,  0, 0.0,  -1%, 180, 12.68, 220.52,
100.0, 100, 40, 30,  0,  0,  10, 100.0,  64.62%, 15, 50.0, -60.26,
100.0, 100, 40, 30,  2,  0,  8, 80.0,  24.26%, 30, 50.0, -25.88,
100.0, 100, 40, 30,  9,  0,  1, 10.0,  1.12%, 45, 49.99, 41.76,
100.0, 100, 40, 30,  10,  7,  0, 0.0,  -1%, 60, 50.0, 112.55,
100.0, 100, 40, 30,  10,  10,  0, 0.0,  -1%, 75, 47.55, 164.64,
100.0, 100, 40, 30,  10,  10,  0, 0.0,  -1%, 90, 34.68, 192.97,
100.0, 100, 40, 30,  10,  10,  0, 0.0,  -1%, 115, 25.19, 196.66,
100.0, 100, 40, 30,  10,  10,  0, 0.0,  -1%, 150, 16.05, 214.76,
100.0, 100, 40, 30,  10,  10,  0, 0.0,  -1%, 165, 13.54, 216.03,
100.0, 100, 40, 30,  10,  10,  0, 0.0,  -1%, 180, 13.09, 222.33,
100.0, 100, 45, 30,  0,  0,  10, 100.0,  63.5%, 15, 49.99, -58.39,
100.0, 100, 45, 30,  0,  0,  10, 100.0,  23.69%, 30, 50.0, -24.84,
100.0, 100, 45, 30,  10,  0,  0, 0.0,  -1%, 45, 49.99, 35.06,
100.0, 100, 45, 30,  10,  9,  0, 0.0,  -1%, 60, 49.99, 120.17,
100.0, 100, 45, 30,  10,  8,  0, 0.0,  -1%, 75, 46.41, 150.55,
100.0, 100, 45, 30,  10,  10,  0, 0.0,  -1%, 90, 33.74, 179.74,
100.0, 100, 45, 30,  10,  10,  0, 0.0,  -1%, 115, 24.29, 190.59,
100.0, 100, 45, 30,  10,  10,  0, 0.0,  -1%, 150, 15.73, 209.11,
100.0, 100, 45, 30,  10,  10,  0, 0.0,  -1%, 165, 13.84, 210.21,
100.0, 100, 45, 30,  10,  10,  0, 0.0,  -1%, 180, 11.08, 231.27,
100.0, 100, 50, 30,  0,  0,  10, 100.0,  62.95%, 15, 50.0, -56.2,
100.0, 100, 50, 30,  0,  0,  10, 100.0,  19.64%, 30, 50.0, -14.11,
100.0, 100, 50, 30,  10,  0,  0, 0.0,  -1%, 45, 49.99, 44.17,
100.0, 100, 50, 30,  10,  7,  0, 0.0,  -1%, 60, 49.99, 140.52,
100.0, 100, 50, 30,  10,  10,  0, 0.0,  -1%, 75, 48.04, 158.41,
100.0, 100, 50, 30,  10,  10,  0, 0.0,  -1%, 90, 34.06, 186.5,
100.0, 100, 50, 30,  10,  10,  0, 0.0,  -1%, 115, 23.98, 203.29,
100.0, 100, 50, 30,  10,  10,  0, 0.0,  -1%, 150, 16.26, 208.15,
100.0, 100, 50, 30,  10,  10,  0, 0.0,  -1%, 165, 14.22, 234.2,
100.0, 100, 50, 30,  10,  10,  0, 0.0,  -1%, 180, 11.53, 224.5,
100.0, 100, 5, 30,  0,  0,  10, 100.0,  68.24%, 15, 49.99, -62.49,
100.0, 100, 5, 30,  0,  0,  10, 100.0,  31.32%, 30, 49.99, -28.04,
100.0, 100, 5, 30,  6,  0,  4, 40.0,  5.06%, 45, 49.99, 5.39,
100.0, 100, 5, 30,  10,  2,  0, 0.0,  -1%, 60, 50.0, 58.85,
100.0, 100, 5, 30,  10,  5,  0, 0.0,  -1%, 75, 49.99, 102.63,
100.0, 100, 5, 30,  10,  8,  0, 0.0,  -1%, 90, 49.19, 148.4,
100.0, 100, 5, 30,  10,  10,  0, 0.0,  -1%, 115, 34.44, 148.16,
100.0, 100, 5, 30,  10,  10,  0, 0.0,  -1%, 150, 25.89, 181.6,
100.0, 100, 5, 30,  10,  10,  0, 0.0,  -1%, 165, 20.34, 185.93,
100.0, 100, 5, 30,  10,  10,  0, 0.0,  -1%, 180, 18.97, 190.15,
100.0, 100, 10, 30,  0,  0,  10, 100.0,  64.19%, 15, 49.99, -60.42,
100.0, 100, 10, 30,  0,  0,  10, 100.0,  35.07%, 30, 49.99, -35.81,
100.0, 100, 10, 30,  9,  0,  1, 10.0,  1.95%, 45, 49.99, 28.78,
100.0, 100, 10, 30,  10,  4,  0, 0.0,  -1%, 60, 49.99, 93.78,
100.0, 100, 10, 30,  10,  7,  0, 0.0,  -1%, 75, 49.99, 138.27,
100.0, 100, 10, 30,  10,  9,  0, 0.0,  -1%, 90, 44.94, 158.54,
100.0, 100, 10, 30,  10,  10,  0, 0.0,  -1%, 115, 27.16, 188.73,
100.0, 100, 10, 30,  10,  10,  0, 0.0,  -1%, 150, 21.37, 195.94,
100.0, 100, 10, 30,  10,  10,  0, 0.0,  -1%, 165, 19.89, 188.89,
100.0, 100, 10, 30,  10,  10,  0, 0.0,  -1%, 180, 16.74, 225.24,
100.0, 100, 15, 30,  0,  0,  10, 100.0,  64.27%, 15, 49.99, -57.55,
100.0, 100, 15, 30,  0,  0,  10, 100.0,  28.36%, 30, 49.99, -19.21,
100.0, 100, 15, 30,  9,  0,  1, 10.0,  1.97%, 45, 49.99, 31.27,
100.0, 100, 15, 30,  10,  6,  0, 0.0,  -1%, 60, 49.99, 103.71,
100.0, 100, 15, 30,  10,  10,  0, 0.0,  -1%, 75, 46.54, 162.29,
100.0, 100, 15, 30,  10,  10,  0, 0.0,  -1%, 90, 43.69, 175.57,
100.0, 100, 15, 30,  10,  10,  0, 0.0,  -1%, 115, 29.46, 184.43,
100.0, 100, 15, 30,  10,  10,  0, 0.0,  -1%, 150, 19.43, 187.07,
100.0, 100, 15, 30,  10,  10,  0, 0.0,  -1%, 165, 17.57, 204.59,
100.0, 100, 15, 30,  10,  10,  0, 0.0,  -1%, 180, 15.69, 209.48,
100.0, 100, 20, 30,  0,  0,  10, 100.0,  66.46%, 15, 50.0, -59.97,
100.0, 100, 20, 30,  1,  0,  9, 90.0,  26.96%, 30, 49.99, -28.73,
100.0, 100, 20, 30,  8,  0,  2, 20.0,  2.03%, 45, 50.0, 32.44,
100.0, 100, 20, 30,  10,  2,  0, 0.0,  -1%, 60, 49.99, 83.32,
100.0, 100, 20, 30,  10,  9,  0, 0.0,  -1%, 75, 49.94, 150.78,
100.0, 100, 20, 30,  10,  10,  0, 0.0,  -1%, 90, 34.91, 173.58,
100.0, 100, 20, 30,  10,  10,  0, 0.0,  -1%, 115, 27.44, 180.29,
100.0, 100, 20, 30,  10,  10,  0, 0.0,  -1%, 150, 17.76, 209.51,
100.0, 100, 20, 30,  10,  10,  0, 0.0,  -1%, 165, 16.34, 212.51,
100.0, 100, 20, 30,  10,  10,  0, 0.0,  -1%, 180, 14.23, 218.32,
100.0, 100, 25, 30,  0,  0,  10, 100.0,  62.7%, 15, 49.99, -56.44,
100.0, 100, 25, 30,  1,  0,  9, 90.0,  23.3%, 30, 50.0, -22.71,
100.0, 100, 25, 30,  10,  0,  0, 0.0,  -1%, 45, 50.0, 25.1,
100.0, 100, 25, 30,  10,  4,  0, 0.0,  -1%, 60, 49.99, 93.97,
100.0, 100, 25, 30,  10,  8,  0, 0.0,  -1%, 75, 49.26, 169.27,
100.0, 100, 25, 30,  10,  10,  0, 0.0,  -1%, 90, 34.96, 168.86,
100.0, 100, 25, 30,  10,  10,  0, 0.0,  -1%, 115, 25.98, 184.21,
100.0, 100, 25, 30,  10,  10,  0, 0.0,  -1%, 150, 18.49, 214.37,
100.0, 100, 25, 30,  10,  10,  0, 0.0,  -1%, 165, 15.15, 211.13,
100.0, 100, 25, 30,  10,  10,  0, 0.0,  -1%, 180, 11.93, 216.16,
100.0, 100, 30, 30,  0,  0,  10, 100.0,  62.53%, 15, 50.0, -57.63,
100.0, 100, 30, 30,  0,  0,  10, 100.0,  19.68%, 30, 50.0, -15.81,
100.0, 100, 30, 30,  9,  0,  1, 10.0,  0.47%, 45, 50.0, 23.87,
100.0, 100, 30, 30,  10,  7,  0, 0.0,  -1%, 60, 50.0, 123.04,
100.0, 100, 30, 30,  10,  9,  0, 0.0,  -1%, 75, 47.23, 156.95,
100.0, 100, 30, 30,  10,  10,  0, 0.0,  -1%, 90, 38.18, 180.05,
100.0, 100, 30, 30,  10,  10,  0, 0.0,  -1%, 115, 24.76, 190.64,
100.0, 100, 30, 30,  10,  10,  0, 0.0,  -1%, 150, 15.61, 199.91,
100.0, 100, 30, 30,  10,  10,  0, 0.0,  -1%, 165, 14.49, 209.66,
100.0, 100, 30, 30,  10,  10,  0, 0.0,  -1%, 180, 13.42, 220.5,
100.0, 100, 35, 30,  0,  0,  10, 100.0,  64.2%, 15, 49.99, -58.69,
100.0, 100, 35, 30,  0,  0,  10, 100.0,  19.95%, 30, 50.0, -18.41,
100.0, 100, 35, 30,  10,  0,  0, 0.0,  -1%, 45, 50.0, 13.81,
100.0, 100, 35, 30,  10,  8,  0, 0.0,  -1%, 60, 49.99, 126.97,
100.0, 100, 35, 30,  10,  9,  0, 0.0,  -1%, 75, 38.83, 154.41,
100.0, 100, 35, 30,  10,  10,  0, 0.0,  -1%, 90, 33.03, 177.62,
100.0, 100, 35, 30,  10,  10,  0, 0.0,  -1%, 115, 25.93, 196.65,
100.0, 100, 35, 30,  10,  10,  0, 0.0,  -1%, 150, 15.36, 205.92,
100.0, 100, 35, 30,  10,  10,  0, 0.0,  -1%, 165, 13.42, 214.66,
100.0, 100, 35, 30,  10,  10,  0, 0.0,  -1%, 180, 12.62, 227.46,
100.0, 100, 40, 30,  0,  0,  10, 100.0,  60.07%, 15, 50.0, -55.25,
100.0, 100, 40, 30,  2,  0,  8, 80.0,  20.93%, 30, 49.99, -20.02,
100.0, 100, 40, 30,  10,  0,  0, 0.0,  -1%, 45, 49.99, 36.79,
100.0, 100, 40, 30,  10,  9,  0, 0.0,  -1%, 60, 50.0, 132.04,
100.0, 100, 40, 30,  10,  9,  0, 0.0,  -1%, 75, 44.61, 163.3,
100.0, 100, 40, 30,  10,  10,  0, 0.0,  -1%, 90, 38.1, 192.16,
100.0, 100, 40, 30,  10,  10,  0, 0.0,  -1%, 115, 24.95, 190.71,
100.0, 100, 40, 30,  10,  10,  0, 0.0,  -1%, 150, 16.32, 211.25,
100.0, 100, 40, 30,  10,  10,  0, 0.0,  -1%, 165, 13.99, 223.9,
100.0, 100, 40, 30,  10,  10,  0, 0.0,  -1%, 180, 12.56, 222.94,
100.0, 100, 45, 30,  0,  0,  10, 100.0,  65.19%, 15, 49.99, -57.79,
100.0, 100, 45, 30,  1,  0,  9, 90.0,  12.62%, 30, 50.0, -8.18,
100.0, 100, 45, 30,  10,  0,  0, 0.0,  -1%, 45, 49.99, 48.8,
100.0, 100, 45, 30,  10,  7,  0, 0.0,  -1%, 60, 49.99, 142.34,
100.0, 100, 45, 30,  10,  10,  0, 0.0,  -1%, 75, 43.12, 190.43,
100.0, 100, 45, 30,  10,  10,  0, 0.0,  -1%, 90, 36.85, 189.04,
100.0, 100, 45, 30,  10,  10,  0, 0.0,  -1%, 115, 22.23, 198.72,
100.0, 100, 45, 30,  10,  10,  0, 0.0,  -1%, 150, 16.58, 216.46,
100.0, 100, 45, 30,  10,  10,  0, 0.0,  -1%, 165, 13.09, 218.86,
100.0, 100, 45, 30,  10,  10,  0, 0.0,  -1%, 180, 13.16, 228.1,
100.0, 100, 50, 30,  0,  0,  10, 100.0,  60.11%, 15, 50.0, -53.87,
100.0, 100, 50, 30,  0,  0,  10, 100.0,  17.61%, 30, 49.99, -17.1,
100.0, 100, 50, 30,  9,  0,  1, 10.0,  0.11%, 45, 50.0, 47.76,
100.0, 100, 50, 30,  10,  8,  0, 0.0,  -1%, 60, 49.99, 118.17,
100.0, 100, 50, 30,  10,  10,  0, 0.0,  -1%, 75, 47.97, 179.85,
100.0, 100, 50, 30,  10,  10,  0, 0.0,  -1%, 90, 36.51, 187.29,
100.0, 100, 50, 30,  10,  10,  0, 0.0,  -1%, 115, 25.22, 206.47,
100.0, 100, 50, 30,  10,  10,  0, 0.0,  -1%, 150, 15.87, 209.36,
100.0, 100, 50, 30,  10,  10,  0, 0.0,  -1%, 165, 13.45, 224.59,
100.0, 100, 50, 30,  10,  10,  0, 0.0,  -1%, 180, 12.82, 234.89,
100.0, 100, 5, 30,  0,  0,  10, 100.0,  66.64%, 15, 49.99, -61.01,
100.0, 100, 5, 30,  1,  0,  9, 90.0,  28.1%, 30, 49.99, -25.9,
100.0, 100, 5, 30,  9,  0,  1, 10.0,  1.35%, 45, 49.99, 16.15,
100.0, 100, 5, 30,  10,  2,  0, 0.0,  -1%, 60, 49.99, 64.58,
100.0, 100, 5, 30,  10,  5,  0, 0.0,  -1%, 75, 49.99, 90.91,
100.0, 100, 5, 30,  10,  9,  0, 0.0,  -1%, 90, 43.33, 153.03,
100.0, 100, 5, 30,  10,  10,  0, 0.0,  -1%, 115, 31.89, 173.23,
100.0, 100, 5, 30,  10,  8,  0, 0.0,  -1%, 150, 23.96, 171.64,
100.0, 100, 5, 30,  10,  10,  0, 0.0,  -1%, 165, 21.66, 173.72,
100.0, 100, 5, 30,  10,  10,  0, 0.0,  -1%, 180, 22.83, 206.65,
100.0, 100, 10, 30,  0,  0,  10, 100.0,  65.87%, 15, 50.0, -60.91,
100.0, 100, 10, 30,  0,  0,  10, 100.0,  27.85%, 30, 49.99, -23.93,
100.0, 100, 10, 30,  6,  0,  4, 40.0,  4.99%, 45, 49.99, 11.74,
100.0, 100, 10, 30,  10,  2,  0, 0.0,  -1%, 60, 49.99, 54.62,
100.0, 100, 10, 30,  10,  6,  0, 0.0,  -1%, 75, 49.99, 118.15,
100.0, 100, 10, 30,  10,  10,  0, 0.0,  -1%, 90, 39.12, 163.58,
100.0, 100, 10, 30,  10,  10,  0, 0.0,  -1%, 115, 27.97, 180.57,
100.0, 100, 10, 30,  10,  10,  0, 0.0,  -1%, 150, 22.22, 188.78,
100.0, 100, 10, 30,  10,  10,  0, 0.0,  -1%, 165, 17.68, 193.52,
100.0, 100, 10, 30,  10,  10,  0, 0.0,  -1%, 180, 16.93, 197.09,
100.0, 100, 15, 30,  0,  0,  10, 100.0,  63.27%, 15, 50.0, -59.04,
100.0, 100, 15, 30,  1,  0,  9, 90.0,  18.88%, 30, 49.99, -17.76,
100.0, 100, 15, 30,  10,  0,  0, 0.0,  -1%, 45, 49.99, 39.65,
100.0, 100, 15, 30,  10,  5,  0, 0.0,  -1%, 60, 49.99, 104.18,
100.0, 100, 15, 30,  10,  7,  0, 0.0,  -1%, 75, 49.99, 139.66,
100.0, 100, 15, 30,  10,  10,  0, 0.0,  -1%, 90, 38.67, 161.64,
100.0, 100, 15, 30,  10,  10,  0, 0.0,  -1%, 115, 28.26, 188.64,
100.0, 100, 15, 30,  10,  10,  0, 0.0,  -1%, 150, 17.28, 200.8,
100.0, 100, 15, 30,  10,  10,  0, 0.0,  -1%, 165, 16.1, 197.66,
100.0, 100, 15, 30,  10,  10,  0, 0.0,  -1%, 180, 15.04, 212.11,
100.0, 100, 20, 30,  0,  0,  10, 100.0,  63.09%, 15, 50.0, -56.58,
100.0, 100, 20, 30,  1,  0,  9, 90.0,  21.03%, 30, 49.99, -20.55,
100.0, 100, 20, 30,  10,  0,  0, 0.0,  -1%, 45, 49.99, 35.22,
100.0, 100, 20, 30,  10,  3,  0, 0.0,  -1%, 60, 50.0, 74.59,
100.0, 100, 20, 30,  10,  10,  0, 0.0,  -1%, 75, 48.1, 133.64,
100.0, 100, 20, 30,  10,  10,  0, 0.0,  -1%, 90, 37.24, 173.6,
100.0, 100, 20, 30,  10,  10,  0, 0.0,  -1%, 115, 26.74, 183.78,
100.0, 100, 20, 30,  10,  10,  0, 0.0,  -1%, 150, 19.19, 202.81,
100.0, 100, 20, 30,  10,  10,  0, 0.0,  -1%, 165, 15.27, 192.87,
100.0, 100, 20, 30,  10,  10,  0, 0.0,  -1%, 180, 13.16, 207.74,
100.0, 100, 25, 30,  0,  0,  10, 100.0,  65.16%, 15, 49.99, -56.58,
100.0, 100, 25, 30,  0,  0,  10, 100.0,  16.63%, 30, 49.99, -14.67,
100.0, 100, 25, 30,  10,  0,  0, 0.0,  -1%, 45, 49.99, 27.77,
100.0, 100, 25, 30,  10,  6,  0, 0.0,  -1%, 60, 49.99, 104.27,
100.0, 100, 25, 30,  10,  10,  0, 0.0,  -1%, 75, 47.44, 173.8,
100.0, 100, 25, 30,  10,  10,  0, 0.0,  -1%, 90, 38.63, 178.12,
100.0, 100, 25, 30,  10,  10,  0, 0.0,  -1%, 115, 25.74, 199.3,
100.0, 100, 25, 30,  10,  10,  0, 0.0,  -1%, 150, 18.27, 216.32,
100.0, 100, 25, 30,  10,  10,  0, 0.0,  -1%, 165, 14.99, 200.95,
100.0, 100, 25, 30,  10,  10,  0, 0.0,  -1%, 180, 13.83, 225.48,
100.0, 100, 30, 30,  0,  0,  10, 100.0,  64.66%, 15, 50.0, -57.82,
100.0, 100, 30, 30,  2,  0,  8, 80.0,  23.15%, 30, 49.99, -24.39,
100.0, 100, 30, 30,  10,  0,  0, 0.0,  -1%, 45, 50.0, 53.93,
100.0, 100, 30, 30,  10,  3,  0, 0.0,  -1%, 60, 49.99, 88.56,
100.0, 100, 30, 30,  10,  10,  0, 0.0,  -1%, 75, 44.97, 152.77,
100.0, 100, 30, 30,  10,  10,  0, 0.0,  -1%, 90, 34.33, 177.0,
100.0, 100, 30, 30,  10,  10,  0, 0.0,  -1%, 115, 25.35, 181.41,
100.0, 100, 30, 30,  10,  10,  0, 0.0,  -1%, 150, 16.48, 206.31,
100.0, 100, 30, 30,  10,  10,  0, 0.0,  -1%, 165, 15.83, 213.86,
100.0, 100, 30, 30,  10,  10,  0, 0.0,  -1%, 180, 12.52, 218.18,
100.0, 100, 35, 30,  0,  0,  10, 100.0,  66.49%, 15, 50.0, -60.17,
100.0, 100, 35, 30,  1,  0,  9, 90.0,  19.0%, 30, 50.0, -18.34,
100.0, 100, 35, 30,  8,  0,  2, 20.0,  3.14%, 45, 50.0, 44.06,
100.0, 100, 35, 30,  10,  4,  0, 0.0,  -1%, 60, 50.0, 86.61,
100.0, 100, 35, 30,  10,  10,  0, 0.0,  -1%, 75, 49.43, 157.78,
100.0, 100, 35, 30,  10,  10,  0, 0.0,  -1%, 90, 33.84, 176.68,
100.0, 100, 35, 30,  10,  10,  0, 0.0,  -1%, 115, 21.54, 192.1,
100.0, 100, 35, 30,  10,  10,  0, 0.0,  -1%, 150, 15.94, 212.95,
100.0, 100, 35, 30,  10,  10,  0, 0.0,  -1%, 165, 13.86, 231.01,
100.0, 100, 35, 30,  10,  10,  0, 0.0,  -1%, 180, 13.08, 210.54,
100.0, 100, 40, 30,  0,  0,  10, 100.0,  64.23%, 15, 50.0, -57.24,
100.0, 100, 40, 30,  0,  0,  10, 100.0,  21.24%, 30, 49.99, -18.38,
100.0, 100, 40, 30,  9,  0,  1, 10.0,  1.86%, 45, 50.0, 30.98,
100.0, 100, 40, 30,  10,  7,  0, 0.0,  -1%, 60, 50.0, 104.97,
100.0, 100, 40, 30,  10,  10,  0, 0.0,  -1%, 75, 45.36, 152.63,
100.0, 100, 40, 30,  10,  10,  0, 0.0,  -1%, 90, 31.28, 190.33,
100.0, 100, 40, 30,  10,  10,  0, 0.0,  -1%, 115, 22.29, 195.1,
100.0, 100, 40, 30,  10,  10,  0, 0.0,  -1%, 150, 15.96, 200.51,
100.0, 100, 40, 30,  10,  10,  0, 0.0,  -1%, 165, 14.86, 218.12,
100.0, 100, 40, 30,  10,  10,  0, 0.0,  -1%, 180, 13.57, 237.27,
100.0, 100, 45, 30,  0,  0,  10, 100.0,  64.14%, 15, 49.99, -57.78,
100.0, 100, 45, 30,  1,  0,  9, 90.0,  17.69%, 30, 50.0, -18.72,
100.0, 100, 45, 30,  10,  0,  0, 0.0,  -1%, 45, 49.99, 36.0,
100.0, 100, 45, 30,  10,  5,  0, 0.0,  -1%, 60, 49.99, 103.52,
100.0, 100, 45, 30,  10,  9,  0, 0.0,  -1%, 75, 40.2, 176.72,
100.0, 100, 45, 30,  10,  10,  0, 0.0,  -1%, 90, 37.27, 180.81,
100.0, 100, 45, 30,  10,  10,  0, 0.0,  -1%, 115, 23.06, 203.39,
100.0, 100, 45, 30,  10,  10,  0, 0.0,  -1%, 150, 14.19, 208.59,
100.0, 100, 45, 30,  10,  10,  0, 0.0,  -1%, 165, 12.83, 210.92,
100.0, 100, 45, 30,  10,  10,  0, 0.0,  -1%, 180, 10.79, 226.67,
100.0, 100, 50, 30,  0,  0,  10, 100.0,  61.09%, 15, 50.0, -56.74,
100.0, 100, 50, 30,  2,  0,  8, 80.0,  24.66%, 30, 49.99, -23.07,
100.0, 100, 50, 30,  10,  0,  0, 0.0,  -1%, 45, 49.99, 36.44,
100.0, 100, 50, 30,  10,  9,  0, 0.0,  -1%, 60, 49.99, 148.77,
100.0, 100, 50, 30,  10,  10,  0, 0.0,  -1%, 75, 43.75, 167.69,
100.0, 100, 50, 30,  10,  10,  0, 0.0,  -1%, 90, 32.21, 186.58,
100.0, 100, 50, 30,  10,  10,  0, 0.0,  -1%, 115, 21.89, 195.92,
100.0, 100, 50, 30,  10,  10,  0, 0.0,  -1%, 150, 14.38, 213.11,
100.0, 100, 50, 30,  10,  10,  0, 0.0,  -1%, 165, 13.6, 223.48,
100.0, 100, 50, 30,  10,  10,  0, 0.0,  -1%, 180, 11.51, 220.31,
100.0, 100, 5, 30,  0,  0,  10, 100.0,  64.84%, 15, 50.0, -57.65,
100.0, 100, 5, 30,  0,  0,  10, 100.0,  34.31%, 30, 50.0, -33.97,
100.0, 100, 5, 30,  5,  0,  5, 50.0,  6.7%, 45, 50.0, 1.63,
100.0, 100, 5, 30,  8,  1,  2, 20.0,  2.86%, 60, 49.99, 49.85,
100.0, 100, 5, 30,  10,  6,  0, 0.0,  -1%, 75, 49.97, 119.35,
100.0, 100, 5, 30,  10,  10,  0, 0.0,  -1%, 90, 40.48, 137.16,
100.0, 100, 5, 30,  10,  10,  0, 0.0,  -1%, 115, 33.52, 168.53,
100.0, 100, 5, 30,  10,  10,  0, 0.0,  -1%, 150, 22.35, 179.11,
100.0, 100, 5, 30,  10,  10,  0, 0.0,  -1%, 165, 20.58, 177.16,
100.0, 100, 5, 30,  10,  10,  0, 0.0,  -1%, 180, 17.24, 203.16,
100.0, 100, 10, 30,  0,  0,  10, 100.0,  68.11%, 15, 50.0, -62.78,
100.0, 100, 10, 30,  0,  0,  10, 100.0,  27.01%, 30, 49.99, -27.05,
100.0, 100, 10, 30,  8,  0,  2, 20.0,  3.57%, 45, 50.0, 11.68,
100.0, 100, 10, 30,  9,  2,  1, 10.0,  1.79%, 60, 50.0, 79.39,
100.0, 100, 10, 30,  10,  7,  0, 0.0,  -1%, 75, 47.83, 147.67,
100.0, 100, 10, 30,  10,  10,  0, 0.0,  -1%, 90, 38.73, 167.57,
100.0, 100, 10, 30,  10,  10,  0, 0.0,  -1%, 115, 30.69, 176.15,
100.0, 100, 10, 30,  10,  10,  0, 0.0,  -1%, 150, 18.24, 189.11,
100.0, 100, 10, 30,  10,  10,  0, 0.0,  -1%, 165, 17.08, 210.63,
100.0, 100, 10, 30,  10,  10,  0, 0.0,  -1%, 180, 13.74, 195.14,
100.0, 100, 15, 30,  0,  0,  10, 100.0,  64.0%, 15, 49.99, -59.0,
100.0, 100, 15, 30,  0,  0,  10, 100.0,  26.09%, 30, 50.0, -23.28,
100.0, 100, 15, 30,  7,  0,  3, 30.0,  5.0%, 45, 49.99, 16.07,
100.0, 100, 15, 30,  10,  7,  0, 0.0,  -1%, 60, 49.99, 108.07,
100.0, 100, 15, 30,  10,  10,  0, 0.0,  -1%, 75, 48.03, 161.43,
100.0, 100, 15, 30,  10,  8,  0, 0.0,  -1%, 90, 41.29, 147.4,
100.0, 100, 15, 30,  10,  10,  0, 0.0,  -1%, 115, 29.26, 180.1,
100.0, 100, 15, 30,  10,  10,  0, 0.0,  -1%, 150, 16.99, 199.86,
100.0, 100, 15, 30,  10,  10,  0, 0.0,  -1%, 165, 16.57, 208.14,
100.0, 100, 15, 30,  10,  10,  0, 0.0,  -1%, 180, 15.81, 205.52,
100.0, 100, 20, 30,  0,  0,  10, 100.0,  66.32%, 15, 49.99, -61.24,
100.0, 100, 20, 30,  0,  0,  10, 100.0,  30.8%, 30, 50.0, -25.7,
100.0, 100, 20, 30,  10,  0,  0, 0.0,  -1%, 45, 49.99, 32.47,
100.0, 100, 20, 30,  10,  3,  0, 0.0,  -1%, 60, 50.0, 88.63,
100.0, 100, 20, 30,  10,  8,  0, 0.0,  -1%, 75, 49.63, 157.89,
100.0, 100, 20, 30,  10,  10,  0, 0.0,  -1%, 90, 34.38, 171.36,
100.0, 100, 20, 30,  10,  9,  0, 0.0,  -1%, 115, 26.62, 165.81,
100.0, 100, 20, 30,  10,  10,  0, 0.0,  -1%, 150, 18.82, 201.44,
100.0, 100, 20, 30,  10,  10,  0, 0.0,  -1%, 165, 15.69, 214.33,
100.0, 100, 20, 30,  10,  10,  0, 0.0,  -1%, 180, 13.59, 211.02,
100.0, 100, 25, 30,  0,  0,  10, 100.0,  63.42%, 15, 49.99, -56.87,
100.0, 100, 25, 30,  0,  0,  10, 100.0,  18.13%, 30, 49.99, -10.61,
100.0, 100, 25, 30,  9,  0,  1, 10.0,  1.23%, 45, 50.0, 39.17,
100.0, 100, 25, 30,  10,  2,  0, 0.0,  -1%, 60, 50.0, 92.34,
100.0, 100, 25, 30,  10,  9,  0, 0.0,  -1%, 75, 48.77, 160.59,
100.0, 100, 25, 30,  10,  10,  0, 0.0,  -1%, 90, 36.32, 164.7,
100.0, 100, 25, 30,  10,  10,  0, 0.0,  -1%, 115, 26.36, 201.34,
100.0, 100, 25, 30,  10,  10,  0, 0.0,  -1%, 150, 16.58, 209.73,
100.0, 100, 25, 30,  10,  10,  0, 0.0,  -1%, 165, 14.55, 202.68,
100.0, 100, 25, 30,  10,  10,  0, 0.0,  -1%, 180, 12.18, 214.17,
100.0, 100, 30, 30,  0,  0,  10, 100.0,  66.27%, 15, 49.99, -61.1,
100.0, 100, 30, 30,  1,  0,  9, 90.0,  22.13%, 30, 50.0, -23.61,
100.0, 100, 30, 30,  9,  0,  1, 10.0,  0.64%, 45, 49.99, 32.11,
100.0, 100, 30, 30,  10,  7,  0, 0.0,  -1%, 60, 49.99, 138.35,
100.0, 100, 30, 30,  10,  10,  0, 0.0,  -1%, 75, 44.18, 169.02,
100.0, 100, 30, 30,  10,  10,  0, 0.0,  -1%, 90, 38.5, 162.33,
100.0, 100, 30, 30,  10,  10,  0, 0.0,  -1%, 115, 25.71, 186.84,
100.0, 100, 30, 30,  10,  10,  0, 0.0,  -1%, 150, 16.34, 208.33,
100.0, 100, 30, 30,  10,  10,  0, 0.0,  -1%, 165, 14.99, 204.5,
100.0, 100, 30, 30,  10,  10,  0, 0.0,  -1%, 180, 12.85, 221.95,
100.0, 100, 35, 30,  0,  0,  10, 100.0,  64.39%, 15, 50.0, -60.51,
100.0, 100, 35, 30,  0,  0,  10, 100.0,  18.59%, 30, 49.99, -21.64,
100.0, 100, 35, 30,  9,  0,  1, 10.0,  0.73%, 45, 50.0, 34.1,
100.0, 100, 35, 30,  10,  9,  0, 0.0,  -1%, 60, 49.99, 144.21,
100.0, 100, 35, 30,  10,  9,  0, 0.0,  -1%, 75, 44.11, 166.5,
100.0, 100, 35, 30,  10,  9,  0, 0.0,  -1%, 90, 34.9, 181.31,
100.0, 100, 35, 30,  10,  10,  0, 0.0,  -1%, 115, 24.72, 211.65,
100.0, 100, 35, 30,  10,  10,  0, 0.0,  -1%, 150, 17.8, 217.12,
100.0, 100, 35, 30,  10,  10,  0, 0.0,  -1%, 165, 12.77, 220.8,
100.0, 100, 35, 30,  10,  10,  0, 0.0,  -1%, 180, 11.96, 218.73,
100.0, 100, 40, 30,  0,  0,  10, 100.0,  61.23%, 15, 50.0, -56.8,
100.0, 100, 40, 30,  0,  0,  10, 100.0,  26.23%, 30, 50.0, -24.6,
100.0, 100, 40, 30,  10,  0,  0, 0.0,  -1%, 45, 49.99, 56.76,
100.0, 100, 40, 30,  10,  4,  0, 0.0,  -1%, 60, 49.99, 91.98,
100.0, 100, 40, 30,  10,  9,  0, 0.0,  -1%, 75, 49.99, 158.09,
100.0, 100, 40, 30,  10,  10,  0, 0.0,  -1%, 90, 32.14, 183.06,
100.0, 100, 40, 30,  10,  10,  0, 0.0,  -1%, 115, 25.98, 191.09,
100.0, 100, 40, 30,  10,  10,  0, 0.0,  -1%, 150, 15.28, 214.15,
100.0, 100, 40, 30,  10,  10,  0, 0.0,  -1%, 165, 15.26, 227.43,
100.0, 100, 40, 30,  10,  10,  0, 0.0,  -1%, 180, 12.61, 216.16,
100.0, 100, 45, 30,  0,  0,  10, 100.0,  62.49%, 15, 49.99, -56.52,
100.0, 100, 45, 30,  1,  0,  9, 90.0,  27.83%, 30, 49.99, -23.89,
100.0, 100, 45, 30,  10,  0,  0, 0.0,  -1%, 45, 49.99, 32.83,
100.0, 100, 45, 30,  10,  6,  0, 0.0,  -1%, 60, 49.98, 103.48,
100.0, 100, 45, 30,  10,  10,  0, 0.0,  -1%, 75, 43.4, 173.93,
100.0, 100, 45, 30,  10,  10,  0, 0.0,  -1%, 90, 30.43, 182.08,
100.0, 100, 45, 30,  10,  10,  0, 0.0,  -1%, 115, 25.53, 193.9,
100.0, 100, 45, 30,  10,  10,  0, 0.0,  -1%, 150, 15.4, 212.39,
100.0, 100, 45, 30,  10,  10,  0, 0.0,  -1%, 165, 13.76, 220.5,
100.0, 100, 45, 30,  10,  10,  0, 0.0,  -1%, 180, 10.99, 233.58,
100.0, 100, 50, 30,  0,  0,  10, 100.0,  64.54%, 15, 50.0, -58.92,
100.0, 100, 50, 30,  1,  0,  9, 90.0,  24.42%, 30, 49.99, -22.09,
100.0, 100, 50, 30,  10,  0,  0, 0.0,  -1%, 45, 49.99, 46.82,
100.0, 100, 50, 30,  10,  9,  0, 0.0,  -1%, 60, 50.0, 142.68,
100.0, 100, 50, 30,  10,  10,  0, 0.0,  -1%, 75, 42.09, 175.71,
100.0, 100, 50, 30,  10,  10,  0, 0.0,  -1%, 90, 35.39, 191.1,
100.0, 100, 50, 30,  10,  10,  0, 0.0,  -1%, 115, 21.85, 194.33,
100.0, 100, 50, 30,  10,  10,  0, 0.0,  -1%, 150, 15.96, 211.12,
100.0, 100, 50, 30,  10,  10,  0, 0.0,  -1%, 165, 13.2, 227.16,
100.0, 100, 50, 30,  10,  10,  0, 0.0,  -1%, 180, 11.58, 221.02,
100.0, 100, 5, 30,  0,  0,  10, 100.0,  66.89%, 15, 49.99, -60.39,
100.0, 100, 5, 30,  0,  0,  10, 100.0,  33.09%, 30, 49.99, -30.12,
100.0, 100, 5, 30,  6,  0,  4, 40.0,  7.59%, 45, 49.99, 3.53,
100.0, 100, 5, 30,  10,  2,  0, 0.0,  -1%, 60, 50.0, 71.06,
100.0, 100, 5, 30,  9,  5,  1, 10.0,  0.83%, 75, 49.99, 103.97,
100.0, 100, 5, 30,  10,  10,  0, 0.0,  -1%, 90, 45.31, 165.12,
100.0, 100, 5, 30,  10,  10,  0, 0.0,  -1%, 115, 36.32, 162.27,
100.0, 100, 5, 30,  10,  10,  0, 0.0,  -1%, 150, 23.9, 190.46,
100.0, 100, 5, 30,  10,  10,  0, 0.0,  -1%, 165, 19.51, 166.49,
100.0, 100, 5, 30,  10,  10,  0, 0.0,  -1%, 180, 20.27, 190.76,
100.0, 100, 10, 30,  0,  0,  10, 100.0,  66.47%, 15, 49.99, -58.48,
100.0, 100, 10, 30,  0,  0,  10, 100.0,  27.46%, 30, 50.0, -25.77,
100.0, 100, 10, 30,  8,  0,  2, 20.0,  4.12%, 45, 50.0, 25.08,
100.0, 100, 10, 30,  10,  2,  0, 0.0,  -1%, 60, 49.99, 77.31,
100.0, 100, 10, 30,  10,  8,  0, 0.0,  -1%, 75, 49.87, 135.04,
100.0, 100, 10, 30,  10,  10,  0, 0.0,  -1%, 90, 44.1, 157.02,
100.0, 100, 10, 30,  10,  10,  0, 0.0,  -1%, 115, 30.92, 185.71,
100.0, 100, 10, 30,  10,  10,  0, 0.0,  -1%, 150, 21.88, 193.36,
100.0, 100, 10, 30,  10,  10,  0, 0.0,  -1%, 165, 20.51, 213.39,
100.0, 100, 10, 30,  10,  10,  0, 0.0,  -1%, 180, 18.63, 193.29,
100.0, 100, 15, 30,  0,  0,  10, 100.0,  64.47%, 15, 49.99, -57.99,
100.0, 100, 15, 30,  0,  0,  10, 100.0,  18.69%, 30, 50.0, -11.89,
100.0, 100, 15, 30,  9,  0,  1, 10.0,  6.11%, 45, 49.99, 25.76,
100.0, 100, 15, 30,  10,  5,  0, 0.0,  -1%, 60, 49.99, 89.07,
100.0, 100, 15, 30,  10,  8,  0, 0.0,  -1%, 75, 49.81, 153.9,
100.0, 100, 15, 30,  10,  10,  0, 0.0,  -1%, 90, 36.09, 180.38,
100.0, 100, 15, 30,  10,  10,  0, 0.0,  -1%, 115, 30.46, 181.35,
100.0, 100, 15, 30,  10,  10,  0, 0.0,  -1%, 150, 17.25, 196.02,
100.0, 100, 15, 30,  10,  10,  0, 0.0,  -1%, 165, 15.83, 195.75,
100.0, 100, 15, 30,  10,  10,  0, 0.0,  -1%, 180, 15.25, 199.09,
100.0, 100, 20, 30,  0,  0,  10, 100.0,  64.43%, 15, 49.99, -57.39,
100.0, 100, 20, 30,  2,  0,  8, 80.0,  16.0%, 30, 49.99, -16.48,
100.0, 100, 20, 30,  7,  0,  3, 30.0,  5.0%, 45, 49.99, 10.86,
100.0, 100, 20, 30,  10,  5,  0, 0.0,  -1%, 60, 49.99, 90.2,
100.0, 100, 20, 30,  10,  8,  0, 0.0,  -1%, 75, 49.99, 150.65,
100.0, 100, 20, 30,  10,  10,  0, 0.0,  -1%, 90, 39.16, 165.4,
100.0, 100, 20, 30,  10,  10,  0, 0.0,  -1%, 115, 25.65, 191.85,
100.0, 100, 20, 30,  10,  10,  0, 0.0,  -1%, 150, 18.87, 200.87,
100.0, 100, 20, 30,  10,  10,  0, 0.0,  -1%, 165, 19.16, 219.31,
100.0, 100, 20, 30,  10,  10,  0, 0.0,  -1%, 180, 12.45, 211.76,
100.0, 100, 25, 30,  0,  0,  10, 100.0,  63.69%, 15, 49.99, -57.55,
100.0, 100, 25, 30,  1,  0,  9, 90.0,  25.96%, 30, 50.0, -25.08,
100.0, 100, 25, 30,  9,  0,  1, 10.0,  0.55%, 45, 49.99, 38.73,
100.0, 100, 25, 30,  10,  4,  0, 0.0,  -1%, 60, 50.0, 85.87,
100.0, 100, 25, 30,  10,  10,  0, 0.0,  -1%, 75, 47.8, 163.74,
100.0, 100, 25, 30,  10,  10,  0, 0.0,  -1%, 90, 38.95, 194.05,
100.0, 100, 25, 30,  10,  10,  0, 0.0,  -1%, 115, 22.81, 190.06,
100.0, 100, 25, 30,  10,  10,  0, 0.0,  -1%, 150, 18.05, 196.6,
100.0, 100, 25, 30,  10,  10,  0, 0.0,  -1%, 165, 14.28, 214.36,
100.0, 100, 25, 30,  10,  10,  0, 0.0,  -1%, 180, 13.35, 213.13,
100.0, 100, 30, 30,  0,  0,  10, 100.0,  64.05%, 15, 49.99, -60.53,
100.0, 100, 30, 30,  0,  0,  10, 100.0,  19.1%, 30, 49.99, -14.25,
100.0, 100, 30, 30,  9,  0,  1, 10.0,  3.39%, 45, 49.99, 28.88,
100.0, 100, 30, 30,  10,  6,  0, 0.0,  -1%, 60, 50.0, 104.5,
100.0, 100, 30, 30,  10,  10,  0, 0.0,  -1%, 75, 40.72, 166.75,
100.0, 100, 30, 30,  10,  10,  0, 0.0,  -1%, 90, 35.53, 167.02,
100.0, 100, 30, 30,  10,  10,  0, 0.0,  -1%, 115, 24.58, 195.89,
100.0, 100, 30, 30,  10,  10,  0, 0.0,  -1%, 150, 17.94, 216.42,
100.0, 100, 30, 30,  10,  10,  0, 0.0,  -1%, 165, 14.08, 210.64,
100.0, 100, 30, 30,  10,  10,  0, 0.0,  -1%, 180, 13.08, 221.34,
100.0, 100, 35, 30,  0,  0,  10, 100.0,  60.22%, 15, 50.0, -53.69,
100.0, 100, 35, 30,  2,  0,  8, 80.0,  14.96%, 30, 49.99, -12.43,
100.0, 100, 35, 30,  8,  0,  2, 20.0,  4.2%, 45, 49.99, 25.44,
100.0, 100, 35, 30,  10,  6,  0, 0.0,  -1%, 60, 49.99, 116.86,
100.0, 100, 35, 30,  10,  9,  0, 0.0,  -1%, 75, 45.64, 158.07,
100.0, 100, 35, 30,  10,  9,  0, 0.0,  -1%, 90, 33.08, 188.56,
100.0, 100, 35, 30,  10,  10,  0, 0.0,  -1%, 115, 22.91, 191.58,
100.0, 100, 35, 30,  10,  10,  0, 0.0,  -1%, 150, 16.34, 210.43,
100.0, 100, 35, 30,  10,  10,  0, 0.0,  -1%, 165, 16.06, 210.7,
100.0, 100, 35, 30,  10,  10,  0, 0.0,  -1%, 180, 12.34, 226.27,
100.0, 100, 40, 30,  0,  0,  10, 100.0,  62.99%, 15, 49.99, -57.68,
100.0, 100, 40, 30,  1,  0,  9, 90.0,  21.09%, 30, 49.99, -20.46,
100.0, 100, 40, 30,  9,  0,  1, 10.0,  0.28%, 45, 49.99, 49.22,
100.0, 100, 40, 30,  10,  7,  0, 0.0,  -1%, 60, 49.99, 120.75,
100.0, 100, 40, 30,  10,  9,  0, 0.0,  -1%, 75, 44.24, 172.19,
100.0, 100, 40, 30,  10,  10,  0, 0.0,  -1%, 90, 33.69, 185.63,
100.0, 100, 40, 30,  10,  10,  0, 0.0,  -1%, 115, 25.32, 195.25,
100.0, 100, 40, 30,  10,  10,  0, 0.0,  -1%, 150, 15.99, 205.15,
100.0, 100, 40, 30,  10,  10,  0, 0.0,  -1%, 165, 12.57, 218.0,
100.0, 100, 40, 30,  10,  10,  0, 0.0,  -1%, 180, 13.59, 226.12,
100.0, 100, 45, 30,  0,  0,  10, 100.0,  63.45%, 15, 49.99, -57.11,
100.0, 100, 45, 30,  0,  0,  10, 100.0,  22.04%, 30, 50.0, -19.35,
100.0, 100, 45, 30,  10,  0,  0, 0.0,  -1%, 45, 50.0, 47.4,
100.0, 100, 45, 30,  10,  7,  0, 0.0,  -1%, 60, 50.0, 111.31,
100.0, 100, 45, 30,  10,  10,  0, 0.0,  -1%, 75, 46.27, 166.0,
100.0, 100, 45, 30,  10,  10,  0, 0.0,  -1%, 90, 34.62, 186.29,
100.0, 100, 45, 30,  10,  10,  0, 0.0,  -1%, 115, 22.46, 203.45,
100.0, 100, 45, 30,  10,  10,  0, 0.0,  -1%, 150, 16.11, 214.55,
100.0, 100, 45, 30,  10,  10,  0, 0.0,  -1%, 165, 13.66, 213.22,
100.0, 100, 45, 30,  10,  10,  0, 0.0,  -1%, 180, 12.44, 223.71,
100.0, 100, 50, 30,  0,  0,  10, 100.0,  65.17%, 15, 49.99, -57.96,
100.0, 100, 50, 30,  1,  0,  9, 90.0,  22.17%, 30, 50.0, -21.2,
100.0, 100, 50, 30,  9,  0,  1, 10.0,  0.16%, 45, 49.99, 51.4,
100.0, 100, 50, 30,  10,  10,  0, 0.0,  -1%, 60, 49.99, 145.32,
100.0, 100, 50, 30,  10,  9,  0, 0.0,  -1%, 75, 45.36, 163.32,
100.0, 100, 50, 30,  10,  10,  0, 0.0,  -1%, 90, 34.74, 184.4,
100.0, 100, 50, 30,  10,  10,  0, 0.0,  -1%, 115, 23.12, 205.52,
100.0, 100, 50, 30,  10,  10,  0, 0.0,  -1%, 150, 17.33, 233.87,
100.0, 100, 50, 30,  10,  10,  0, 0.0,  -1%, 165, 13.64, 216.0,
100.0, 100, 50, 30,  10,  10,  0, 0.0,  -1%, 180, 11.7, 228.76,
100.0, 100, 5, 30,  0,  0,  10, 100.0,  67.59%, 15, 50.0, -62.27,
100.0, 100, 5, 30,  0,  0,  10, 100.0,  38.6%, 30, 49.99, -37.37,
100.0, 100, 5, 30,  4,  0,  6, 60.0,  5.24%, 45, 49.99, -5.17,
100.0, 100, 5, 30,  8,  2,  2, 20.0,  2.75%, 60, 49.99, 43.15,
100.0, 100, 5, 30,  10,  6,  0, 0.0,  -1%, 75, 49.98, 122.53,
100.0, 100, 5, 30,  10,  7,  0, 0.0,  -1%, 90, 47.82, 135.76,
100.0, 100, 5, 30,  10,  9,  0, 0.0,  -1%, 115, 35.29, 168.18,
100.0, 100, 5, 30,  10,  10,  0, 0.0,  -1%, 150, 23.12, 186.59,
100.0, 100, 5, 30,  10,  10,  0, 0.0,  -1%, 165, 22.13, 185.35,
100.0, 100, 5, 30,  10,  10,  0, 0.0,  -1%, 180, 17.51, 185.95,
100.0, 100, 10, 30,  0,  0,  10, 100.0,  66.68%, 15, 49.99, -61.98,
100.0, 100, 10, 30,  0,  0,  10, 100.0,  33.41%, 30, 50.0, -31.46,
100.0, 100, 10, 30,  6,  0,  4, 40.0,  5.68%, 45, 49.99, 4.63,
100.0, 100, 10, 30,  10,  5,  0, 0.0,  -1%, 60, 50.0, 102.39,
100.0, 100, 10, 30,  10,  10,  0, 0.0,  -1%, 75, 50.0, 144.89,
100.0, 100, 10, 30,  10,  10,  0, 0.0,  -1%, 90, 40.7, 153.41,
100.0, 100, 10, 30,  10,  10,  0, 0.0,  -1%, 115, 27.28, 179.38,
100.0, 100, 10, 30,  10,  10,  0, 0.0,  -1%, 150, 23.03, 186.25,
100.0, 100, 10, 30,  10,  10,  0, 0.0,  -1%, 165, 15.0, 202.28,
100.0, 100, 10, 30,  10,  10,  0, 0.0,  -1%, 180, 16.44, 207.73,
100.0, 100, 15, 30,  0,  0,  10, 100.0,  64.72%, 15, 49.99, -58.21,
100.0, 100, 15, 30,  0,  0,  10, 100.0,  28.94%, 30, 49.99, -27.42,
100.0, 100, 15, 30,  8,  0,  2, 20.0,  2.76%, 45, 50.0, 37.0,
100.0, 100, 15, 30,  10,  6,  0, 0.0,  -1%, 60, 49.99, 109.9,
100.0, 100, 15, 30,  10,  9,  0, 0.0,  -1%, 75, 43.62, 162.44,
100.0, 100, 15, 30,  10,  9,  0, 0.0,  -1%, 90, 37.1, 177.49,
100.0, 100, 15, 30,  10,  10,  0, 0.0,  -1%, 115, 27.39, 179.29,
100.0, 100, 15, 30,  10,  10,  0, 0.0,  -1%, 150, 19.43, 196.77,
100.0, 100, 15, 30,  10,  10,  0, 0.0,  -1%, 165, 20.01, 216.82,
100.0, 100, 15, 30,  10,  10,  0, 0.0,  -1%, 180, 16.1, 209.03,
100.0, 100, 20, 30,  0,  0,  10, 100.0,  65.56%, 15, 50.0, -58.27,
100.0, 100, 20, 30,  0,  0,  10, 100.0,  27.66%, 30, 49.99, -24.58,
100.0, 100, 20, 30,  6,  0,  4, 40.0,  8.46%, 45, 50.0, 8.3,
100.0, 100, 20, 30,  10,  4,  0, 0.0,  -1%, 60, 50.0, 69.95,
100.0, 100, 20, 30,  10,  9,  0, 0.0,  -1%, 75, 49.99, 151.75,
100.0, 100, 20, 30,  10,  10,  0, 0.0,  -1%, 90, 37.7, 174.37,
100.0, 100, 20, 30,  10,  10,  0, 0.0,  -1%, 115, 27.63, 182.19,
100.0, 100, 20, 30,  10,  10,  0, 0.0,  -1%, 150, 17.05, 206.7,
100.0, 100, 20, 30,  10,  10,  0, 0.0,  -1%, 165, 15.1, 207.73,
100.0, 100, 20, 30,  10,  10,  0, 0.0,  -1%, 180, 14.29, 212.35,
100.0, 100, 25, 30,  0,  0,  10, 100.0,  61.77%, 15, 50.0, -56.21,
100.0, 100, 25, 30,  0,  0,  10, 100.0,  25.7%, 30, 50.0, -23.7,
100.0, 100, 25, 30,  10,  0,  0, 0.0,  -1%, 45, 50.0, 35.93,
100.0, 100, 25, 30,  10,  3,  0, 0.0,  -1%, 60, 49.99, 87.82,
100.0, 100, 25, 30,  10,  10,  0, 0.0,  -1%, 75, 46.77, 164.32,
100.0, 100, 25, 30,  10,  10,  0, 0.0,  -1%, 90, 36.57, 170.19,
100.0, 100, 25, 30,  10,  10,  0, 0.0,  -1%, 115, 25.8, 188.99,
100.0, 100, 25, 30,  10,  10,  0, 0.0,  -1%, 150, 18.84, 207.83,
100.0, 100, 25, 30,  10,  10,  0, 0.0,  -1%, 165, 15.36, 213.64,
100.0, 100, 25, 30,  10,  10,  0, 0.0,  -1%, 180, 12.04, 216.74,
100.0, 100, 30, 30,  0,  0,  10, 100.0,  59.44%, 15, 50.0, -53.37,
100.0, 100, 30, 30,  2,  0,  8, 80.0,  22.35%, 30, 49.99, -23.69,
100.0, 100, 30, 30,  9,  0,  1, 10.0,  3.41%, 45, 49.99, 28.52,
100.0, 100, 30, 30,  10,  8,  0, 0.0,  -1%, 60, 49.99, 121.87,
100.0, 100, 30, 30,  10,  10,  0, 0.0,  -1%, 75, 48.79, 152.15,
100.0, 100, 30, 30,  10,  10,  0, 0.0,  -1%, 90, 36.25, 178.53,
100.0, 100, 30, 30,  10,  10,  0, 0.0,  -1%, 115, 23.14, 189.35,
100.0, 100, 30, 30,  10,  10,  0, 0.0,  -1%, 150, 15.79, 205.49,
100.0, 100, 30, 30,  10,  10,  0, 0.0,  -1%, 165, 13.75, 206.25,
100.0, 100, 30, 30,  10,  10,  0, 0.0,  -1%, 180, 12.2, 205.73,
100.0, 100, 35, 30,  0,  0,  10, 100.0,  62.69%, 15, 50.0, -56.53,
100.0, 100, 35, 30,  0,  0,  10, 100.0,  28.14%, 30, 49.99, -23.82,
100.0, 100, 35, 30,  9,  0,  1, 10.0,  0.2%, 45, 49.99, 30.51,
100.0, 100, 35, 30,  10,  7,  0, 0.0,  -1%, 60, 49.99, 115.66,
100.0, 100, 35, 30,  10,  10,  0, 0.0,  -1%, 75, 49.82, 157.77,
100.0, 100, 35, 30,  10,  10,  0, 0.0,  -1%, 90, 38.98, 182.63,
100.0, 100, 35, 30,  10,  10,  0, 0.0,  -1%, 115, 25.24, 192.46,
100.0, 100, 35, 30,  10,  10,  0, 0.0,  -1%, 150, 17.49, 210.2,
100.0, 100, 35, 30,  10,  10,  0, 0.0,  -1%, 165, 16.61, 225.45,
100.0, 100, 35, 30,  10,  10,  0, 0.0,  -1%, 180, 13.01, 206.97,
100.0, 100, 40, 30,  0,  0,  10, 100.0,  61.98%, 15, 49.99, -55.85,
100.0, 100, 40, 30,  1,  0,  9, 90.0,  16.64%, 30, 50.0, -14.19,
100.0, 100, 40, 30,  9,  0,  1, 10.0,  3.98%, 45, 50.0, 44.47,
100.0, 100, 40, 30,  10,  4,  0, 0.0,  -1%, 60, 49.99, 93.68,
100.0, 100, 40, 30,  10,  10,  0, 0.0,  -1%, 75, 48.48, 175.01,
100.0, 100, 40, 30,  10,  10,  0, 0.0,  -1%, 90, 36.4, 181.67,
100.0, 100, 40, 30,  10,  10,  0, 0.0,  -1%, 115, 23.71, 202.57,
100.0, 100, 40, 30,  10,  10,  0, 0.0,  -1%, 150, 17.18, 209.33,
100.0, 100, 40, 30,  10,  10,  0, 0.0,  -1%, 165, 14.19, 223.14,
100.0, 100, 40, 30,  10,  10,  0, 0.0,  -1%, 180, 12.34, 218.66,
100.0, 100, 45, 30,  0,  0,  10, 100.0,  63.03%, 15, 50.0, -56.77,
100.0, 100, 45, 30,  0,  0,  10, 100.0,  21.74%, 30, 49.99, -13.51,
100.0, 100, 45, 30,  10,  0,  0, 0.0,  -1%, 45, 50.0, 48.63,
100.0, 100, 45, 30,  10,  5,  0, 0.0,  -1%, 60, 49.99, 107.42,
100.0, 100, 45, 30,  10,  10,  0, 0.0,  -1%, 75, 48.47, 171.27,
100.0, 100, 45, 30,  10,  10,  0, 0.0,  -1%, 90, 36.2, 188.39,
100.0, 100, 45, 30,  10,  10,  0, 0.0,  -1%, 115, 24.96, 201.98,
100.0, 100, 45, 30,  10,  10,  0, 0.0,  -1%, 150, 17.38, 222.57,
100.0, 100, 45, 30,  10,  10,  0, 0.0,  -1%, 165, 13.61, 225.55,
100.0, 100, 45, 30,  10,  10,  0, 0.0,  -1%, 180, 12.17, 215.11,
100.0, 100, 50, 30,  0,  0,  10, 100.0,  65.55%, 15, 49.99, -59.42,
100.0, 100, 50, 30,  0,  0,  10, 100.0,  20.6%, 30, 49.99, -17.48,
100.0, 100, 50, 30,  10,  0,  0, 0.0,  -1%, 45, 49.99, 56.42,
100.0, 100, 50, 30,  10,  8,  0, 0.0,  -1%, 60, 49.99, 137.42,
100.0, 100, 50, 30,  10,  10,  0, 0.0,  -1%, 75, 42.79, 160.6,
100.0, 100, 50, 30,  10,  10,  0, 0.0,  -1%, 90, 35.45, 179.22,
100.0, 100, 50, 30,  10,  10,  0, 0.0,  -1%, 115, 26.67, 203.9,
100.0, 100, 50, 30,  10,  10,  0, 0.0,  -1%, 150, 16.17, 222.61,
100.0, 100, 50, 30,  10,  10,  0, 0.0,  -1%, 165, 14.89, 216.54,
100.0, 100, 50, 30,  10,  10,  0, 0.0,  -1%, 180, 11.51, 226.05,
100.0, 100, 5, 30,  0,  0,  10, 100.0,  66.73%, 15, 50.0, -59.49,
100.0, 100, 5, 30,  0,  0,  10, 100.0,  29.76%, 30, 49.99, -22.86,
100.0, 100, 5, 30,  5,  0,  5, 50.0,  7.15%, 45, 50.0, 0.04,
100.0, 100, 5, 30,  8,  2,  2, 20.0,  1.43%, 60, 49.99, 54.72,
100.0, 100, 5, 30,  10,  9,  0, 0.0,  -1%, 75, 49.99, 120.34,
100.0, 100, 5, 30,  10,  9,  0, 0.0,  -1%, 90, 45.98, 143.49,
100.0, 100, 5, 30,  10,  10,  0, 0.0,  -1%, 115, 33.11, 153.59,
100.0, 100, 5, 30,  10,  10,  0, 0.0,  -1%, 150, 24.17, 172.73,
100.0, 100, 5, 30,  10,  10,  0, 0.0,  -1%, 165, 21.41, 189.77,
100.0, 100, 5, 30,  10,  10,  0, 0.0,  -1%, 180, 17.65, 188.18,
100.0, 100, 10, 30,  0,  0,  10, 100.0,  64.52%, 15, 50.0, -59.22,
100.0, 100, 10, 30,  0,  0,  10, 100.0,  27.66%, 30, 49.99, -26.04,
100.0, 100, 10, 30,  7,  0,  3, 30.0,  3.69%, 45, 49.99, 20.98,
100.0, 100, 10, 30,  10,  1,  0, 0.0,  -1%, 60, 50.0, 71.52,
100.0, 100, 10, 30,  10,  8,  0, 0.0,  -1%, 75, 49.36, 148.66,
100.0, 100, 10, 30,  10,  9,  0, 0.0,  -1%, 90, 42.0, 154.45,
100.0, 100, 10, 30,  10,  10,  0, 0.0,  -1%, 115, 32.04, 182.05,
100.0, 100, 10, 30,  10,  10,  0, 0.0,  -1%, 150, 21.69, 191.36,
100.0, 100, 10, 30,  10,  10,  0, 0.0,  -1%, 165, 15.25, 192.89,
100.0, 100, 10, 30,  10,  10,  0, 0.0,  -1%, 180, 15.82, 217.12,
100.0, 100, 15, 30,  0,  0,  10, 100.0,  62.74%, 15, 49.99, -57.62,
100.0, 100, 15, 30,  0,  0,  10, 100.0,  28.93%, 30, 50.0, -26.13,
100.0, 100, 15, 30,  9,  0,  1, 10.0,  0.47%, 45, 50.0, 24.38,
100.0, 100, 15, 30,  10,  4,  0, 0.0,  -1%, 60, 49.99, 94.84,
100.0, 100, 15, 30,  10,  8,  0, 0.0,  -1%, 75, 49.95, 156.86,
100.0, 100, 15, 30,  10,  10,  0, 0.0,  -1%, 90, 37.51, 172.83,
100.0, 100, 15, 30,  10,  10,  0, 0.0,  -1%, 115, 29.22, 184.64,
100.0, 100, 15, 30,  10,  10,  0, 0.0,  -1%, 150, 18.94, 200.74,
100.0, 100, 15, 30,  10,  10,  0, 0.0,  -1%, 165, 16.08, 220.33,
100.0, 100, 15, 30,  10,  10,  0, 0.0,  -1%, 180, 15.35, 192.12,
100.0, 100, 20, 30,  0,  0,  10, 100.0,  65.63%, 15, 49.99, -58.49,
100.0, 100, 20, 30,  0,  0,  10, 100.0,  29.12%, 30, 50.0, -28.04,
100.0, 100, 20, 30,  9,  0,  1, 10.0,  2.4%, 45, 49.99, 27.11,
100.0, 100, 20, 30,  10,  2,  0, 0.0,  -1%, 60, 50.0, 82.38,
100.0, 100, 20, 30,  10,  9,  0, 0.0,  -1%, 75, 45.14, 157.49,
100.0, 100, 20, 30,  10,  10,  0, 0.0,  -1%, 90, 39.59, 174.72,
100.0, 100, 20, 30,  10,  10,  0, 0.0,  -1%, 115, 27.42, 194.84,
100.0, 100, 20, 30,  10,  10,  0, 0.0,  -1%, 150, 18.27, 206.86,
100.0, 100, 20, 30,  10,  10,  0, 0.0,  -1%, 165, 15.29, 207.65,
100.0, 100, 20, 30,  10,  10,  0, 0.0,  -1%, 180, 13.66, 222.31,
100.0, 100, 25, 30,  0,  0,  10, 100.0,  66.48%, 15, 50.0, -59.14,
100.0, 100, 25, 30,  1,  0,  9, 90.0,  21.51%, 30, 49.99, -18.35,
100.0, 100, 25, 30,  10,  0,  0, 0.0,  -1%, 45, 50.0, 45.43,
100.0, 100, 25, 30,  10,  5,  0, 0.0,  -1%, 60, 50.0, 101.29,
100.0, 100, 25, 30,  10,  10,  0, 0.0,  -1%, 75, 47.87, 162.93,
100.0, 100, 25, 30,  10,  10,  0, 0.0,  -1%, 90, 33.18, 166.25,
100.0, 100, 25, 30,  10,  10,  0, 0.0,  -1%, 115, 27.04, 197.34,
100.0, 100, 25, 30,  10,  10,  0, 0.0,  -1%, 150, 18.28, 199.8,
100.0, 100, 25, 30,  10,  10,  0, 0.0,  -1%, 165, 15.61, 215.51,
100.0, 100, 25, 30,  10,  10,  0, 0.0,  -1%, 180, 13.26, 214.34,
100.0, 100, 30, 30,  0,  0,  10, 100.0,  62.58%, 15, 49.99, -55.9,
100.0, 100, 30, 30,  1,  0,  9, 90.0,  21.48%, 30, 49.99, -23.07,
100.0, 100, 30, 30,  9,  0,  1, 10.0,  1.18%, 45, 50.0, 32.19,
100.0, 100, 30, 30,  10,  7,  0, 0.0,  -1%, 60, 50.0, 142.28,
100.0, 100, 30, 30,  10,  9,  0, 0.0,  -1%, 75, 48.2, 151.86,
100.0, 100, 30, 30,  10,  10,  0, 0.0,  -1%, 90, 32.58, 174.19,
100.0, 100, 30, 30,  10,  10,  0, 0.0,  -1%, 115, 26.23, 198.9,
100.0, 100, 30, 30,  10,  10,  0, 0.0,  -1%, 150, 15.71, 200.98,
100.0, 100, 30, 30,  10,  10,  0, 0.0,  -1%, 165, 15.09, 215.93,
100.0, 100, 30, 30,  10,  10,  0, 0.0,  -1%, 180, 12.2, 227.35,
100.0, 100, 35, 30,  0,  0,  10, 100.0,  63.18%, 15, 49.99, -58.04,
100.0, 100, 35, 30,  1,  0,  9, 90.0,  16.6%, 30, 50.0, -14.51,
100.0, 100, 35, 30,  10,  0,  0, 0.0,  -1%, 45, 50.0, 54.82,
100.0, 100, 35, 30,  10,  5,  0, 0.0,  -1%, 60, 49.99, 98.64,
100.0, 100, 35, 30,  10,  10,  0, 0.0,  -1%, 75, 43.0, 168.69,
100.0, 100, 35, 30,  10,  10,  0, 0.0,  -1%, 90, 36.23, 188.96,
100.0, 100, 35, 30,  10,  10,  0, 0.0,  -1%, 115, 25.28, 196.85,
100.0, 100, 35, 30,  10,  10,  0, 0.0,  -1%, 150, 17.54, 205.71,
100.0, 100, 35, 30,  10,  10,  0, 0.0,  -1%, 165, 14.16, 216.93,
100.0, 100, 35, 30,  10,  10,  0, 0.0,  -1%, 180, 13.04, 213.09,
100.0, 100, 40, 30,  0,  0,  10, 100.0,  61.77%, 15, 49.99, -53.29,
100.0, 100, 40, 30,  0,  0,  10, 100.0,  19.14%, 30, 50.0, -15.3,
100.0, 100, 40, 30,  10,  0,  0, 0.0,  -1%, 45, 50.0, 46.75,
100.0, 100, 40, 30,  10,  10,  0, 0.0,  -1%, 60, 50.0, 141.18,
100.0, 100, 40, 30,  10,  10,  0, 0.0,  -1%, 75, 44.18, 160.23,
100.0, 100, 40, 30,  10,  10,  0, 0.0,  -1%, 90, 35.77, 174.83,
100.0, 100, 40, 30,  10,  10,  0, 0.0,  -1%, 115, 24.32, 199.27,
100.0, 100, 40, 30,  10,  10,  0, 0.0,  -1%, 150, 17.55, 212.54,
100.0, 100, 40, 30,  10,  10,  0, 0.0,  -1%, 165, 13.41, 221.64,
100.0, 100, 40, 30,  10,  10,  0, 0.0,  -1%, 180, 13.42, 226.8,
100.0, 100, 45, 30,  0,  0,  10, 100.0,  64.53%, 15, 50.0, -58.66,
100.0, 100, 45, 30,  1,  0,  9, 90.0,  13.84%, 30, 50.0, -8.43,
100.0, 100, 45, 30,  9,  0,  1, 10.0,  0.71%, 45, 49.99, 23.27,
100.0, 100, 45, 30,  10,  8,  0, 0.0,  -1%, 60, 50.0, 108.19,
100.0, 100, 45, 30,  10,  9,  0, 0.0,  -1%, 75, 48.66, 153.02,
100.0, 100, 45, 30,  10,  10,  0, 0.0,  -1%, 90, 32.62, 182.53,
100.0, 100, 45, 30,  10,  10,  0, 0.0,  -1%, 115, 22.58, 194.44,
100.0, 100, 45, 30,  10,  10,  0, 0.0,  -1%, 150, 15.84, 214.61,
100.0, 100, 45, 30,  10,  10,  0, 0.0,  -1%, 165, 13.54, 215.82,
100.0, 100, 45, 30,  10,  10,  0, 0.0,  -1%, 180, 11.63, 214.49,
100.0, 100, 50, 30,  0,  0,  10, 100.0,  61.68%, 15, 49.99, -55.4,
100.0, 100, 50, 30,  0,  0,  10, 100.0,  22.65%, 30, 50.0, -21.51,
100.0, 100, 50, 30,  10,  0,  0, 0.0,  -1%, 45, 50.0, 31.17,
100.0, 100, 50, 30,  10,  7,  0, 0.0,  -1%, 60, 49.99, 123.03,
100.0, 100, 50, 30,  10,  10,  0, 0.0,  -1%, 75, 47.17, 171.55,
100.0, 100, 50, 30,  10,  10,  0, 0.0,  -1%, 90, 33.0, 178.86,
100.0, 100, 50, 30,  10,  10,  0, 0.0,  -1%, 115, 23.02, 191.14,
100.0, 100, 50, 30,  10,  10,  0, 0.0,  -1%, 150, 14.8, 205.74,
100.0, 100, 50, 30,  10,  10,  0, 0.0,  -1%, 165, 14.21, 226.69,
100.0, 100, 50, 30,  10,  10,  0, 0.0,  -1%, 180, 11.0, 214.75,
150.0, 100, 5, 30,  0,  0,  10, 100.0,  74.32%, 15, 49.99, -68.78,
150.0, 100, 5, 30,  0,  0,  10, 100.0,  56.1%, 30, 49.99, -50.59,
150.0, 100, 5, 30,  0,  0,  10, 100.0,  25.3%, 45, 49.99, -25.84,
150.0, 100, 5, 30,  5,  0,  5, 50.0,  11.02%, 60, 50.0, -0.74,
150.0, 100, 5, 30,  9,  0,  1, 10.0,  1.09%, 75, 50.0, 56.98,
150.0, 100, 5, 30,  9,  2,  1, 10.0,  5.0%, 90, 49.99, 72.02,
150.0, 100, 5, 30,  9,  6,  1, 10.0,  0.95%, 115, 49.99, 132.98,
150.0, 100, 5, 30,  10,  9,  0, 0.0,  -1%, 150, 37.61, 173.29,
150.0, 100, 5, 30,  10,  10,  0, 0.0,  -1%, 165, 31.2, 173.97,
150.0, 100, 5, 30,  10,  10,  0, 0.0,  -1%, 180, 24.72, 163.5,
150.0, 100, 10, 30,  0,  0,  10, 100.0,  74.8%, 15, 50.0, -69.18,
150.0, 100, 10, 30,  0,  0,  10, 100.0,  50.17%, 30, 49.99, -47.6,
150.0, 100, 10, 30,  2,  0,  8, 80.0,  18.42%, 45, 50.0, -20.02,
150.0, 100, 10, 30,  7,  0,  3, 30.0,  8.35%, 60, 50.0, 22.71,
150.0, 100, 10, 30,  10,  1,  0, 0.0,  -1%, 75, 49.99, 64.47,
150.0, 100, 10, 30,  8,  2,  2, 20.0,  1.46%, 90, 49.99, 41.48,
150.0, 100, 10, 30,  10,  10,  0, 0.0,  -1%, 115, 44.89, 165.53,
150.0, 100, 10, 30,  10,  10,  0, 0.0,  -1%, 150, 31.72, 186.37,
150.0, 100, 10, 30,  10,  10,  0, 0.0,  -1%, 165, 27.83, 200.86,
150.0, 100, 10, 30,  10,  10,  0, 0.0,  -1%, 180, 25.46, 207.26,
150.0, 100, 15, 30,  0,  0,  10, 100.0,  74.6%, 15, 49.99, -68.26,
150.0, 100, 15, 30,  0,  0,  10, 100.0,  50.62%, 30, 50.0, -47.45,
150.0, 100, 15, 30,  2,  0,  8, 80.0,  19.29%, 45, 49.99, -14.97,
150.0, 100, 15, 30,  8,  0,  2, 20.0,  4.0%, 60, 49.99, 20.06,
150.0, 100, 15, 30,  10,  2,  0, 0.0,  -1%, 75, 50.0, 77.59,
150.0, 100, 15, 30,  10,  8,  0, 0.0,  -1%, 90, 49.98, 148.14,
150.0, 100, 15, 30,  10,  10,  0, 0.0,  -1%, 115, 38.87, 186.86,
150.0, 100, 15, 30,  10,  10,  0, 0.0,  -1%, 150, 28.36, 201.41,
150.0, 100, 15, 30,  10,  10,  0, 0.0,  -1%, 165, 23.95, 203.71,
150.0, 100, 15, 30,  10,  10,  0, 0.0,  -1%, 180, 21.3, 207.28,
150.0, 100, 20, 30,  0,  0,  10, 100.0,  73.58%, 15, 50.0, -68.08,
150.0, 100, 20, 30,  0,  0,  10, 100.0,  51.18%, 30, 50.0, -45.94,
150.0, 100, 20, 30,  2,  0,  8, 80.0,  14.46%, 45, 49.99, -10.32,
150.0, 100, 20, 30,  9,  0,  1, 10.0,  0.51%, 60, 49.99, 31.62,
150.0, 100, 20, 30,  10,  2,  0, 0.0,  -1%, 75, 50.0, 67.85,
150.0, 100, 20, 30,  10,  9,  0, 0.0,  -1%, 90, 49.99, 126.57,
150.0, 100, 20, 30,  10,  10,  0, 0.0,  -1%, 115, 38.18, 182.05,
150.0, 100, 20, 30,  10,  10,  0, 0.0,  -1%, 150, 27.73, 199.43,
150.0, 100, 20, 30,  10,  10,  0, 0.0,  -1%, 165, 22.45, 208.63,
150.0, 100, 20, 30,  10,  10,  0, 0.0,  -1%, 180, 20.1, 206.74,
150.0, 100, 25, 30,  0,  0,  10, 100.0,  74.9%, 15, 49.99, -68.63,
150.0, 100, 25, 30,  0,  0,  10, 100.0,  45.24%, 30, 50.0, -40.73,
150.0, 100, 25, 30,  3,  0,  7, 70.0,  10.17%, 45, 49.99, -9.77,
150.0, 100, 25, 30,  10,  0,  0, 0.0,  -1%, 60, 50.0, 45.64,
150.0, 100, 25, 30,  10,  4,  0, 0.0,  -1%, 75, 49.99, 86.69,
150.0, 100, 25, 30,  10,  7,  0, 0.0,  -1%, 90, 50.0, 111.15,
150.0, 100, 25, 30,  10,  10,  0, 0.0,  -1%, 115, 42.06, 182.82,
150.0, 100, 25, 30,  10,  10,  0, 0.0,  -1%, 150, 28.96, 183.67,
150.0, 100, 25, 30,  10,  10,  0, 0.0,  -1%, 165, 20.53, 220.05,
150.0, 100, 25, 30,  10,  10,  0, 0.0,  -1%, 180, 20.99, 224.1,
150.0, 100, 30, 30,  0,  0,  10, 100.0,  75.6%, 15, 50.0, -67.89,
150.0, 100, 30, 30,  0,  0,  10, 100.0,  44.36%, 30, 49.99, -47.23,
150.0, 100, 30, 30,  2,  0,  8, 80.0,  21.44%, 45, 50.0, -22.86,
150.0, 100, 30, 30,  10,  0,  0, 0.0,  -1%, 60, 50.0, 35.69,
150.0, 100, 30, 30,  10,  6,  0, 0.0,  -1%, 75, 49.99, 113.05,
150.0, 100, 30, 30,  10,  9,  0, 0.0,  -1%, 90, 48.53, 164.42,
150.0, 100, 30, 30,  10,  10,  0, 0.0,  -1%, 115, 38.19, 197.69,
150.0, 100, 30, 30,  10,  10,  0, 0.0,  -1%, 150, 24.17, 186.99,
150.0, 100, 30, 30,  10,  10,  0, 0.0,  -1%, 165, 24.63, 212.58,
150.0, 100, 30, 30,  10,  10,  0, 0.0,  -1%, 180, 17.01, 217.08,
150.0, 100, 35, 30,  0,  0,  10, 100.0,  73.06%, 15, 50.0, -66.64,
150.0, 100, 35, 30,  0,  0,  10, 100.0,  44.59%, 30, 49.99, -42.4,
150.0, 100, 35, 30,  3,  0,  7, 70.0,  9.97%, 45, 50.0, -2.8,
150.0, 100, 35, 30,  10,  0,  0, 0.0,  -1%, 60, 49.99, 28.89,
150.0, 100, 35, 30,  10,  3,  0, 0.0,  -1%, 75, 49.99, 69.67,
150.0, 100, 35, 30,  10,  9,  0, 0.0,  -1%, 90, 49.6, 164.87,
150.0, 100, 35, 30,  10,  10,  0, 0.0,  -1%, 115, 41.51, 197.95,
150.0, 100, 35, 30,  10,  10,  0, 0.0,  -1%, 150, 25.32, 201.66,
150.0, 100, 35, 30,  10,  10,  0, 0.0,  -1%, 165, 20.39, 223.65,
150.0, 100, 35, 30,  10,  10,  0, 0.0,  -1%, 180, 18.39, 208.97,
150.0, 100, 40, 30,  0,  0,  10, 100.0,  72.73%, 15, 49.99, -66.02,
150.0, 100, 40, 30,  0,  0,  10, 100.0,  45.73%, 30, 50.0, -43.58,
150.0, 100, 40, 30,  4,  0,  6, 60.0,  4.61%, 45, 49.99, -2.22,
150.0, 100, 40, 30,  10,  1,  0, 0.0,  -1%, 60, 50.0, 69.84,
150.0, 100, 40, 30,  10,  4,  0, 0.0,  -1%, 75, 49.99, 86.07,
150.0, 100, 40, 30,  10,  10,  0, 0.0,  -1%, 90, 49.58, 168.99,
150.0, 100, 40, 30,  10,  10,  0, 0.0,  -1%, 115, 40.29, 202.86,
150.0, 100, 40, 30,  10,  10,  0, 0.0,  -1%, 150, 23.74, 212.88,
150.0, 100, 40, 30,  10,  10,  0, 0.0,  -1%, 165, 20.16, 227.2,
150.0, 100, 40, 30,  10,  10,  0, 0.0,  -1%, 180, 18.71, 226.87,
150.0, 100, 45, 30,  0,  0,  10, 100.0,  72.93%, 15, 49.99, -67.4,
150.0, 100, 45, 30,  0,  0,  10, 100.0,  46.63%, 30, 50.0, -42.58,
150.0, 100, 45, 30,  3,  0,  7, 70.0,  9.63%, 45, 49.99, -8.68,
150.0, 100, 45, 30,  10,  0,  0, 0.0,  -1%, 60, 49.99, 50.74,
150.0, 100, 45, 30,  10,  9,  0, 0.0,  -1%, 75, 49.99, 141.52,
150.0, 100, 45, 30,  10,  9,  0, 0.0,  -1%, 90, 49.28, 180.26,
150.0, 100, 45, 30,  10,  10,  0, 0.0,  -1%, 115, 33.54, 196.16,
150.0, 100, 45, 30,  10,  10,  0, 0.0,  -1%, 150, 22.7, 213.0,
150.0, 100, 45, 30,  10,  10,  0, 0.0,  -1%, 165, 22.61, 214.24,
150.0, 100, 45, 30,  10,  10,  0, 0.0,  -1%, 180, 18.78, 215.22,
150.0, 100, 50, 30,  0,  0,  10, 100.0,  71.85%, 15, 50.0, -65.39,
150.0, 100, 50, 30,  0,  0,  10, 100.0,  37.67%, 30, 49.99, -32.14,
150.0, 100, 50, 30,  6,  0,  4, 40.0,  2.31%, 45, 50.0, 3.02,
150.0, 100, 50, 30,  10,  0,  0, 0.0,  -1%, 60, 49.99, 52.55,
150.0, 100, 50, 30,  10,  7,  0, 0.0,  -1%, 75, 49.99, 123.56,
150.0, 100, 50, 30,  10,  10,  0, 0.0,  -1%, 90, 49.99, 179.64,
150.0, 100, 50, 30,  10,  10,  0, 0.0,  -1%, 115, 33.71, 195.25,
150.0, 100, 50, 30,  10,  10,  0, 0.0,  -1%, 150, 23.13, 214.62,
150.0, 100, 50, 30,  10,  10,  0, 0.0,  -1%, 165, 23.46, 213.88,
150.0, 100, 50, 30,  10,  10,  0, 0.0,  -1%, 180, 16.38, 227.97,
150.0, 100, 5, 30,  0,  0,  10, 100.0,  73.87%, 15, 49.99, -67.65,
150.0, 100, 5, 30,  0,  0,  10, 100.0,  57.75%, 30, 50.0, -58.72,
150.0, 100, 5, 30,  1,  0,  9, 90.0,  23.49%, 45, 50.0, -17.39,
150.0, 100, 5, 30,  4,  0,  6, 60.0,  15.36%, 60, 49.99, -2.37,
150.0, 100, 5, 30,  7,  0,  3, 30.0,  5.57%, 75, 50.0, 29.05,
150.0, 100, 5, 30,  10,  1,  0, 0.0,  -1%, 90, 49.99, 65.86,
150.0, 100, 5, 30,  10,  9,  0, 0.0,  -1%, 115, 49.99, 124.51,
150.0, 100, 5, 30,  10,  9,  0, 0.0,  -1%, 150, 38.32, 167.52,
150.0, 100, 5, 30,  10,  10,  0, 0.0,  -1%, 165, 29.23, 179.45,
150.0, 100, 5, 30,  10,  10,  0, 0.0,  -1%, 180, 33.19, 167.54,
150.0, 100, 10, 30,  0,  0,  10, 100.0,  74.58%, 15, 50.0, -68.48,
150.0, 100, 10, 30,  0,  0,  10, 100.0,  56.19%, 30, 49.99, -54.9,
150.0, 100, 10, 30,  0,  0,  10, 100.0,  24.72%, 45, 49.99, -22.8,
150.0, 100, 10, 30,  9,  0,  1, 10.0,  4.15%, 60, 49.99, 16.4,
150.0, 100, 10, 30,  9,  1,  1, 10.0,  2.06%, 75, 50.0, 56.89,
150.0, 100, 10, 30,  10,  6,  0, 0.0,  -1%, 90, 49.99, 112.98,
150.0, 100, 10, 30,  10,  9,  0, 0.0,  -1%, 115, 48.77, 150.7,
150.0, 100, 10, 30,  10,  10,  0, 0.0,  -1%, 150, 25.62, 184.73,
150.0, 100, 10, 30,  10,  10,  0, 0.0,  -1%, 165, 27.8, 204.59,
150.0, 100, 10, 30,  10,  10,  0, 0.0,  -1%, 180, 23.31, 205.62,
150.0, 100, 15, 30,  0,  0,  10, 100.0,  74.47%, 15, 49.99, -68.59,
150.0, 100, 15, 30,  0,  0,  10, 100.0,  48.21%, 30, 49.99, -44.29,
150.0, 100, 15, 30,  2,  0,  8, 80.0,  15.89%, 45, 50.0, -10.07,
150.0, 100, 15, 30,  9,  0,  1, 10.0,  3.76%, 60, 49.99, 34.97,
150.0, 100, 15, 30,  10,  2,  0, 0.0,  -1%, 75, 50.0, 81.41,
150.0, 100, 15, 30,  10,  7,  0, 0.0,  -1%, 90, 49.99, 134.58,
150.0, 100, 15, 30,  10,  10,  0, 0.0,  -1%, 115, 46.65, 163.4,
150.0, 100, 15, 30,  10,  10,  0, 0.0,  -1%, 150, 25.4, 197.87,
150.0, 100, 15, 30,  10,  10,  0, 0.0,  -1%, 165, 22.25, 196.28,
150.0, 100, 15, 30,  10,  10,  0, 0.0,  -1%, 180, 21.47, 216.58,
150.0, 100, 20, 30,  0,  0,  10, 100.0,  74.47%, 15, 49.99, -67.98,
150.0, 100, 20, 30,  0,  0,  10, 100.0,  43.04%, 30, 50.0, -37.68,
150.0, 100, 20, 30,  3,  0,  7, 70.0,  15.03%, 45, 50.0, -11.72,
150.0, 100, 20, 30,  9,  0,  1, 10.0,  2.43%, 60, 49.99, 18.42,
150.0, 100, 20, 30,  10,  4,  0, 0.0,  -1%, 75, 49.99, 90.05,
150.0, 100, 20, 30,  10,  7,  0, 0.0,  -1%, 90, 50.0, 125.46,
150.0, 100, 20, 30,  10,  10,  0, 0.0,  -1%, 115, 39.35, 182.74,
150.0, 100, 20, 30,  10,  10,  0, 0.0,  -1%, 150, 27.9, 197.0,
150.0, 100, 20, 30,  10,  10,  0, 0.0,  -1%, 165, 23.91, 218.18,
150.0, 100, 20, 30,  10,  10,  0, 0.0,  -1%, 180, 20.36, 221.02,
150.0, 100, 25, 30,  0,  0,  10, 100.0,  73.43%, 15, 49.99, -68.52,
150.0, 100, 25, 30,  0,  0,  10, 100.0,  45.95%, 30, 49.99, -45.41,
150.0, 100, 25, 30,  4,  0,  6, 60.0,  14.28%, 45, 50.0, -11.92,
150.0, 100, 25, 30,  8,  1,  2, 20.0,  3.35%, 60, 49.99, 37.87,
150.0, 100, 25, 30,  10,  3,  0, 0.0,  -1%, 75, 50.0, 77.73,
150.0, 100, 25, 30,  10,  8,  0, 0.0,  -1%, 90, 49.99, 143.2,
150.0, 100, 25, 30,  10,  10,  0, 0.0,  -1%, 115, 35.22, 186.83,
150.0, 100, 25, 30,  10,  10,  0, 0.0,  -1%, 150, 25.61, 205.55,
150.0, 100, 25, 30,  10,  10,  0, 0.0,  -1%, 165, 19.76, 209.64,
150.0, 100, 25, 30,  10,  10,  0, 0.0,  -1%, 180, 20.41, 213.79,
150.0, 100, 30, 30,  0,  0,  10, 100.0,  73.33%, 15, 49.99, -66.78,
150.0, 100, 30, 30,  0,  0,  10, 100.0,  47.06%, 30, 50.0, -45.95,
150.0, 100, 30, 30,  1,  0,  9, 90.0,  19.22%, 45, 50.0, -18.7,
150.0, 100, 30, 30,  10,  0,  0, 0.0,  -1%, 60, 49.99, 33.99,
150.0, 100, 30, 30,  9,  6,  1, 10.0,  2.82%, 75, 50.0, 120.08,
150.0, 100, 30, 30,  10,  7,  0, 0.0,  -1%, 90, 49.99, 148.63,
150.0, 100, 30, 30,  10,  10,  0, 0.0,  -1%, 115, 37.38, 185.53,
150.0, 100, 30, 30,  10,  10,  0, 0.0,  -1%, 150, 25.73, 193.45,
150.0, 100, 30, 30,  10,  10,  0, 0.0,  -1%, 165, 21.9, 211.76,
150.0, 100, 30, 30,  10,  10,  0, 0.0,  -1%, 180, 17.55, 226.63,
150.0, 100, 35, 30,  0,  0,  10, 100.0,  71.28%, 15, 50.0, -65.43,
150.0, 100, 35, 30,  0,  0,  10, 100.0,  47.68%, 30, 49.99, -45.76,
150.0, 100, 35, 30,  5,  0,  5, 50.0,  10.91%, 45, 50.0, -1.02,
150.0, 100, 35, 30,  9,  0,  1, 10.0,  0.94%, 60, 50.0, 46.24,
150.0, 100, 35, 30,  10,  7,  0, 0.0,  -1%, 75, 50.0, 109.08,
150.0, 100, 35, 30,  10,  8,  0, 0.0,  -1%, 90, 49.99, 154.62,
150.0, 100, 35, 30,  10,  9,  0, 0.0,  -1%, 115, 40.17, 202.0,
150.0, 100, 35, 30,  10,  10,  0, 0.0,  -1%, 150, 25.71, 216.24,
150.0, 100, 35, 30,  10,  10,  0, 0.0,  -1%, 165, 22.16, 216.8,
150.0, 100, 35, 30,  10,  10,  0, 0.0,  -1%, 180, 22.56, 220.17,
150.0, 100, 40, 30,  0,  0,  10, 100.0,  74.35%, 15, 49.99, -67.35,
150.0, 100, 40, 30,  0,  0,  10, 100.0,  51.84%, 30, 49.99, -49.5,
150.0, 100, 40, 30,  4,  0,  6, 60.0,  8.33%, 45, 49.99, -8.37,
150.0, 100, 40, 30,  9,  0,  1, 10.0,  2.46%, 60, 49.99, 28.09,
150.0, 100, 40, 30,  10,  5,  0, 0.0,  -1%, 75, 50.0, 106.64,
150.0, 100, 40, 30,  10,  8,  0, 0.0,  -1%, 90, 47.35, 177.11,
150.0, 100, 40, 30,  10,  10,  0, 0.0,  -1%, 115, 31.59, 195.84,
150.0, 100, 40, 30,  10,  10,  0, 0.0,  -1%, 150, 25.14, 221.15,
150.0, 100, 40, 30,  10,  10,  0, 0.0,  -1%, 165, 22.12, 229.52,
150.0, 100, 40, 30,  10,  10,  0, 0.0,  -1%, 180, 16.49, 222.95,
150.0, 100, 45, 30,  0,  0,  10, 100.0,  72.24%, 15, 49.99, -65.86,
150.0, 100, 45, 30,  0,  0,  10, 100.0,  46.0%, 30, 49.99, -43.47,
150.0, 100, 45, 30,  2,  0,  8, 80.0,  11.16%, 45, 50.0, -6.89,
150.0, 100, 45, 30,  10,  0,  0, 0.0,  -1%, 60, 49.99, 42.57,
150.0, 100, 45, 30,  10,  6,  0, 0.0,  -1%, 75, 49.99, 110.18,
150.0, 100, 45, 30,  10,  10,  0, 0.0,  -1%, 90, 49.98, 151.52,
150.0, 100, 45, 30,  10,  10,  0, 0.0,  -1%, 115, 38.03, 198.96,
150.0, 100, 45, 30,  10,  10,  0, 0.0,  -1%, 150, 22.39, 212.84,
150.0, 100, 45, 30,  10,  10,  0, 0.0,  -1%, 165, 20.41, 218.71,
150.0, 100, 45, 30,  10,  10,  0, 0.0,  -1%, 180, 18.3, 223.28,
150.0, 100, 50, 30,  0,  0,  10, 100.0,  74.0%, 15, 49.99, -68.24,
150.0, 100, 50, 30,  0,  0,  10, 100.0,  42.93%, 30, 49.99, -37.13,
150.0, 100, 50, 30,  4,  0,  6, 60.0,  8.34%, 45, 50.0, -4.9,
150.0, 100, 50, 30,  10,  0,  0, 0.0,  -1%, 60, 50.0, 51.75,
150.0, 100, 50, 30,  10,  6,  0, 0.0,  -1%, 75, 49.99, 112.45,
150.0, 100, 50, 30,  10,  10,  0, 0.0,  -1%, 90, 48.39, 179.09,
150.0, 100, 50, 30,  10,  10,  0, 0.0,  -1%, 115, 36.67, 197.74,
150.0, 100, 50, 30,  10,  10,  0, 0.0,  -1%, 150, 22.55, 205.05,
150.0, 100, 50, 30,  10,  10,  0, 0.0,  -1%, 165, 19.02, 223.72,
150.0, 100, 50, 30,  10,  10,  0, 0.0,  -1%, 180, 17.79, 221.17,
150.0, 100, 5, 30,  0,  0,  10, 100.0,  76.75%, 15, 50.0, -71.4,
150.0, 100, 5, 30,  0,  0,  10, 100.0,  59.08%, 30, 49.99, -59.82,
150.0, 100, 5, 30,  0,  0,  10, 100.0,  25.9%, 45, 50.0, -33.31,
150.0, 100, 5, 30,  7,  0,  3, 30.0,  2.35%, 60, 50.0, 2.5,
150.0, 100, 5, 30,  9,  0,  1, 10.0,  2.3%, 75, 49.99, 17.41,
150.0, 100, 5, 30,  9,  3,  1, 10.0,  7.33%, 90, 49.99, 86.92,
150.0, 100, 5, 30,  10,  9,  0, 0.0,  -1%, 115, 49.29, 156.42,
150.0, 100, 5, 30,  10,  10,  0, 0.0,  -1%, 150, 33.84, 192.81,
150.0, 100, 5, 30,  10,  10,  0, 0.0,  -1%, 165, 36.89, 181.92,
150.0, 100, 5, 30,  10,  10,  0, 0.0,  -1%, 180, 27.82, 204.04,
150.0, 100, 10, 30,  0,  0,  10, 100.0,  74.15%, 15, 50.0, -67.74,
150.0, 100, 10, 30,  0,  0,  10, 100.0,  53.14%, 30, 49.99, -50.98,
150.0, 100, 10, 30,  1,  0,  9, 90.0,  22.05%, 45, 50.0, -16.57,
150.0, 100, 10, 30,  6,  0,  4, 40.0,  4.46%, 60, 49.99, 3.14,
150.0, 100, 10, 30,  10,  1,  0, 0.0,  -1%, 75, 49.99, 80.47,
150.0, 100, 10, 30,  10,  8,  0, 0.0,  -1%, 90, 50.0, 133.5,
150.0, 100, 10, 30,  10,  9,  0, 0.0,  -1%, 115, 45.99, 159.49,
150.0, 100, 10, 30,  10,  10,  0, 0.0,  -1%, 150, 29.83, 196.69,
150.0, 100, 10, 30,  10,  10,  0, 0.0,  -1%, 165, 27.75, 212.52,
150.0, 100, 10, 30,  10,  10,  0, 0.0,  -1%, 180, 23.07, 201.93,
150.0, 100, 15, 30,  0,  0,  10, 100.0,  75.13%, 15, 49.99, -69.61,
150.0, 100, 15, 30,  0,  0,  10, 100.0,  53.03%, 30, 49.99, -48.82,
150.0, 100, 15, 30,  3,  0,  7, 70.0,  13.59%, 45, 50.0, -8.14,
150.0, 100, 15, 30,  10,  1,  0, 0.0,  -1%, 60, 50.0, 24.49,
150.0, 100, 15, 30,  10,  2,  0, 0.0,  -1%, 75, 50.0, 64.89,
150.0, 100, 15, 30,  10,  8,  0, 0.0,  -1%, 90, 50.0, 115.22,
150.0, 100, 15, 30,  10,  10,  0, 0.0,  -1%, 115, 39.24, 172.27,
150.0, 100, 15, 30,  10,  10,  0, 0.0,  -1%, 150, 31.71, 196.22,
150.0, 100, 15, 30,  10,  10,  0, 0.0,  -1%, 165, 26.11, 195.48,
150.0, 100, 15, 30,  10,  10,  0, 0.0,  -1%, 180, 23.67, 206.64,
150.0, 100, 20, 30,  0,  0,  10, 100.0,  74.37%, 15, 49.99, -67.95,
150.0, 100, 20, 30,  0,  0,  10, 100.0,  48.03%, 30, 50.0, -47.21,
150.0, 100, 20, 30,  2,  0,  8, 80.0,  16.94%, 45, 49.99, -18.55,
150.0, 100, 20, 30,  9,  0,  1, 10.0,  0.4%, 60, 49.99, 26.47,
150.0, 100, 20, 30,  9,  3,  1, 10.0,  0.75%, 75, 49.99, 81.82,
150.0, 100, 20, 30,  10,  8,  0, 0.0,  -1%, 90, 49.99, 154.5,
150.0, 100, 20, 30,  10,  9,  0, 0.0,  -1%, 115, 43.13, 178.46,
150.0, 100, 20, 30,  10,  10,  0, 0.0,  -1%, 150, 27.04, 205.59,
150.0, 100, 20, 30,  10,  10,  0, 0.0,  -1%, 165, 24.31, 200.0,
150.0, 100, 20, 30,  10,  10,  0, 0.0,  -1%, 180, 20.49, 214.27,
150.0, 100, 25, 30,  0,  0,  10, 100.0,  73.64%, 15, 49.99, -67.83,
150.0, 100, 25, 30,  0,  0,  10, 100.0,  51.77%, 30, 50.0, -50.64,
150.0, 100, 25, 30,  2,  0,  8, 80.0,  17.78%, 45, 49.99, -18.13,
150.0, 100, 25, 30,  10,  0,  0, 0.0,  -1%, 60, 49.99, 47.83,
150.0, 100, 25, 30,  10,  5,  0, 0.0,  -1%, 75, 49.99, 96.94,
150.0, 100, 25, 30,  10,  10,  0, 0.0,  -1%, 90, 49.99, 153.1,
150.0, 100, 25, 30,  10,  10,  0, 0.0,  -1%, 115, 35.77, 185.06,
150.0, 100, 25, 30,  10,  10,  0, 0.0,  -1%, 150, 28.59, 214.26,
150.0, 100, 25, 30,  10,  10,  0, 0.0,  -1%, 165, 23.56, 214.38,
150.0, 100, 25, 30,  10,  10,  0, 0.0,  -1%, 180, 21.22, 223.5,
150.0, 100, 30, 30,  0,  0,  10, 100.0,  73.67%, 15, 50.0, -68.59,
150.0, 100, 30, 30,  0,  0,  10, 100.0,  44.72%, 30, 49.99, -42.91,
150.0, 100, 30, 30,  3,  0,  7, 70.0,  11.42%, 45, 50.0, -4.07,
150.0, 100, 30, 30,  10,  0,  0, 0.0,  -1%, 60, 49.99, 45.36,
150.0, 100, 30, 30,  10,  4,  0, 0.0,  -1%, 75, 50.0, 92.43,
150.0, 100, 30, 30,  10,  10,  0, 0.0,  -1%, 90, 49.99, 144.01,
150.0, 100, 30, 30,  10,  10,  0, 0.0,  -1%, 115, 35.77, 203.84,
150.0, 100, 30, 30,  10,  10,  0, 0.0,  -1%, 150, 28.28, 207.09,
150.0, 100, 30, 30,  10,  10,  0, 0.0,  -1%, 165, 20.49, 217.12,
150.0, 100, 30, 30,  10,  10,  0, 0.0,  -1%, 180, 20.33, 212.96,
150.0, 100, 35, 30,  0,  0,  10, 100.0,  73.79%, 15, 49.99, -67.27,
150.0, 100, 35, 30,  0,  0,  10, 100.0,  49.37%, 30, 49.99, -47.63,
150.0, 100, 35, 30,  3,  0,  7, 70.0,  11.2%, 45, 50.0, -8.04,
150.0, 100, 35, 30,  8,  0,  2, 20.0,  2.93%, 60, 50.0, 29.9,
150.0, 100, 35, 30,  10,  6,  0, 0.0,  -1%, 75, 50.0, 121.55,
150.0, 100, 35, 30,  10,  8,  0, 0.0,  -1%, 90, 49.99, 137.97,
150.0, 100, 35, 30,  10,  10,  0, 0.0,  -1%, 115, 38.0, 196.77,
150.0, 100, 35, 30,  10,  10,  0, 0.0,  -1%, 150, 24.79, 218.96,
150.0, 100, 35, 30,  10,  10,  0, 0.0,  -1%, 165, 23.13, 229.59,
150.0, 100, 35, 30,  10,  10,  0, 0.0,  -1%, 180, 18.06, 227.26,
150.0, 100, 40, 30,  0,  0,  10, 100.0,  72.72%, 15, 50.0, -66.95,
150.0, 100, 40, 30,  0,  0,  10, 100.0,  46.65%, 30, 49.99, -42.99,
150.0, 100, 40, 30,  3,  0,  7, 70.0,  8.85%, 45, 50.0, -6.49,
150.0, 100, 40, 30,  10,  0,  0, 0.0,  -1%, 60, 50.0, 46.78,
150.0, 100, 40, 30,  10,  6,  0, 0.0,  -1%, 75, 49.99, 102.27,
150.0, 100, 40, 30,  10,  10,  0, 0.0,  -1%, 90, 49.99, 131.28,
150.0, 100, 40, 30,  10,  10,  0, 0.0,  -1%, 115, 36.08, 194.13,
150.0, 100, 40, 30,  10,  10,  0, 0.0,  -1%, 150, 28.1, 213.53,
150.0, 100, 40, 30,  10,  10,  0, 0.0,  -1%, 165, 20.54, 216.28,
150.0, 100, 40, 30,  10,  10,  0, 0.0,  -1%, 180, 19.82, 230.04,
150.0, 100, 45, 30,  0,  0,  10, 100.0,  72.96%, 15, 49.99, -67.22,
150.0, 100, 45, 30,  0,  0,  10, 100.0,  41.34%, 30, 49.99, -37.94,
150.0, 100, 45, 30,  3,  0,  7, 70.0,  6.33%, 45, 49.99, -2.09,
150.0, 100, 45, 30,  10,  0,  0, 0.0,  -1%, 60, 50.0, 46.76,
150.0, 100, 45, 30,  10,  8,  0, 0.0,  -1%, 75, 49.99, 128.42,
150.0, 100, 45, 30,  10,  10,  0, 0.0,  -1%, 90, 49.99, 165.69,
150.0, 100, 45, 30,  10,  10,  0, 0.0,  -1%, 115, 39.58, 200.37,
150.0, 100, 45, 30,  10,  10,  0, 0.0,  -1%, 150, 21.07, 211.31,
150.0, 100, 45, 30,  10,  10,  0, 0.0,  -1%, 165, 21.53, 216.87,
150.0, 100, 45, 30,  10,  10,  0, 0.0,  -1%, 180, 18.88, 231.23,
150.0, 100, 50, 30,  0,  0,  10, 100.0,  75.54%, 15, 49.99, -69.54,
150.0, 100, 50, 30,  0,  0,  10, 100.0,  38.94%, 30, 49.99, -37.22,
150.0, 100, 50, 30,  0,  0,  10, 100.0,  13.03%, 45, 50.0, -11.17,
150.0, 100, 50, 30,  10,  0,  0, 0.0,  -1%, 60, 49.99, 45.86,
150.0, 100, 50, 30,  10,  8,  0, 0.0,  -1%, 75, 49.99, 114.36,
150.0, 100, 50, 30,  10,  10,  0, 0.0,  -1%, 90, 49.99, 148.65,
150.0, 100, 50, 30,  10,  10,  0, 0.0,  -1%, 115, 36.26, 199.38,
150.0, 100, 50, 30,  10,  10,  0, 0.0,  -1%, 150, 21.6, 217.48,
150.0, 100, 50, 30,  10,  10,  0, 0.0,  -1%, 165, 22.63, 217.39,
150.0, 100, 50, 30,  10,  10,  0, 0.0,  -1%, 180, 17.48, 226.37,
150.0, 100, 5, 30,  0,  0,  10, 100.0,  75.82%, 15, 49.99, -70.68,
150.0, 100, 5, 30,  0,  0,  10, 100.0,  56.49%, 30, 50.0, -54.01,
150.0, 100, 5, 30,  3,  0,  7, 70.0,  23.05%, 45, 49.99, -12.81,
150.0, 100, 5, 30,  6,  0,  4, 40.0,  5.31%, 60, 50.0, 3.9,
150.0, 100, 5, 30,  7,  0,  3, 30.0,  8.08%, 75, 50.0, 20.98,
150.0, 100, 5, 30,  10,  2,  0, 0.0,  -1%, 90, 50.0, 66.84,
150.0, 100, 5, 30,  10,  7,  0, 0.0,  -1%, 115, 49.99, 133.71,
150.0, 100, 5, 30,  10,  10,  0, 0.0,  -1%, 150, 34.58, 161.9,
150.0, 100, 5, 30,  10,  9,  0, 0.0,  -1%, 165, 40.92, 183.48,
150.0, 100, 5, 30,  10,  10,  0, 0.0,  -1%, 180, 28.04, 183.7,
150.0, 100, 10, 30,  0,  0,  10, 100.0,  73.88%, 15, 49.99, -68.24,
150.0, 100, 10, 30,  0,  0,  10, 100.0,  51.22%, 30, 50.0, -48.63,
150.0, 100, 10, 30,  1,  0,  9, 90.0,  22.22%, 45, 50.0, -23.78,
150.0, 100, 10, 30,  9,  0,  1, 10.0,  3.82%, 60, 50.0, 30.15,
150.0, 100, 10, 30,  10,  1,  0, 0.0,  -1%, 75, 49.99, 42.63,
150.0, 100, 10, 30,  10,  5,  0, 0.0,  -1%, 90, 49.99, 107.29,
150.0, 100, 10, 30,  10,  9,  0, 0.0,  -1%, 115, 48.26, 171.7,
150.0, 100, 10, 30,  10,  10,  0, 0.0,  -1%, 150, 36.99, 203.24,
150.0, 100, 10, 30,  10,  10,  0, 0.0,  -1%, 165, 25.63, 187.44,
150.0, 100, 10, 30,  10,  10,  0, 0.0,  -1%, 180, 24.3, 197.27,
150.0, 100, 15, 30,  0,  0,  10, 100.0,  74.23%, 15, 49.99, -67.71,
150.0, 100, 15, 30,  0,  0,  10, 100.0,  48.27%, 30, 50.0, -46.8,
150.0, 100, 15, 30,  1,  0,  9, 90.0,  18.37%, 45, 50.0, -8.59,
150.0, 100, 15, 30,  10,  0,  0, 0.0,  -1%, 60, 50.0, 30.14,
150.0, 100, 15, 30,  10,  3,  0, 0.0,  -1%, 75, 50.0, 75.06,
150.0, 100, 15, 30,  10,  6,  0, 0.0,  -1%, 90, 49.99, 123.41,
150.0, 100, 15, 30,  10,  10,  0, 0.0,  -1%, 115, 46.4, 170.12,
150.0, 100, 15, 30,  10,  10,  0, 0.0,  -1%, 150, 25.46, 194.33,
150.0, 100, 15, 30,  10,  10,  0, 0.0,  -1%, 165, 24.41, 209.99,
150.0, 100, 15, 30,  10,  10,  0, 0.0,  -1%, 180, 24.92, 186.31,
150.0, 100, 20, 30,  0,  0,  10, 100.0,  73.51%, 15, 50.0, -69.55,
150.0, 100, 20, 30,  0,  0,  10, 100.0,  52.03%, 30, 49.99, -49.22,
150.0, 100, 20, 30,  1,  0,  9, 90.0,  17.57%, 45, 50.0, -14.79,
150.0, 100, 20, 30,  8,  0,  2, 20.0,  0.17%, 60, 49.99, 30.28,
150.0, 100, 20, 30,  10,  2,  0, 0.0,  -1%, 75, 50.0, 48.82,
150.0, 100, 20, 30,  10,  7,  0, 0.0,  -1%, 90, 49.99, 122.95,
150.0, 100, 20, 30,  10,  10,  0, 0.0,  -1%, 115, 37.36, 174.37,
150.0, 100, 20, 30,  10,  10,  0, 0.0,  -1%, 150, 28.01, 203.25,
150.0, 100, 20, 30,  10,  10,  0, 0.0,  -1%, 165, 23.51, 213.62,
150.0, 100, 20, 30,  10,  10,  0, 0.0,  -1%, 180, 18.77, 212.91,
150.0, 100, 25, 30,  0,  0,  10, 100.0,  73.41%, 15, 50.0, -68.73,
150.0, 100, 25, 30,  0,  0,  10, 100.0,  49.09%, 30, 50.0, -46.3,
150.0, 100, 25, 30,  3,  0,  7, 70.0,  10.24%, 45, 49.99, -10.75,
150.0, 100, 25, 30,  9,  0,  1, 10.0,  1.97%, 60, 50.0, 11.52,
150.0, 100, 25, 30,  10,  6,  0, 0.0,  -1%, 75, 50.0, 102.47,
150.0, 100, 25, 30,  10,  9,  0, 0.0,  -1%, 90, 49.99, 149.29,
150.0, 100, 25, 30,  10,  10,  0, 0.0,  -1%, 115, 41.21, 183.8,
150.0, 100, 25, 30,  10,  10,  0, 0.0,  -1%, 150, 27.38, 199.05,
150.0, 100, 25, 30,  10,  10,  0, 0.0,  -1%, 165, 23.2, 196.84,
150.0, 100, 25, 30,  10,  10,  0, 0.0,  -1%, 180, 19.13, 224.75,
150.0, 100, 30, 30,  0,  0,  10, 100.0,  75.61%, 15, 49.99, -69.83,
150.0, 100, 30, 30,  0,  0,  10, 100.0,  42.36%, 30, 50.0, -41.4,
150.0, 100, 30, 30,  3,  0,  7, 70.0,  12.32%, 45, 50.0, -12.94,
150.0, 100, 30, 30,  7,  0,  3, 30.0,  0.55%, 60, 50.0, 21.73,
150.0, 100, 30, 30,  10,  3,  0, 0.0,  -1%, 75, 49.99, 85.35,
150.0, 100, 30, 30,  10,  10,  0, 0.0,  -1%, 90, 49.98, 151.23,
150.0, 100, 30, 30,  10,  10,  0, 0.0,  -1%, 115, 41.6, 188.44,
150.0, 100, 30, 30,  10,  10,  0, 0.0,  -1%, 150, 26.62, 213.71,
150.0, 100, 30, 30,  10,  10,  0, 0.0,  -1%, 165, 21.69, 208.78,
150.0, 100, 30, 30,  10,  10,  0, 0.0,  -1%, 180, 20.88, 226.16,
150.0, 100, 35, 30,  0,  0,  10, 100.0,  71.33%, 15, 49.99, -66.33,
150.0, 100, 35, 30,  0,  0,  10, 100.0,  50.72%, 30, 49.99, -49.63,
150.0, 100, 35, 30,  2,  0,  8, 80.0,  6.81%, 45, 50.0, -6.19,
150.0, 100, 35, 30,  9,  0,  1, 10.0,  2.15%, 60, 50.0, 40.99,
150.0, 100, 35, 30,  10,  4,  0, 0.0,  -1%, 75, 50.0, 84.82,
150.0, 100, 35, 30,  10,  10,  0, 0.0,  -1%, 90, 49.99, 166.6,
150.0, 100, 35, 30,  10,  10,  0, 0.0,  -1%, 115, 36.48, 203.01,
150.0, 100, 35, 30,  10,  10,  0, 0.0,  -1%, 150, 24.57, 202.64,
150.0, 100, 35, 30,  10,  10,  0, 0.0,  -1%, 165, 24.61, 221.6,
150.0, 100, 35, 30,  10,  10,  0, 0.0,  -1%, 180, 17.57, 216.89,
150.0, 100, 40, 30,  0,  0,  10, 100.0,  73.61%, 15, 49.99, -68.52,
150.0, 100, 40, 30,  0,  0,  10, 100.0,  46.36%, 30, 50.0, -45.53,
150.0, 100, 40, 30,  4,  0,  6, 60.0,  4.54%, 45, 50.0, -2.39,
150.0, 100, 40, 30,  10,  0,  0, 0.0,  -1%, 60, 50.0, 44.7,
150.0, 100, 40, 30,  10,  3,  0, 0.0,  -1%, 75, 49.99, 91.89,
150.0, 100, 40, 30,  10,  10,  0, 0.0,  -1%, 90, 48.63, 162.85,
150.0, 100, 40, 30,  10,  10,  0, 0.0,  -1%, 115, 35.62, 195.58,
150.0, 100, 40, 30,  10,  10,  0, 0.0,  -1%, 150, 22.07, 210.85,
150.0, 100, 40, 30,  10,  10,  0, 0.0,  -1%, 165, 21.47, 219.74,
150.0, 100, 40, 30,  10,  10,  0, 0.0,  -1%, 180, 18.71, 220.31,
150.0, 100, 45, 30,  0,  0,  10, 100.0,  75.04%, 15, 49.99, -67.93,
150.0, 100, 45, 30,  0,  0,  10, 100.0,  44.68%, 30, 50.0, -38.72,
150.0, 100, 45, 30,  5,  0,  5, 50.0,  6.78%, 45, 49.99, 0.21,
150.0, 100, 45, 30,  10,  0,  0, 0.0,  -1%, 60, 49.99, 47.05,
150.0, 100, 45, 30,  10,  4,  0, 0.0,  -1%, 75, 49.99, 96.99,
150.0, 100, 45, 30,  10,  9,  0, 0.0,  -1%, 90, 49.99, 166.49,
150.0, 100, 45, 30,  10,  10,  0, 0.0,  -1%, 115, 39.81, 194.57,
150.0, 100, 45, 30,  10,  10,  0, 0.0,  -1%, 150, 22.6, 218.69,
150.0, 100, 45, 30,  10,  10,  0, 0.0,  -1%, 165, 19.13, 210.57,
150.0, 100, 45, 30,  10,  10,  0, 0.0,  -1%, 180, 18.12, 215.17,
150.0, 100, 50, 30,  0,  0,  10, 100.0,  72.89%, 15, 49.99, -66.84,
150.0, 100, 50, 30,  0,  0,  10, 100.0,  39.96%, 30, 50.0, -38.43,
150.0, 100, 50, 30,  3,  0,  7, 70.0,  6.45%, 45, 50.0, -2.79,
150.0, 100, 50, 30,  10,  0,  0, 0.0,  -1%, 60, 50.0, 28.15,
150.0, 100, 50, 30,  10,  5,  0, 0.0,  -1%, 75, 50.0, 104.52,
150.0, 100, 50, 30,  10,  9,  0, 0.0,  -1%, 90, 49.99, 143.33,
150.0, 100, 50, 30,  10,  10,  0, 0.0,  -1%, 115, 34.87, 212.19,
150.0, 100, 50, 30,  10,  10,  0, 0.0,  -1%, 150, 24.31, 220.75,
150.0, 100, 50, 30,  10,  10,  0, 0.0,  -1%, 165, 21.53, 212.03,
150.0, 100, 50, 30,  10,  10,  0, 0.0,  -1%, 180, 19.26, 219.31,
150.0, 100, 5, 30,  0,  0,  10, 100.0,  74.5%, 15, 49.99, -69.33,
150.0, 100, 5, 30,  0,  0,  10, 100.0,  59.95%, 30, 50.0, -59.72,
150.0, 100, 5, 30,  1,  0,  9, 90.0,  19.51%, 45, 50.0, -20.1,
150.0, 100, 5, 30,  5,  0,  5, 50.0,  13.87%, 60, 50.0, 0.31,
150.0, 100, 5, 30,  8,  0,  2, 20.0,  1.6%, 75, 50.0, 18.74,
150.0, 100, 5, 30,  10,  2,  0, 0.0,  -1%, 90, 50.0, 76.36,
150.0, 100, 5, 30,  9,  7,  1, 10.0,  -0.39%, 115, 48.66, 147.08,
150.0, 100, 5, 30,  10,  10,  0, 0.0,  -1%, 150, 39.68, 166.71,
150.0, 100, 5, 30,  10,  10,  0, 0.0,  -1%, 165, 26.04, 173.38,
150.0, 100, 5, 30,  10,  10,  0, 0.0,  -1%, 180, 28.96, 196.27,
150.0, 100, 10, 30,  0,  0,  10, 100.0,  74.36%, 15, 49.99, -68.24,
150.0, 100, 10, 30,  0,  0,  10, 100.0,  49.54%, 30, 49.99, -50.53,
150.0, 100, 10, 30,  0,  0,  10, 100.0,  26.52%, 45, 50.0, -16.71,
150.0, 100, 10, 30,  7,  0,  3, 30.0,  3.94%, 60, 49.99, 12.72,
150.0, 100, 10, 30,  10,  1,  0, 0.0,  -1%, 75, 49.99, 80.72,
150.0, 100, 10, 30,  10,  6,  0, 0.0,  -1%, 90, 50.0, 103.05,
150.0, 100, 10, 30,  10,  9,  0, 0.0,  -1%, 115, 48.08, 156.08,
150.0, 100, 10, 30,  10,  10,  0, 0.0,  -1%, 150, 32.5, 198.48,
150.0, 100, 10, 30,  10,  10,  0, 0.0,  -1%, 165, 33.26, 186.24,
150.0, 100, 10, 30,  10,  10,  0, 0.0,  -1%, 180, 22.57, 204.07,
150.0, 100, 15, 30,  0,  0,  10, 100.0,  72.89%, 15, 49.99, -66.82,
150.0, 100, 15, 30,  0,  0,  10, 100.0,  50.27%, 30, 49.99, -49.4,
150.0, 100, 15, 30,  2,  0,  8, 80.0,  14.45%, 45, 50.0, -14.19,
150.0, 100, 15, 30,  9,  0,  1, 10.0,  -0.03%, 60, 49.99, 33.55,
150.0, 100, 15, 30,  9,  1,  1, 10.0,  -0.16%, 75, 50.0, 58.94,
150.0, 100, 15, 30,  10,  7,  0, 0.0,  -1%, 90, 50.0, 116.65,
150.0, 100, 15, 30,  10,  10,  0, 0.0,  -1%, 115, 45.04, 191.59,
150.0, 100, 15, 30,  10,  10,  0, 0.0,  -1%, 150, 29.01, 201.47,
150.0, 100, 15, 30,  10,  10,  0, 0.0,  -1%, 165, 25.37, 198.46,
150.0, 100, 15, 30,  10,  10,  0, 0.0,  -1%, 180, 25.62, 211.66,
150.0, 100, 20, 30,  0,  0,  10, 100.0,  72.96%, 15, 50.0, -66.71,
150.0, 100, 20, 30,  0,  0,  10, 100.0,  46.47%, 30, 50.0, -45.33,
150.0, 100, 20, 30,  5,  0,  5, 50.0,  12.86%, 45, 50.0, -4.88,
150.0, 100, 20, 30,  7,  0,  3, 30.0,  1.63%, 60, 50.0, 22.22,
150.0, 100, 20, 30,  10,  4,  0, 0.0,  -1%, 75, 50.0, 81.7,
150.0, 100, 20, 30,  10,  8,  0, 0.0,  -1%, 90, 48.54, 160.67,
150.0, 100, 20, 30,  10,  10,  0, 0.0,  -1%, 115, 40.64, 176.06,
150.0, 100, 20, 30,  10,  10,  0, 0.0,  -1%, 150, 29.71, 200.14,
150.0, 100, 20, 30,  10,  10,  0, 0.0,  -1%, 165, 23.87, 208.05,
150.0, 100, 20, 30,  10,  10,  0, 0.0,  -1%, 180, 21.17, 219.09,
150.0, 100, 25, 30,  0,  0,  10, 100.0,  74.1%, 15, 49.99, -67.97,
150.0, 100, 25, 30,  0,  0,  10, 100.0,  49.35%, 30, 49.99, -46.23,
150.0, 100, 25, 30,  4,  0,  6, 60.0,  17.23%, 45, 50.0, -14.69,
150.0, 100, 25, 30,  7,  0,  3, 30.0,  2.38%, 60, 50.0, 18.77,
150.0, 100, 25, 30,  10,  4,  0, 0.0,  -1%, 75, 49.99, 90.45,
150.0, 100, 25, 30,  10,  10,  0, 0.0,  -1%, 90, 49.76, 162.46,
150.0, 100, 25, 30,  10,  10,  0, 0.0,  -1%, 115, 36.65, 198.88,
150.0, 100, 25, 30,  10,  10,  0, 0.0,  -1%, 150, 25.4, 209.07,
150.0, 100, 25, 30,  10,  10,  0, 0.0,  -1%, 165, 25.26, 207.72,
150.0, 100, 25, 30,  10,  10,  0, 0.0,  -1%, 180, 21.4, 215.08,
150.0, 100, 30, 30,  0,  0,  10, 100.0,  72.66%, 15, 50.0, -66.76,
150.0, 100, 30, 30,  0,  0,  10, 100.0,  47.64%, 30, 50.0, -46.74,
150.0, 100, 30, 30,  3,  0,  7, 70.0,  11.16%, 45, 50.0, -5.19,
150.0, 100, 30, 30,  9,  0,  1, 10.0,  1.34%, 60, 50.0, 35.47,
150.0, 100, 30, 30,  10,  2,  0, 0.0,  -1%, 75, 49.99, 83.14,
150.0, 100, 30, 30,  10,  10,  0, 0.0,  -1%, 90, 49.46, 169.65,
150.0, 100, 30, 30,  10,  9,  0, 0.0,  -1%, 115, 37.11, 190.66,
150.0, 100, 30, 30,  10,  10,  0, 0.0,  -1%, 150, 23.98, 205.86,
150.0, 100, 30, 30,  10,  10,  0, 0.0,  -1%, 165, 23.46, 218.19,
150.0, 100, 30, 30,  10,  10,  0, 0.0,  -1%, 180, 19.75, 215.02,
150.0, 100, 35, 30,  0,  0,  10, 100.0,  74.76%, 15, 50.0, -69.4,
150.0, 100, 35, 30,  0,  0,  10, 100.0,  48.72%, 30, 49.99, -48.35,
150.0, 100, 35, 30,  2,  0,  8, 80.0,  12.66%, 45, 50.0, -10.04,
150.0, 100, 35, 30,  10,  0,  0, 0.0,  -1%, 60, 50.0, 37.19,
150.0, 100, 35, 30,  10,  8,  0, 0.0,  -1%, 75, 49.99, 118.66,
150.0, 100, 35, 30,  10,  7,  0, 0.0,  -1%, 90, 49.99, 154.93,
150.0, 100, 35, 30,  10,  10,  0, 0.0,  -1%, 115, 35.99, 194.33,
150.0, 100, 35, 30,  10,  10,  0, 0.0,  -1%, 150, 25.77, 202.69,
150.0, 100, 35, 30,  10,  10,  0, 0.0,  -1%, 165, 23.07, 220.39,
150.0, 100, 35, 30,  10,  10,  0, 0.0,  -1%, 180, 19.5, 235.3,
150.0, 100, 40, 30,  0,  0,  10, 100.0,  72.63%, 15, 49.99, -66.71,
150.0, 100, 40, 30,  0,  0,  10, 100.0,  45.66%, 30, 50.0, -42.59,
150.0, 100, 40, 30,  3,  0,  7, 70.0,  11.44%, 45, 50.0, -4.21,
150.0, 100, 40, 30,  8,  0,  2, 20.0,  2.4%, 60, 49.99, 28.35,
150.0, 100, 40, 30,  10,  5,  0, 0.0,  -1%, 75, 50.0, 106.05,
150.0, 100, 40, 30,  10,  9,  0, 0.0,  -1%, 90, 49.99, 159.28,
150.0, 100, 40, 30,  10,  10,  0, 0.0,  -1%, 115, 37.02, 196.1,
150.0, 100, 40, 30,  10,  10,  0, 0.0,  -1%, 150, 23.51, 216.7,
150.0, 100, 40, 30,  10,  10,  0, 0.0,  -1%, 165, 19.65, 206.44,
150.0, 100, 40, 30,  10,  10,  0, 0.0,  -1%, 180, 19.02, 222.65,
150.0, 100, 45, 30,  0,  0,  10, 100.0,  74.14%, 15, 49.99, -68.72,
150.0, 100, 45, 30,  0,  0,  10, 100.0,  43.29%, 30, 49.99, -39.33,
150.0, 100, 45, 30,  5,  0,  5, 50.0,  4.94%, 45, 49.99, 5.19,
150.0, 100, 45, 30,  9,  0,  1, 10.0,  0.2%, 60, 50.0, 28.43,
150.0, 100, 45, 30,  10,  6,  0, 0.0,  -1%, 75, 49.99, 106.12,
150.0, 100, 45, 30,  10,  10,  0, 0.0,  -1%, 90, 47.63, 173.1,
150.0, 100, 45, 30,  10,  10,  0, 0.0,  -1%, 115, 35.51, 184.61,
150.0, 100, 45, 30,  10,  10,  0, 0.0,  -1%, 150, 21.69, 215.87,
150.0, 100, 45, 30,  10,  10,  0, 0.0,  -1%, 165, 17.38, 214.23,
150.0, 100, 45, 30,  10,  10,  0, 0.0,  -1%, 180, 15.47, 228.54,
150.0, 100, 50, 30,  0,  0,  10, 100.0,  71.52%, 15, 49.99, -66.26,
150.0, 100, 50, 30,  0,  0,  10, 100.0,  43.38%, 30, 49.98, -44.09,
150.0, 100, 50, 30,  5,  0,  5, 50.0,  9.39%, 45, 49.99, -0.11,
150.0, 100, 50, 30,  9,  0,  1, 10.0,  1.2%, 60, 49.99, 27.91,
150.0, 100, 50, 30,  10,  5,  0, 0.0,  -1%, 75, 50.0, 99.07,
150.0, 100, 50, 30,  10,  10,  0, 0.0,  -1%, 90, 48.52, 175.86,
150.0, 100, 50, 30,  10,  10,  0, 0.0,  -1%, 115, 32.62, 192.05,
150.0, 100, 50, 30,  10,  10,  0, 0.0,  -1%, 150, 24.67, 218.54,
150.0, 100, 50, 30,  10,  10,  0, 0.0,  -1%, 165, 20.44, 218.25,
150.0, 100, 50, 30,  10,  10,  0, 0.0,  -1%, 180, 18.66, 225.51,
150.0, 100, 5, 30,  0,  0,  10, 100.0,  75.76%, 15, 50.0, -70.17,
150.0, 100, 5, 30,  0,  0,  10, 100.0,  52.39%, 30, 50.0, -50.49,
150.0, 100, 5, 30,  0,  0,  10, 100.0,  37.35%, 45, 49.99, -33.59,
150.0, 100, 5, 30,  6,  0,  4, 40.0,  4.43%, 60, 49.99, 7.86,
150.0, 100, 5, 30,  9,  0,  1, 10.0,  2.65%, 75, 49.99, 36.33,
150.0, 100, 5, 30,  9,  5,  1, 10.0,  1.35%, 90, 49.99, 99.42,
150.0, 100, 5, 30,  9,  8,  1, 10.0,  2.71%, 115, 49.98, 151.54,
150.0, 100, 5, 30,  10,  10,  0, 0.0,  -1%, 150, 36.5, 194.68,
150.0, 100, 5, 30,  10,  10,  0, 0.0,  -1%, 165, 31.17, 171.13,
150.0, 100, 5, 30,  10,  10,  0, 0.0,  -1%, 180, 29.61, 207.65,
150.0, 100, 10, 30,  0,  0,  10, 100.0,  74.65%, 15, 49.99, -68.18,
150.0, 100, 10, 30,  0,  0,  10, 100.0,  52.48%, 30, 49.99, -49.16,
150.0, 100, 10, 30,  1,  0,  9, 90.0,  30.26%, 45, 50.0, -34.38,
150.0, 100, 10, 30,  7,  0,  3, 30.0,  8.34%, 60, 49.99, 25.68,
150.0, 100, 10, 30,  10,  1,  0, 0.0,  -1%, 75, 49.99, 67.08,
150.0, 100, 10, 30,  10,  4,  0, 0.0,  -1%, 90, 50.0, 81.9,
150.0, 100, 10, 30,  10,  10,  0, 0.0,  -1%, 115, 45.7, 165.01,
150.0, 100, 10, 30,  10,  10,  0, 0.0,  -1%, 150, 30.57, 177.1,
150.0, 100, 10, 30,  10,  10,  0, 0.0,  -1%, 165, 28.42, 208.67,
150.0, 100, 10, 30,  10,  10,  0, 0.0,  -1%, 180, 23.53, 194.24,
150.0, 100, 15, 30,  0,  0,  10, 100.0,  75.12%, 15, 50.0, -69.19,
150.0, 100, 15, 30,  0,  0,  10, 100.0,  48.99%, 30, 50.0, -48.68,
150.0, 100, 15, 30,  4,  0,  6, 60.0,  16.64%, 45, 50.0, -13.24,
150.0, 100, 15, 30,  8,  0,  2, 20.0,  6.47%, 60, 50.0, 11.62,
150.0, 100, 15, 30,  9,  0,  1, 10.0,  1.02%, 75, 49.99, 60.64,
150.0, 100, 15, 30,  10,  8,  0, 0.0,  -1%, 90, 49.99, 148.37,
150.0, 100, 15, 30,  10,  10,  0, 0.0,  -1%, 115, 47.07, 177.85,
150.0, 100, 15, 30,  10,  10,  0, 0.0,  -1%, 150, 27.57, 187.07,
150.0, 100, 15, 30,  10,  10,  0, 0.0,  -1%, 165, 24.31, 194.22,
150.0, 100, 15, 30,  10,  10,  0, 0.0,  -1%, 180, 21.23, 211.84,
150.0, 100, 20, 30,  0,  0,  10, 100.0,  72.33%, 15, 49.99, -66.93,
150.0, 100, 20, 30,  0,  0,  10, 100.0,  48.56%, 30, 50.0, -49.82,
150.0, 100, 20, 30,  4,  0,  6, 60.0,  10.19%, 45, 49.99, -2.33,
150.0, 100, 20, 30,  8,  0,  2, 20.0,  2.23%, 60, 49.99, 19.26,
150.0, 100, 20, 30,  10,  2,  0, 0.0,  -1%, 75, 49.99, 75.54,
150.0, 100, 20, 30,  10,  7,  0, 0.0,  -1%, 90, 49.98, 140.15,
150.0, 100, 20, 30,  10,  10,  0, 0.0,  -1%, 115, 44.08, 178.52,
150.0, 100, 20, 30,  10,  10,  0, 0.0,  -1%, 150, 29.37, 212.19,
150.0, 100, 20, 30,  10,  10,  0, 0.0,  -1%, 165, 25.31, 207.98,
150.0, 100, 20, 30,  10,  10,  0, 0.0,  -1%, 180, 20.54, 213.45,
150.0, 100, 25, 30,  0,  0,  10, 100.0,  73.44%, 15, 49.99, -67.22,
150.0, 100, 25, 30,  0,  0,  10, 100.0,  53.98%, 30, 50.0, -50.3,
150.0, 100, 25, 30,  4,  0,  6, 60.0,  10.16%, 45, 49.99, -4.95,
150.0, 100, 25, 30,  9,  0,  1, 10.0,  1.03%, 60, 50.0, 34.24,
150.0, 100, 25, 30,  10,  5,  0, 0.0,  -1%, 75, 50.0, 102.12,
150.0, 100, 25, 30,  10,  8,  0, 0.0,  -1%, 90, 50.0, 128.32,
150.0, 100, 25, 30,  10,  10,  0, 0.0,  -1%, 115, 39.97, 183.87,
150.0, 100, 25, 30,  10,  10,  0, 0.0,  -1%, 150, 27.31, 212.59,
150.0, 100, 25, 30,  10,  10,  0, 0.0,  -1%, 165, 23.75, 211.85,
150.0, 100, 25, 30,  10,  10,  0, 0.0,  -1%, 180, 21.3, 222.47,
150.0, 100, 30, 30,  0,  0,  10, 100.0,  73.03%, 15, 50.0, -67.25,
150.0, 100, 30, 30,  0,  0,  10, 100.0,  49.37%, 30, 49.99, -47.92,
150.0, 100, 30, 30,  0,  0,  10, 100.0,  20.6%, 45, 49.99, -20.1,
150.0, 100, 30, 30,  9,  0,  1, 10.0,  0.24%, 60, 49.99, 44.91,
150.0, 100, 30, 30,  10,  2,  0, 0.0,  -1%, 75, 49.99, 71.29,
150.0, 100, 30, 30,  10,  6,  0, 0.0,  -1%, 90, 49.99, 154.03,
150.0, 100, 30, 30,  10,  10,  0, 0.0,  -1%, 115, 37.85, 180.68,
150.0, 100, 30, 30,  10,  10,  0, 0.0,  -1%, 150, 25.27, 210.32,
150.0, 100, 30, 30,  10,  10,  0, 0.0,  -1%, 165, 24.13, 218.79,
150.0, 100, 30, 30,  10,  10,  0, 0.0,  -1%, 180, 21.81, 222.62,
150.0, 100, 35, 30,  0,  0,  10, 100.0,  73.07%, 15, 49.99, -66.97,
150.0, 100, 35, 30,  0,  0,  10, 100.0,  42.38%, 30, 49.99, -35.77,
150.0, 100, 35, 30,  3,  0,  7, 70.0,  15.18%, 45, 50.0, -5.57,
150.0, 100, 35, 30,  10,  0,  0, 0.0,  -1%, 60, 49.99, 30.28,
150.0, 100, 35, 30,  10,  4,  0, 0.0,  -1%, 75, 50.0, 82.73,
150.0, 100, 35, 30,  10,  10,  0, 0.0,  -1%, 90, 49.99, 133.99,
150.0, 100, 35, 30,  10,  10,  0, 0.0,  -1%, 115, 36.44, 191.03,
150.0, 100, 35, 30,  10,  10,  0, 0.0,  -1%, 150, 22.25, 199.72,
150.0, 100, 35, 30,  10,  10,  0, 0.0,  -1%, 165, 22.49, 219.95,
150.0, 100, 35, 30,  10,  10,  0, 0.0,  -1%, 180, 19.62, 233.33,
150.0, 100, 40, 30,  0,  0,  10, 100.0,  73.78%, 15, 50.0, -67.07,
150.0, 100, 40, 30,  0,  0,  10, 100.0,  46.78%, 30, 50.0, -44.06,
150.0, 100, 40, 30,  1,  0,  9, 90.0,  17.89%, 45, 49.99, -14.01,
150.0, 100, 40, 30,  9,  0,  1, 10.0,  0.53%, 60, 50.0, 49.85,
150.0, 100, 40, 30,  9,  6,  1, 10.0,  0.23%, 75, 50.0, 105.69,
150.0, 100, 40, 30,  10,  9,  0, 0.0,  -1%, 90, 49.98, 179.97,
150.0, 100, 40, 30,  10,  10,  0, 0.0,  -1%, 115, 35.63, 196.14,
150.0, 100, 40, 30,  10,  10,  0, 0.0,  -1%, 150, 24.49, 215.3,
150.0, 100, 40, 30,  10,  10,  0, 0.0,  -1%, 165, 23.56, 215.81,
150.0, 100, 40, 30,  10,  10,  0, 0.0,  -1%, 180, 17.77, 208.89,
150.0, 100, 45, 30,  0,  0,  10, 100.0,  72.85%, 15, 49.99, -66.74,
150.0, 100, 45, 30,  0,  0,  10, 100.0,  45.97%, 30, 49.99, -44.72,
150.0, 100, 45, 30,  5,  0,  5, 50.0,  6.41%, 45, 49.99, 0.01,
150.0, 100, 45, 30,  8,  0,  2, 20.0,  3.99%, 60, 49.99, 42.89,
150.0, 100, 45, 30,  10,  4,  0, 0.0,  -1%, 75, 49.99, 87.86,
150.0, 100, 45, 30,  10,  9,  0, 0.0,  -1%, 90, 49.99, 145.93,
150.0, 100, 45, 30,  10,  10,  0, 0.0,  -1%, 115, 40.48, 198.44,
150.0, 100, 45, 30,  10,  10,  0, 0.0,  -1%, 150, 22.14, 213.71,
150.0, 100, 45, 30,  10,  10,  0, 0.0,  -1%, 165, 19.94, 221.71,
150.0, 100, 45, 30,  10,  10,  0, 0.0,  -1%, 180, 17.94, 220.26,
150.0, 100, 50, 30,  0,  0,  10, 100.0,  72.88%, 15, 50.0, -66.36,
150.0, 100, 50, 30,  0,  0,  10, 100.0,  43.96%, 30, 50.0, -41.57,
150.0, 100, 50, 30,  5,  0,  5, 50.0,  11.59%, 45, 50.0, 1.07,
150.0, 100, 50, 30,  10,  0,  0, 0.0,  -1%, 60, 49.99, 39.35,
150.0, 100, 50, 30,  10,  3,  0, 0.0,  -1%, 75, 49.99, 83.18,
150.0, 100, 50, 30,  10,  9,  0, 0.0,  -1%, 90, 48.12, 159.98,
150.0, 100, 50, 30,  10,  10,  0, 0.0,  -1%, 115, 34.13, 200.03,
150.0, 100, 50, 30,  10,  10,  0, 0.0,  -1%, 150, 23.25, 213.49,
150.0, 100, 50, 30,  10,  10,  0, 0.0,  -1%, 165, 20.55, 216.09,
150.0, 100, 50, 30,  10,  10,  0, 0.0,  -1%, 180, 17.26, 221.35,
150.0, 100, 5, 30,  0,  0,  10, 100.0,  74.53%, 15, 49.99, -69.24,
150.0, 100, 5, 30,  0,  0,  10, 100.0,  53.14%, 30, 50.0, -50.59,
150.0, 100, 5, 30,  1,  0,  9, 90.0,  22.26%, 45, 49.99, -24.23,
150.0, 100, 5, 30,  4,  0,  6, 60.0,  14.7%, 60, 50.0, -11.66,
150.0, 100, 5, 30,  8,  1,  2, 20.0,  4.38%, 75, 50.0, 38.47,
150.0, 100, 5, 30,  9,  3,  1, 10.0,  4.18%, 90, 49.99, 77.27,
150.0, 100, 5, 30,  10,  8,  0, 0.0,  -1%, 115, 48.31, 139.95,
150.0, 100, 5, 30,  10,  10,  0, 0.0,  -1%, 150, 43.58, 178.42,
150.0, 100, 5, 30,  10,  9,  0, 0.0,  -1%, 165, 29.94, 157.29,
150.0, 100, 5, 30,  10,  10,  0, 0.0,  -1%, 180, 25.46, 193.35,
150.0, 100, 10, 30,  0,  0,  10, 100.0,  73.53%, 15, 49.99, -67.03,
150.0, 100, 10, 30,  0,  0,  10, 100.0,  62.34%, 30, 50.0, -59.58,
150.0, 100, 10, 30,  1,  0,  9, 90.0,  21.69%, 45, 50.0, -18.19,
150.0, 100, 10, 30,  8,  0,  2, 20.0,  5.99%, 60, 49.99, 17.52,
150.0, 100, 10, 30,  10,  1,  0, 0.0,  -1%, 75, 49.99, 65.86,
150.0, 100, 10, 30,  10,  5,  0, 0.0,  -1%, 90, 49.99, 103.52,
150.0, 100, 10, 30,  10,  9,  0, 0.0,  -1%, 115, 49.1, 154.38,
150.0, 100, 10, 30,  10,  10,  0, 0.0,  -1%, 150, 29.08, 189.58,
150.0, 100, 10, 30,  10,  10,  0, 0.0,  -1%, 165, 28.27, 199.92,
150.0, 100, 10, 30,  10,  10,  0, 0.0,  -1%, 180, 23.96, 205.31,
150.0, 100, 15, 30,  0,  0,  10, 100.0,  74.69%, 15, 49.99, -68.84,
150.0, 100, 15, 30,  0,  0,  10, 100.0,  48.41%, 30, 50.0, -49.09,
150.0, 100, 15, 30,  2,  0,  8, 80.0,  18.2%, 45, 49.99, -16.92,
150.0, 100, 15, 30,  8,  0,  2, 20.0,  1.41%, 60, 50.0, 28.86,
150.0, 100, 15, 30,  10,  4,  0, 0.0,  -1%, 75, 49.99, 75.78,
150.0, 100, 15, 30,  10,  9,  0, 0.0,  -1%, 90, 49.99, 113.61,
150.0, 100, 15, 30,  10,  10,  0, 0.0,  -1%, 115, 37.05, 186.1,
150.0, 100, 15, 30,  10,  10,  0, 0.0,  -1%, 150, 30.48, 205.64,
150.0, 100, 15, 30,  10,  10,  0, 0.0,  -1%, 165, 29.54, 204.61,
150.0, 100, 15, 30,  10,  10,  0, 0.0,  -1%, 180, 24.52, 212.42,
150.0, 100, 20, 30,  0,  0,  10, 100.0,  75.11%, 15, 50.0, -68.83,
150.0, 100, 20, 30,  0,  0,  10, 100.0,  47.07%, 30, 50.0, -43.3,
150.0, 100, 20, 30,  4,  0,  6, 60.0,  8.49%, 45, 50.0, -0.37,
150.0, 100, 20, 30,  8,  0,  2, 20.0,  5.07%, 60, 50.0, 27.64,
150.0, 100, 20, 30,  9,  4,  1, 10.0,  2.47%, 75, 50.0, 90.27,
150.0, 100, 20, 30,  10,  7,  0, 0.0,  -1%, 90, 49.98, 156.49,
150.0, 100, 20, 30,  10,  10,  0, 0.0,  -1%, 115, 39.91, 176.32,
150.0, 100, 20, 30,  10,  10,  0, 0.0,  -1%, 150, 28.13, 198.41,
150.0, 100, 20, 30,  10,  10,  0, 0.0,  -1%, 165, 22.08, 204.19,
150.0, 100, 20, 30,  10,  10,  0, 0.0,  -1%, 180, 20.78, 220.81,
150.0, 100, 25, 30,  0,  0,  10, 100.0,  74.03%, 15, 50.0, -68.08,
150.0, 100, 25, 30,  0,  0,  10, 100.0,  47.76%, 30, 49.99, -44.01,
150.0, 100, 25, 30,  4,  0,  6, 60.0,  8.84%, 45, 49.99, -7.86,
150.0, 100, 25, 30,  10,  0,  0, 0.0,  -1%, 60, 49.99, 42.1,
150.0, 100, 25, 30,  10,  5,  0, 0.0,  -1%, 75, 49.99, 95.36,
150.0, 100, 25, 30,  10,  10,  0, 0.0,  -1%, 90, 49.87, 174.61,
150.0, 100, 25, 30,  10,  10,  0, 0.0,  -1%, 115, 38.11, 193.59,
150.0, 100, 25, 30,  10,  10,  0, 0.0,  -1%, 150, 23.51, 201.83,
150.0, 100, 25, 30,  10,  10,  0, 0.0,  -1%, 165, 24.79, 223.01,
150.0, 100, 25, 30,  10,  10,  0, 0.0,  -1%, 180, 18.34, 220.42,
150.0, 100, 30, 30,  0,  0,  10, 100.0,  73.08%, 15, 50.0, -67.93,
150.0, 100, 30, 30,  0,  0,  10, 100.0,  47.56%, 30, 49.99, -44.13,
150.0, 100, 30, 30,  3,  0,  7, 70.0,  13.28%, 45, 50.0, -8.77,
150.0, 100, 30, 30,  10,  0,  0, 0.0,  -1%, 60, 49.99, 33.23,
150.0, 100, 30, 30,  10,  2,  0, 0.0,  -1%, 75, 50.0, 75.62,
150.0, 100, 30, 30,  10,  9,  0, 0.0,  -1%, 90, 49.99, 163.42,
150.0, 100, 30, 30,  10,  10,  0, 0.0,  -1%, 115, 41.02, 199.49,
150.0, 100, 30, 30,  10,  10,  0, 0.0,  -1%, 150, 24.82, 205.25,
150.0, 100, 30, 30,  10,  10,  0, 0.0,  -1%, 165, 22.46, 211.56,
150.0, 100, 30, 30,  10,  10,  0, 0.0,  -1%, 180, 18.65, 213.01,
150.0, 100, 35, 30,  0,  0,  10, 100.0,  73.3%, 15, 50.0, -66.87,
150.0, 100, 35, 30,  0,  0,  10, 100.0,  45.74%, 30, 49.99, -45.21,
150.0, 100, 35, 30,  3,  0,  7, 70.0,  10.75%, 45, 49.99, -0.96,
150.0, 100, 35, 30,  9,  1,  1, 10.0,  0.4%, 60, 50.0, 50.89,
150.0, 100, 35, 30,  10,  4,  0, 0.0,  -1%, 75, 49.99, 83.14,
150.0, 100, 35, 30,  10,  7,  0, 0.0,  -1%, 90, 49.99, 158.54,
150.0, 100, 35, 30,  10,  10,  0, 0.0,  -1%, 115, 35.53, 197.54,
150.0, 100, 35, 30,  10,  10,  0, 0.0,  -1%, 150, 25.02, 209.93,
150.0, 100, 35, 30,  10,  10,  0, 0.0,  -1%, 165, 22.5, 217.58,
150.0, 100, 35, 30,  10,  10,  0, 0.0,  -1%, 180, 20.29, 221.71,
150.0, 100, 40, 30,  0,  0,  10, 100.0,  74.08%, 15, 49.99, -67.83,
150.0, 100, 40, 30,  0,  0,  10, 100.0,  40.99%, 30, 50.0, -39.11,
150.0, 100, 40, 30,  4,  0,  6, 60.0,  13.1%, 45, 49.99, -3.21,
150.0, 100, 40, 30,  9,  0,  1, 10.0,  0.67%, 60, 50.0, 35.11,
150.0, 100, 40, 30,  10,  1,  0, 0.0,  -1%, 75, 50.0, 64.54,
150.0, 100, 40, 30,  10,  10,  0, 0.0,  -1%, 90, 49.45, 159.81,
150.0, 100, 40, 30,  10,  10,  0, 0.0,  -1%, 115, 35.28, 206.46,
150.0, 100, 40, 30,  10,  10,  0, 0.0,  -1%, 150, 24.14, 221.88,
150.0, 100, 40, 30,  10,  10,  0, 0.0,  -1%, 165, 21.55, 210.41,
150.0, 100, 40, 30,  10,  10,  0, 0.0,  -1%, 180, 17.71, 217.8,
150.0, 100, 45, 30,  0,  0,  10, 100.0,  73.87%, 15, 49.99, -68.19,
150.0, 100, 45, 30,  0,  0,  10, 100.0,  42.4%, 30, 50.0, -40.67,
150.0, 100, 45, 30,  6,  0,  4, 40.0,  5.92%, 45, 49.99, 1.88,
150.0, 100, 45, 30,  10,  1,  0, 0.0,  -1%, 60, 49.99, 42.24,
150.0, 100, 45, 30,  10,  6,  0, 0.0,  -1%, 75, 49.99, 102.96,
150.0, 100, 45, 30,  10,  10,  0, 0.0,  -1%, 90, 49.98, 170.92,
150.0, 100, 45, 30,  10,  10,  0, 0.0,  -1%, 115, 36.84, 194.7,
150.0, 100, 45, 30,  10,  10,  0, 0.0,  -1%, 150, 22.28, 201.75,
150.0, 100, 45, 30,  10,  10,  0, 0.0,  -1%, 165, 19.14, 217.22,
150.0, 100, 45, 30,  10,  10,  0, 0.0,  -1%, 180, 16.86, 231.6,
150.0, 100, 50, 30,  0,  0,  10, 100.0,  73.52%, 15, 50.0, -67.53,
150.0, 100, 50, 30,  0,  0,  10, 100.0,  46.76%, 30, 50.0, -43.06,
150.0, 100, 50, 30,  3,  0,  7, 70.0,  10.79%, 45, 49.99, -8.13,
150.0, 100, 50, 30,  9,  0,  1, 10.0,  -0.11%, 60, 49.99, 37.03,
150.0, 100, 50, 30,  10,  7,  0, 0.0,  -1%, 75, 49.99, 129.43,
150.0, 100, 50, 30,  10,  10,  0, 0.0,  -1%, 90, 47.24, 170.09,
150.0, 100, 50, 30,  10,  10,  0, 0.0,  -1%, 115, 36.91, 200.43,
150.0, 100, 50, 30,  10,  10,  0, 0.0,  -1%, 150, 21.04, 218.39,
150.0, 100, 50, 30,  10,  10,  0, 0.0,  -1%, 165, 25.36, 227.95,
150.0, 100, 50, 30,  10,  10,  0, 0.0,  -1%, 180, 15.58, 224.27,
150.0, 100, 5, 30,  0,  0,  10, 100.0,  75.03%, 15, 49.99, -69.25,
150.0, 100, 5, 30,  0,  0,  10, 100.0,  53.75%, 30, 49.99, -47.77,
150.0, 100, 5, 30,  2,  0,  8, 80.0,  22.6%, 45, 49.99, -16.9,
150.0, 100, 5, 30,  5,  0,  5, 50.0,  10.18%, 60, 50.0, 2.88,
150.0, 100, 5, 30,  6,  0,  4, 40.0,  6.56%, 75, 49.99, 33.07,
150.0, 100, 5, 30,  8,  0,  2, 20.0,  1.29%, 90, 49.99, 72.06,
150.0, 100, 5, 30,  10,  10,  0, 0.0,  -1%, 115, 49.83, 154.06,
150.0, 100, 5, 30,  10,  10,  0, 0.0,  -1%, 150, 36.61, 165.69,
150.0, 100, 5, 30,  10,  10,  0, 0.0,  -1%, 165, 32.16, 185.57,
150.0, 100, 5, 30,  10,  10,  0, 0.0,  -1%, 180, 31.11, 201.3,
150.0, 100, 10, 30,  0,  0,  10, 100.0,  76.08%, 15, 49.99, -70.75,
150.0, 100, 10, 30,  0,  0,  10, 100.0,  55.05%, 30, 49.99, -50.76,
150.0, 100, 10, 30,  1,  0,  9, 90.0,  22.97%, 45, 49.99, -21.65,
150.0, 100, 10, 30,  4,  0,  6, 60.0,  6.49%, 60, 50.0, -0.65,
150.0, 100, 10, 30,  9,  1,  1, 10.0,  1.97%, 75, 49.99, 49.82,
150.0, 100, 10, 30,  10,  6,  0, 0.0,  -1%, 90, 50.0, 128.74,
150.0, 100, 10, 30,  10,  9,  0, 0.0,  -1%, 115, 48.59, 163.86,
150.0, 100, 10, 30,  10,  10,  0, 0.0,  -1%, 150, 28.13, 179.26,
150.0, 100, 10, 30,  10,  10,  0, 0.0,  -1%, 165, 26.41, 208.94,
150.0, 100, 10, 30,  10,  10,  0, 0.0,  -1%, 180, 21.46, 198.09,
150.0, 100, 15, 30,  0,  0,  10, 100.0,  73.69%, 15, 50.0, -66.62,
150.0, 100, 15, 30,  0,  0,  10, 100.0,  49.44%, 30, 50.0, -43.04,
150.0, 100, 15, 30,  1,  0,  9, 90.0,  14.48%, 45, 49.99, -14.24,
150.0, 100, 15, 30,  7,  0,  3, 30.0,  3.13%, 60, 50.0, 30.5,
150.0, 100, 15, 30,  10,  1,  0, 0.0,  -1%, 75, 49.99, 61.62,
150.0, 100, 15, 30,  10,  5,  0, 0.0,  -1%, 90, 50.0, 102.59,
150.0, 100, 15, 30,  10,  10,  0, 0.0,  -1%, 115, 44.09, 176.07,
150.0, 100, 15, 30,  10,  10,  0, 0.0,  -1%, 150, 28.23, 196.62,
150.0, 100, 15, 30,  10,  10,  0, 0.0,  -1%, 165, 25.07, 204.27,
150.0, 100, 15, 30,  10,  10,  0, 0.0,  -1%, 180, 21.36, 198.07,
150.0, 100, 20, 30,  0,  0,  10, 100.0,  74.38%, 15, 49.99, -68.13,
150.0, 100, 20, 30,  0,  0,  10, 100.0,  44.76%, 30, 50.0, -43.18,
150.0, 100, 20, 30,  2,  0,  8, 80.0,  12.88%, 45, 49.99, -7.51,
150.0, 100, 20, 30,  9,  0,  1, 10.0,  1.34%, 60, 49.99, 23.68,
150.0, 100, 20, 30,  10,  4,  0, 0.0,  -1%, 75, 50.0, 92.28,
150.0, 100, 20, 30,  10,  10,  0, 0.0,  -1%, 90, 49.98, 163.04,
150.0, 100, 20, 30,  10,  10,  0, 0.0,  -1%, 115, 37.73, 184.01,
150.0, 100, 20, 30,  10,  10,  0, 0.0,  -1%, 150, 31.81, 208.21,
150.0, 100, 20, 30,  10,  10,  0, 0.0,  -1%, 165, 22.68, 198.9,
150.0, 100, 20, 30,  10,  10,  0, 0.0,  -1%, 180, 22.41, 211.96,
150.0, 100, 25, 30,  0,  0,  10, 100.0,  74.05%, 15, 49.99, -67.84,
150.0, 100, 25, 30,  0,  0,  10, 100.0,  51.02%, 30, 50.0, -50.7,
150.0, 100, 25, 30,  3,  0,  7, 70.0,  10.14%, 45, 50.0, -11.79,
150.0, 100, 25, 30,  8,  0,  2, 20.0,  0.53%, 60, 49.99, 26.82,
150.0, 100, 25, 30,  10,  5,  0, 0.0,  -1%, 75, 50.0, 95.85,
150.0, 100, 25, 30,  10,  6,  0, 0.0,  -1%, 90, 49.99, 145.28,
150.0, 100, 25, 30,  10,  10,  0, 0.0,  -1%, 115, 37.06, 183.29,
150.0, 100, 25, 30,  10,  10,  0, 0.0,  -1%, 150, 26.72, 200.33,
150.0, 100, 25, 30,  10,  10,  0, 0.0,  -1%, 165, 22.64, 203.58,
150.0, 100, 25, 30,  10,  10,  0, 0.0,  -1%, 180, 19.52, 216.89,
150.0, 100, 30, 30,  0,  0,  10, 100.0,  71.58%, 15, 50.0, -65.48,
150.0, 100, 30, 30,  0,  0,  10, 100.0,  46.59%, 30, 50.0, -42.28,
150.0, 100, 30, 30,  3,  0,  7, 70.0,  15.89%, 45, 49.99, -13.0,
150.0, 100, 30, 30,  9,  1,  1, 10.0,  1.59%, 60, 50.0, 40.75,
150.0, 100, 30, 30,  10,  5,  0, 0.0,  -1%, 75, 49.99, 91.95,
150.0, 100, 30, 30,  10,  10,  0, 0.0,  -1%, 90, 49.99, 146.57,
150.0, 100, 30, 30,  10,  10,  0, 0.0,  -1%, 115, 37.55, 180.77,
150.0, 100, 30, 30,  10,  10,  0, 0.0,  -1%, 150, 23.93, 203.88,
150.0, 100, 30, 30,  10,  10,  0, 0.0,  -1%, 165, 24.39, 212.5,
150.0, 100, 30, 30,  10,  10,  0, 0.0,  -1%, 180, 19.69, 210.3,
150.0, 100, 35, 30,  0,  0,  10, 100.0,  72.85%, 15, 50.0, -66.88,
150.0, 100, 35, 30,  0,  0,  10, 100.0,  41.27%, 30, 50.0, -40.48,
150.0, 100, 35, 30,  3,  0,  7, 70.0,  12.17%, 45, 49.99, -3.96,
150.0, 100, 35, 30,  10,  0,  0, 0.0,  -1%, 60, 49.99, 38.24,
150.0, 100, 35, 30,  10,  4,  0, 0.0,  -1%, 75, 50.0, 94.1,
150.0, 100, 35, 30,  10,  10,  0, 0.0,  -1%, 90, 49.99, 149.02,
150.0, 100, 35, 30,  10,  10,  0, 0.0,  -1%, 115, 33.4, 181.75,
150.0, 100, 35, 30,  10,  10,  0, 0.0,  -1%, 150, 24.36, 203.73,
150.0, 100, 35, 30,  10,  10,  0, 0.0,  -1%, 165, 23.16, 204.58,
150.0, 100, 35, 30,  10,  10,  0, 0.0,  -1%, 180, 19.71, 231.12,
150.0, 100, 40, 30,  0,  0,  10, 100.0,  70.5%, 15, 50.0, -64.58,
150.0, 100, 40, 30,  0,  0,  10, 100.0,  44.74%, 30, 49.99, -43.46,
150.0, 100, 40, 30,  3,  0,  7, 70.0,  11.5%, 45, 50.0, -8.05,
150.0, 100, 40, 30,  10,  0,  0, 0.0,  -1%, 60, 49.99, 54.95,
150.0, 100, 40, 30,  10,  4,  0, 0.0,  -1%, 75, 49.99, 91.44,
150.0, 100, 40, 30,  10,  9,  0, 0.0,  -1%, 90, 50.0, 128.38,
150.0, 100, 40, 30,  10,  10,  0, 0.0,  -1%, 115, 34.94, 190.79,
150.0, 100, 40, 30,  10,  10,  0, 0.0,  -1%, 150, 23.03, 212.64,
150.0, 100, 40, 30,  10,  10,  0, 0.0,  -1%, 165, 23.11, 226.87,
150.0, 100, 40, 30,  10,  10,  0, 0.0,  -1%, 180, 18.07, 210.77,
150.0, 100, 45, 30,  0,  0,  10, 100.0,  73.25%, 15, 50.0, -67.36,
150.0, 100, 45, 30,  0,  0,  10, 100.0,  46.52%, 30, 49.99, -43.53,
150.0, 100, 45, 30,  4,  0,  6, 60.0,  12.31%, 45, 49.99, -8.6,
150.0, 100, 45, 30,  10,  0,  0, 0.0,  -1%, 60, 49.99, 64.39,
150.0, 100, 45, 30,  10,  4,  0, 0.0,  -1%, 75, 49.99, 89.83,
150.0, 100, 45, 30,  10,  9,  0, 0.0,  -1%, 90, 49.99, 176.41,
150.0, 100, 45, 30,  10,  10,  0, 0.0,  -1%, 115, 34.43, 195.65,
150.0, 100, 45, 30,  10,  10,  0, 0.0,  -1%, 150, 25.0, 214.41,
150.0, 100, 45, 30,  10,  10,  0, 0.0,  -1%, 165, 18.68, 210.0,
150.0, 100, 45, 30,  10,  10,  0, 0.0,  -1%, 180, 17.93, 226.48,
150.0, 100, 50, 30,  0,  0,  10, 100.0,  72.15%, 15, 49.99, -67.27,
150.0, 100, 50, 30,  0,  0,  10, 100.0,  45.76%, 30, 49.99, -41.59,
150.0, 100, 50, 30,  5,  0,  5, 50.0,  6.81%, 45, 49.99, 1.77,
150.0, 100, 50, 30,  10,  0,  0, 0.0,  -1%, 60, 49.99, 56.56,
150.0, 100, 50, 30,  10,  4,  0, 0.0,  -1%, 75, 50.0, 95.12,
150.0, 100, 50, 30,  10,  10,  0, 0.0,  -1%, 90, 47.88, 174.64,
150.0, 100, 50, 30,  10,  10,  0, 0.0,  -1%, 115, 35.71, 201.44,
150.0, 100, 50, 30,  10,  10,  0, 0.0,  -1%, 150, 23.91, 200.43,
150.0, 100, 50, 30,  10,  10,  0, 0.0,  -1%, 165, 20.98, 224.01,
150.0, 100, 50, 30,  10,  10,  0, 0.0,  -1%, 180, 15.39, 223.13,
200.0, 100, 5, 30,  0,  0,  10, 100.0,  80.52%, 15, 49.99, -73.9,
200.0, 100, 5, 30,  0,  0,  10, 100.0,  65.21%, 30, 50.0, -63.59,
200.0, 100, 5, 30,  0,  0,  10, 100.0,  50.3%, 45, 50.0, -48.53,
200.0, 100, 5, 30,  1,  0,  9, 90.0,  26.25%, 60, 49.99, -28.35,
200.0, 100, 5, 30,  5,  0,  5, 50.0,  10.12%, 75, 50.0, -1.2,
200.0, 100, 5, 30,  5,  1,  5, 50.0,  11.28%, 90, 50.0, -2.25,
200.0, 100, 5, 30,  10,  4,  0, 0.0,  -1%, 115, 50.0, 73.66,
200.0, 100, 5, 30,  10,  10,  0, 0.0,  -1%, 150, 49.97, 168.3,
200.0, 100, 5, 30,  10,  9,  0, 0.0,  -1%, 165, 42.25, 183.25,
200.0, 100, 5, 30,  10,  10,  0, 0.0,  -1%, 180, 35.85, 211.53,
200.0, 100, 10, 30,  0,  0,  10, 100.0,  78.79%, 15, 50.0, -72.58,
200.0, 100, 10, 30,  0,  0,  10, 100.0,  63.41%, 30, 49.99, -64.27,
200.0, 100, 10, 30,  0,  0,  10, 100.0,  42.06%, 45, 50.0, -42.65,
200.0, 100, 10, 30,  3,  0,  7, 70.0,  12.98%, 60, 50.0, -8.64,
200.0, 100, 10, 30,  8,  0,  2, 20.0,  0.43%, 75, 50.0, 12.74,
200.0, 100, 10, 30,  10,  2,  0, 0.0,  -1%, 90, 49.99, 64.26,
200.0, 100, 10, 30,  10,  5,  0, 0.0,  -1%, 115, 50.0, 102.55,
200.0, 100, 10, 30,  10,  8,  0, 0.0,  -1%, 150, 48.96, 183.31,
200.0, 100, 10, 30,  10,  10,  0, 0.0,  -1%, 165, 32.11, 204.57,
200.0, 100, 10, 30,  10,  10,  0, 0.0,  -1%, 180, 31.43, 191.34,
200.0, 100, 15, 30,  0,  0,  10, 100.0,  78.28%, 15, 50.0, -72.41,
200.0, 100, 15, 30,  0,  0,  10, 100.0,  61.24%, 30, 50.0, -60.56,
200.0, 100, 15, 30,  0,  0,  10, 100.0,  41.52%, 45, 50.0, -40.5,
200.0, 100, 15, 30,  5,  0,  5, 50.0,  6.05%, 60, 50.0, 2.36,
200.0, 100, 15, 30,  9,  0,  1, 10.0,  0.75%, 75, 49.99, 23.68,
200.0, 100, 15, 30,  10,  2,  0, 0.0,  -1%, 90, 49.99, 84.25,
200.0, 100, 15, 30,  10,  10,  0, 0.0,  -1%, 115, 49.99, 159.99,
200.0, 100, 15, 30,  10,  10,  0, 0.0,  -1%, 150, 36.47, 188.39,
200.0, 100, 15, 30,  10,  10,  0, 0.0,  -1%, 165, 29.96, 208.07,
200.0, 100, 15, 30,  10,  10,  0, 0.0,  -1%, 180, 30.21, 198.91,
200.0, 100, 20, 30,  0,  0,  10, 100.0,  78.45%, 15, 49.99, -72.67,
200.0, 100, 20, 30,  0,  0,  10, 100.0,  61.27%, 30, 50.0, -60.28,
200.0, 100, 20, 30,  0,  0,  10, 100.0,  35.39%, 45, 49.99, -34.69,
200.0, 100, 20, 30,  2,  0,  8, 80.0,  14.15%, 60, 49.99, -12.62,
200.0, 100, 20, 30,  9,  1,  1, 10.0,  1.23%, 75, 50.0, 43.47,
200.0, 100, 20, 30,  10,  3,  0, 0.0,  -1%, 90, 50.0, 60.18,
200.0, 100, 20, 30,  10,  9,  0, 0.0,  -1%, 115, 49.98, 167.0,
200.0, 100, 20, 30,  10,  10,  0, 0.0,  -1%, 150, 34.95, 200.11,
200.0, 100, 20, 30,  10,  10,  0, 0.0,  -1%, 165, 31.43, 206.24,
200.0, 100, 20, 30,  10,  10,  0, 0.0,  -1%, 180, 30.33, 205.84,
200.0, 100, 25, 30,  0,  0,  10, 100.0,  79.68%, 15, 49.99, -72.5,
200.0, 100, 25, 30,  0,  0,  10, 100.0,  62.0%, 30, 50.0, -61.53,
200.0, 100, 25, 30,  1,  0,  9, 90.0,  34.12%, 45, 49.99, -34.02,
200.0, 100, 25, 30,  4,  0,  6, 60.0,  11.39%, 60, 50.0, -7.58,
200.0, 100, 25, 30,  9,  0,  1, 10.0,  0.64%, 75, 50.0, 36.41,
200.0, 100, 25, 30,  10,  4,  0, 0.0,  -1%, 90, 50.0, 91.34,
200.0, 100, 25, 30,  10,  9,  0, 0.0,  -1%, 115, 49.99, 173.89,
200.0, 100, 25, 30,  10,  10,  0, 0.0,  -1%, 150, 33.73, 211.42,
200.0, 100, 25, 30,  10,  10,  0, 0.0,  -1%, 165, 28.16, 222.37,
200.0, 100, 25, 30,  10,  10,  0, 0.0,  -1%, 180, 26.51, 210.83,
200.0, 100, 30, 30,  0,  0,  10, 100.0,  78.64%, 15, 50.0, -73.2,
200.0, 100, 30, 30,  0,  0,  10, 100.0,  58.72%, 30, 50.0, -54.61,
200.0, 100, 30, 30,  0,  0,  10, 100.0,  31.7%, 45, 49.99, -30.59,
200.0, 100, 30, 30,  6,  0,  4, 40.0,  2.45%, 60, 49.99, 3.14,
200.0, 100, 30, 30,  10,  1,  0, 0.0,  -1%, 75, 50.0, 45.1,
200.0, 100, 30, 30,  10,  5,  0, 0.0,  -1%, 90, 49.99, 99.61,
200.0, 100, 30, 30,  10,  10,  0, 0.0,  -1%, 115, 49.58, 167.26,
200.0, 100, 30, 30,  10,  10,  0, 0.0,  -1%, 150, 34.62, 220.76,
200.0, 100, 30, 30,  10,  10,  0, 0.0,  -1%, 165, 32.77, 216.53,
200.0, 100, 30, 30,  10,  10,  0, 0.0,  -1%, 180, 26.31, 225.86,
200.0, 100, 35, 30,  0,  0,  10, 100.0,  79.3%, 15, 49.99, -73.04,
200.0, 100, 35, 30,  0,  0,  10, 100.0,  59.19%, 30, 50.0, -58.22,
200.0, 100, 35, 30,  0,  0,  10, 100.0,  32.0%, 45, 50.0, -31.15,
200.0, 100, 35, 30,  6,  0,  4, 40.0,  5.85%, 60, 50.0, 6.34,
200.0, 100, 35, 30,  10,  0,  0, 0.0,  -1%, 75, 49.99, 56.96,
200.0, 100, 35, 30,  10,  3,  0, 0.0,  -1%, 90, 49.99, 87.28,
200.0, 100, 35, 30,  10,  10,  0, 0.0,  -1%, 115, 49.02, 186.87,
200.0, 100, 35, 30,  10,  10,  0, 0.0,  -1%, 150, 32.64, 210.6,
200.0, 100, 35, 30,  10,  10,  0, 0.0,  -1%, 165, 29.29, 214.64,
200.0, 100, 35, 30,  10,  10,  0, 0.0,  -1%, 180, 23.72, 203.55,
200.0, 100, 40, 30,  0,  0,  10, 100.0,  78.44%, 15, 49.99, -72.88,
200.0, 100, 40, 30,  0,  0,  10, 100.0,  56.96%, 30, 49.99, -54.24,
200.0, 100, 40, 30,  0,  0,  10, 100.0,  30.64%, 45, 50.0, -28.56,
200.0, 100, 40, 30,  9,  0,  1, 10.0,  -0.01%, 60, 50.0, 12.61,
200.0, 100, 40, 30,  9,  0,  1, 10.0,  0.11%, 75, 49.99, 41.79,
200.0, 100, 40, 30,  10,  4,  0, 0.0,  -1%, 90, 50.0, 93.35,
200.0, 100, 40, 30,  10,  9,  0, 0.0,  -1%, 115, 49.16, 168.07,
200.0, 100, 40, 30,  10,  10,  0, 0.0,  -1%, 150, 32.76, 210.75,
200.0, 100, 40, 30,  10,  10,  0, 0.0,  -1%, 165, 27.6, 232.71,
200.0, 100, 40, 30,  10,  10,  0, 0.0,  -1%, 180, 24.54, 224.53,
200.0, 100, 45, 30,  0,  0,  10, 100.0,  78.0%, 15, 50.0, -71.67,
200.0, 100, 45, 30,  0,  0,  10, 100.0,  61.7%, 30, 49.99, -59.16,
200.0, 100, 45, 30,  0,  0,  10, 100.0,  23.14%, 45, 50.0, -23.36,
200.0, 100, 45, 30,  7,  0,  3, 30.0,  2.35%, 60, 49.99, 5.39,
200.0, 100, 45, 30,  10,  0,  0, 0.0,  -1%, 75, 49.99, 50.79,
200.0, 100, 45, 30,  10,  6,  0, 0.0,  -1%, 90, 49.99, 111.9,
200.0, 100, 45, 30,  10,  10,  0, 0.0,  -1%, 115, 47.5, 191.26,
200.0, 100, 45, 30,  10,  10,  0, 0.0,  -1%, 150, 30.82, 208.22,
200.0, 100, 45, 30,  10,  10,  0, 0.0,  -1%, 165, 26.16, 219.67,
200.0, 100, 45, 30,  10,  10,  0, 0.0,  -1%, 180, 21.23, 217.72,
200.0, 100, 50, 30,  0,  0,  10, 100.0,  77.07%, 15, 49.99, -71.02,
200.0, 100, 50, 30,  0,  0,  10, 100.0,  56.66%, 30, 50.0, -54.57,
200.0, 100, 50, 30,  0,  0,  10, 100.0,  29.36%, 45, 50.0, -25.46,
200.0, 100, 50, 30,  6,  0,  4, 40.0,  4.8%, 60, 50.0, 7.39,
200.0, 100, 50, 30,  10,  1,  0, 0.0,  -1%, 75, 49.99, 55.67,
200.0, 100, 50, 30,  10,  5,  0, 0.0,  -1%, 90, 49.99, 98.26,
200.0, 100, 50, 30,  10,  10,  0, 0.0,  -1%, 115, 49.0, 191.66,
200.0, 100, 50, 30,  10,  10,  0, 0.0,  -1%, 150, 30.16, 209.26,
200.0, 100, 50, 30,  10,  10,  0, 0.0,  -1%, 165, 27.26, 204.55,
200.0, 100, 50, 30,  10,  10,  0, 0.0,  -1%, 180, 24.15, 225.78,
200.0, 100, 5, 30,  0,  0,  10, 100.0,  80.17%, 15, 50.0, -74.7,
200.0, 100, 5, 30,  0,  0,  10, 100.0,  68.69%, 30, 50.0, -66.84,
200.0, 100, 5, 30,  0,  0,  10, 100.0,  45.66%, 45, 49.99, -42.67,
200.0, 100, 5, 30,  1,  0,  9, 90.0,  26.9%, 60, 50.0, -32.45,
200.0, 100, 5, 30,  4,  0,  6, 60.0,  8.51%, 75, 49.99, -3.92,
200.0, 100, 5, 30,  8,  1,  2, 20.0,  6.37%, 90, 50.0, 26.85,
200.0, 100, 5, 30,  8,  5,  2, 20.0,  0.66%, 115, 49.99, 93.45,
200.0, 100, 5, 30,  10,  9,  0, 0.0,  -1%, 150, 45.34, 169.85,
200.0, 100, 5, 30,  10,  9,  0, 0.0,  -1%, 165, 37.63, 193.21,
200.0, 100, 5, 30,  10,  10,  0, 0.0,  -1%, 180, 37.45, 183.25,
200.0, 100, 10, 30,  0,  0,  10, 100.0,  78.78%, 15, 50.0, -72.86,
200.0, 100, 10, 30,  0,  0,  10, 100.0,  65.13%, 30, 50.0, -65.66,
200.0, 100, 10, 30,  0,  0,  10, 100.0,  39.16%, 45, 49.99, -33.06,
200.0, 100, 10, 30,  3,  0,  7, 70.0,  14.25%, 60, 49.99, -9.41,
200.0, 100, 10, 30,  7,  0,  3, 30.0,  5.29%, 75, 50.0, 16.92,
200.0, 100, 10, 30,  10,  0,  0, 0.0,  -1%, 90, 50.0, 59.03,
200.0, 100, 10, 30,  10,  6,  0, 0.0,  -1%, 115, 49.99, 163.5,
200.0, 100, 10, 30,  10,  10,  0, 0.0,  -1%, 150, 39.31, 191.2,
200.0, 100, 10, 30,  10,  10,  0, 0.0,  -1%, 165, 32.14, 194.27,
200.0, 100, 10, 30,  10,  10,  0, 0.0,  -1%, 180, 28.45, 207.13,
200.0, 100, 15, 30,  0,  0,  10, 100.0,  78.12%, 15, 50.0, -72.33,
200.0, 100, 15, 30,  0,  0,  10, 100.0,  61.46%, 30, 49.99, -59.63,
200.0, 100, 15, 30,  0,  0,  10, 100.0,  39.78%, 45, 49.99, -34.69,
200.0, 100, 15, 30,  3,  0,  7, 70.0,  16.48%, 60, 50.0, -15.38,
200.0, 100, 15, 30,  9,  0,  1, 10.0,  0.47%, 75, 49.99, 39.19,
200.0, 100, 15, 30,  10,  2,  0, 0.0,  -1%, 90, 49.99, 61.51,
200.0, 100, 15, 30,  10,  7,  0, 0.0,  -1%, 115, 49.99, 154.38,
200.0, 100, 15, 30,  10,  9,  0, 0.0,  -1%, 150, 36.33, 198.37,
200.0, 100, 15, 30,  10,  10,  0, 0.0,  -1%, 165, 35.69, 210.9,
200.0, 100, 15, 30,  10,  10,  0, 0.0,  -1%, 180, 29.28, 227.69,
200.0, 100, 20, 30,  0,  0,  10, 100.0,  78.9%, 15, 50.0, -73.1,
200.0, 100, 20, 30,  0,  0,  10, 100.0,  60.31%, 30, 49.99, -58.27,
200.0, 100, 20, 30,  0,  0,  10, 100.0,  30.1%, 45, 50.0, -32.05,
200.0, 100, 20, 30,  3,  0,  7, 70.0,  10.39%, 60, 50.0, -5.3,
200.0, 100, 20, 30,  9,  0,  1, 10.0,  0.0%, 75, 50.0, 28.94,
200.0, 100, 20, 30,  9,  2,  1, 10.0,  0.6%, 90, 50.0, 81.59,
200.0, 100, 20, 30,  10,  9,  0, 0.0,  -1%, 115, 48.79, 183.58,
200.0, 100, 20, 30,  10,  10,  0, 0.0,  -1%, 150, 34.72, 193.56,
200.0, 100, 20, 30,  10,  10,  0, 0.0,  -1%, 165, 30.89, 214.34,
200.0, 100, 20, 30,  10,  10,  0, 0.0,  -1%, 180, 31.57, 212.43,
200.0, 100, 25, 30,  0,  0,  10, 100.0,  79.3%, 15, 50.0, -73.56,
200.0, 100, 25, 30,  0,  0,  10, 100.0,  62.42%, 30, 49.99, -58.63,
200.0, 100, 25, 30,  0,  0,  10, 100.0,  31.56%, 45, 49.99, -35.1,
200.0, 100, 25, 30,  2,  0,  8, 80.0,  11.06%, 60, 50.0, -14.57,
200.0, 100, 25, 30,  10,  0,  0, 0.0,  -1%, 75, 50.0, 44.48,
200.0, 100, 25, 30,  10,  4,  0, 0.0,  -1%, 90, 50.0, 84.03,
200.0, 100, 25, 30,  10,  10,  0, 0.0,  -1%, 115, 49.98, 181.1,
200.0, 100, 25, 30,  10,  10,  0, 0.0,  -1%, 150, 34.64, 206.11,
200.0, 100, 25, 30,  10,  10,  0, 0.0,  -1%, 165, 27.63, 212.64,
200.0, 100, 25, 30,  10,  10,  0, 0.0,  -1%, 180, 29.6, 204.77,
200.0, 100, 30, 30,  0,  0,  10, 100.0,  77.48%, 15, 50.0, -71.81,
200.0, 100, 30, 30,  0,  0,  10, 100.0,  62.23%, 30, 50.0, -61.09,
200.0, 100, 30, 30,  0,  0,  10, 100.0,  29.18%, 45, 49.99, -27.64,
200.0, 100, 30, 30,  3,  0,  7, 70.0,  14.82%, 60, 50.0, -7.37,
200.0, 100, 30, 30,  9,  0,  1, 10.0,  0.12%, 75, 50.0, 34.8,
200.0, 100, 30, 30,  10,  4,  0, 0.0,  -1%, 90, 49.99, 92.05,
200.0, 100, 30, 30,  10,  10,  0, 0.0,  -1%, 115, 45.76, 188.41,
200.0, 100, 30, 30,  10,  10,  0, 0.0,  -1%, 150, 31.17, 210.84,
200.0, 100, 30, 30,  10,  10,  0, 0.0,  -1%, 165, 26.43, 206.99,
200.0, 100, 30, 30,  10,  10,  0, 0.0,  -1%, 180, 27.56, 210.94,
200.0, 100, 35, 30,  0,  0,  10, 100.0,  78.76%, 15, 50.0, -73.57,
200.0, 100, 35, 30,  0,  0,  10, 100.0,  57.21%, 30, 50.0, -57.0,
200.0, 100, 35, 30,  0,  0,  10, 100.0,  28.0%, 45, 49.99, -28.11,
200.0, 100, 35, 30,  4,  0,  6, 60.0,  7.59%, 60, 49.99, -9.7,
200.0, 100, 35, 30,  9,  0,  1, 10.0,  0.68%, 75, 49.99, 34.9,
200.0, 100, 35, 30,  10,  4,  0, 0.0,  -1%, 90, 50.0, 89.96,
200.0, 100, 35, 30,  10,  10,  0, 0.0,  -1%, 115, 45.59, 191.71,
200.0, 100, 35, 30,  10,  10,  0, 0.0,  -1%, 150, 32.24, 215.12,
200.0, 100, 35, 30,  10,  10,  0, 0.0,  -1%, 165, 34.29, 227.59,
200.0, 100, 35, 30,  10,  10,  0, 0.0,  -1%, 180, 25.52, 229.21,
200.0, 100, 40, 30,  0,  0,  10, 100.0,  78.49%, 15, 49.99, -72.12,
200.0, 100, 40, 30,  0,  0,  10, 100.0,  57.22%, 30, 49.99, -58.41,
200.0, 100, 40, 30,  1,  0,  9, 90.0,  22.23%, 45, 49.99, -22.73,
200.0, 100, 40, 30,  6,  0,  4, 40.0,  1.85%, 60, 49.99, 4.06,
200.0, 100, 40, 30,  10,  0,  0, 0.0,  -1%, 75, 50.0, 50.89,
200.0, 100, 40, 30,  10,  5,  0, 0.0,  -1%, 90, 50.0, 102.11,
200.0, 100, 40, 30,  10,  10,  0, 0.0,  -1%, 115, 47.71, 179.54,
200.0, 100, 40, 30,  10,  10,  0, 0.0,  -1%, 150, 30.88, 210.74,
200.0, 100, 40, 30,  10,  10,  0, 0.0,  -1%, 165, 27.79, 204.49,
200.0, 100, 40, 30,  10,  10,  0, 0.0,  -1%, 180, 23.01, 217.36,
200.0, 100, 45, 30,  0,  0,  10, 100.0,  79.76%, 15, 50.0, -73.73,
200.0, 100, 45, 30,  0,  0,  10, 100.0,  55.05%, 30, 49.99, -53.39,
200.0, 100, 45, 30,  0,  0,  10, 100.0,  26.65%, 45, 49.99, -19.3,
200.0, 100, 45, 30,  7,  0,  3, 30.0,  1.72%, 60, 49.99, 3.87,
200.0, 100, 45, 30,  10,  1,  0, 0.0,  -1%, 75, 50.0, 44.49,
200.0, 100, 45, 30,  10,  6,  0, 0.0,  -1%, 90, 50.0, 117.55,
200.0, 100, 45, 30,  10,  9,  0, 0.0,  -1%, 115, 46.94, 186.76,
200.0, 100, 45, 30,  10,  10,  0, 0.0,  -1%, 150, 33.46, 215.17,
200.0, 100, 45, 30,  10,  10,  0, 0.0,  -1%, 165, 25.89, 213.79,
200.0, 100, 45, 30,  10,  10,  0, 0.0,  -1%, 180, 22.82, 219.07,
200.0, 100, 50, 30,  0,  0,  10, 100.0,  78.61%, 15, 50.0, -73.02,
200.0, 100, 50, 30,  0,  0,  10, 100.0,  61.34%, 30, 49.99, -57.89,
200.0, 100, 50, 30,  0,  0,  10, 100.0,  26.16%, 45, 49.99, -27.5,
200.0, 100, 50, 30,  5,  0,  5, 50.0,  2.84%, 60, 50.0, -1.18,
200.0, 100, 50, 30,  10,  0,  0, 0.0,  -1%, 75, 50.0, 69.6,
200.0, 100, 50, 30,  10,  7,  0, 0.0,  -1%, 90, 49.99, 126.42,
200.0, 100, 50, 30,  10,  10,  0, 0.0,  -1%, 115, 47.93, 187.47,
200.0, 100, 50, 30,  10,  10,  0, 0.0,  -1%, 150, 29.46, 215.24,
200.0, 100, 50, 30,  10,  10,  0, 0.0,  -1%, 165, 27.21, 217.26,
200.0, 100, 50, 30,  10,  10,  0, 0.0,  -1%, 180, 24.51, 222.79,
200.0, 100, 5, 30,  0,  0,  10, 100.0,  79.07%, 15, 50.0, -73.15,
200.0, 100, 5, 30,  0,  0,  10, 100.0,  68.11%, 30, 49.99, -65.39,
200.0, 100, 5, 30,  0,  0,  10, 100.0,  46.35%, 45, 50.0, -44.44,
200.0, 100, 5, 30,  0,  0,  10, 100.0,  28.23%, 60, 50.0, -32.75,
200.0, 100, 5, 30,  6,  0,  4, 40.0,  7.08%, 75, 50.0, 7.13,
200.0, 100, 5, 30,  9,  0,  1, 10.0,  2.84%, 90, 49.99, 50.03,
200.0, 100, 5, 30,  8,  2,  2, 20.0,  3.56%, 115, 49.99, 63.35,
200.0, 100, 5, 30,  10,  9,  0, 0.0,  -1%, 150, 50.0, 174.37,
200.0, 100, 5, 30,  10,  10,  0, 0.0,  -1%, 165, 47.05, 183.78,
200.0, 100, 5, 30,  10,  6,  0, 0.0,  -1%, 180, 44.92, 184.32,
200.0, 100, 10, 30,  0,  0,  10, 100.0,  80.07%, 15, 50.0, -74.4,
200.0, 100, 10, 30,  0,  0,  10, 100.0,  63.65%, 30, 49.99, -60.95,
200.0, 100, 10, 30,  0,  0,  10, 100.0,  39.84%, 45, 50.0, -39.84,
200.0, 100, 10, 30,  3,  0,  7, 70.0,  8.46%, 60, 49.99, -4.19,
200.0, 100, 10, 30,  8,  0,  2, 20.0,  6.79%, 75, 50.0, 23.25,
200.0, 100, 10, 30,  9,  0,  1, 10.0,  1.25%, 90, 49.99, 45.65,
200.0, 100, 10, 30,  10,  8,  0, 0.0,  -1%, 115, 49.99, 137.73,
200.0, 100, 10, 30,  10,  10,  0, 0.0,  -1%, 150, 43.5, 164.06,
200.0, 100, 10, 30,  10,  10,  0, 0.0,  -1%, 165, 44.51, 192.28,
200.0, 100, 10, 30,  10,  10,  0, 0.0,  -1%, 180, 30.42, 203.97,
200.0, 100, 15, 30,  0,  0,  10, 100.0,  78.63%, 15, 49.99, -72.53,
200.0, 100, 15, 30,  0,  0,  10, 100.0,  62.53%, 30, 50.0, -59.97,
200.0, 100, 15, 30,  0,  0,  10, 100.0,  34.81%, 45, 49.99, -33.18,
200.0, 100, 15, 30,  2,  0,  8, 80.0,  18.03%, 60, 50.0, -16.48,
200.0, 100, 15, 30,  6,  0,  4, 40.0,  5.16%, 75, 50.0, 21.85,
200.0, 100, 15, 30,  10,  0,  0, 0.0,  -1%, 90, 49.99, 49.36,
200.0, 100, 15, 30,  10,  8,  0, 0.0,  -1%, 115, 50.0, 135.62,
200.0, 100, 15, 30,  10,  9,  0, 0.0,  -1%, 150, 36.88, 185.26,
200.0, 100, 15, 30,  10,  10,  0, 0.0,  -1%, 165, 31.86, 220.31,
200.0, 100, 15, 30,  10,  10,  0, 0.0,  -1%, 180, 30.28, 214.94,
200.0, 100, 20, 30,  0,  0,  10, 100.0,  78.1%, 15, 50.0, -72.29,
200.0, 100, 20, 30,  0,  0,  10, 100.0,  63.87%, 30, 49.99, -62.48,
200.0, 100, 20, 30,  0,  0,  10, 100.0,  34.39%, 45, 50.0, -35.45,
200.0, 100, 20, 30,  7,  0,  3, 30.0,  6.72%, 60, 50.0, 2.12,
200.0, 100, 20, 30,  7,  0,  3, 30.0,  3.7%, 75, 50.0, 28.62,
200.0, 100, 20, 30,  10,  3,  0, 0.0,  -1%, 90, 49.99, 75.19,
200.0, 100, 20, 30,  10,  9,  0, 0.0,  -1%, 115, 49.79, 183.3,
200.0, 100, 20, 30,  10,  10,  0, 0.0,  -1%, 150, 32.83, 198.37,
200.0, 100, 20, 30,  10,  10,  0, 0.0,  -1%, 165, 36.21, 216.91,
200.0, 100, 20, 30,  10,  10,  0, 0.0,  -1%, 180, 26.25, 219.96,
200.0, 100, 25, 30,  0,  0,  10, 100.0,  77.99%, 15, 50.0, -72.08,
200.0, 100, 25, 30,  0,  0,  10, 100.0,  60.0%, 30, 50.0, -57.37,
200.0, 100, 25, 30,  0,  0,  10, 100.0,  39.15%, 45, 50.0, -37.87,
200.0, 100, 25, 30,  4,  0,  6, 60.0,  12.26%, 60, 49.99, -10.29,
200.0, 100, 25, 30,  10,  0,  0, 0.0,  -1%, 75, 49.99, 43.32,
200.0, 100, 25, 30,  9,  1,  1, 10.0,  0.08%, 90, 49.99, 76.17,
200.0, 100, 25, 30,  10,  10,  0, 0.0,  -1%, 115, 50.0, 153.6,
200.0, 100, 25, 30,  10,  10,  0, 0.0,  -1%, 150, 38.46, 202.26,
200.0, 100, 25, 30,  10,  10,  0, 0.0,  -1%, 165, 32.18, 208.73,
200.0, 100, 25, 30,  10,  10,  0, 0.0,  -1%, 180, 27.66, 226.2,
200.0, 100, 30, 30,  0,  0,  10, 100.0,  78.19%, 15, 49.99, -71.96,
200.0, 100, 30, 30,  0,  0,  10, 100.0,  58.13%, 30, 49.99, -56.07,
200.0, 100, 30, 30,  0,  0,  10, 100.0,  29.68%, 45, 50.0, -31.57,
200.0, 100, 30, 30,  7,  0,  3, 30.0,  3.99%, 60, 50.0, 7.46,
200.0, 100, 30, 30,  10,  0,  0, 0.0,  -1%, 75, 50.0, 46.81,
200.0, 100, 30, 30,  10,  7,  0, 0.0,  -1%, 90, 50.0, 113.95,
200.0, 100, 30, 30,  10,  10,  0, 0.0,  -1%, 115, 47.84, 185.41,
200.0, 100, 30, 30,  10,  10,  0, 0.0,  -1%, 150, 36.71, 205.33,
200.0, 100, 30, 30,  10,  10,  0, 0.0,  -1%, 165, 26.79, 209.7,
200.0, 100, 30, 30,  10,  10,  0, 0.0,  -1%, 180, 25.16, 214.94,
200.0, 100, 35, 30,  0,  0,  10, 100.0,  78.23%, 15, 49.99, -71.16,
200.0, 100, 35, 30,  0,  0,  10, 100.0,  57.7%, 30, 49.99, -54.99,
200.0, 100, 35, 30,  0,  0,  10, 100.0,  28.9%, 45, 49.99, -29.44,
200.0, 100, 35, 30,  9,  0,  1, 10.0,  1.57%, 60, 49.99, 18.03,
200.0, 100, 35, 30,  9,  0,  1, 10.0,  0.56%, 75, 50.0, 41.5,
200.0, 100, 35, 30,  10,  5,  0, 0.0,  -1%, 90, 50.0, 97.02,
200.0, 100, 35, 30,  10,  9,  0, 0.0,  -1%, 115, 46.22, 182.39,
200.0, 100, 35, 30,  10,  10,  0, 0.0,  -1%, 150, 31.22, 211.01,
200.0, 100, 35, 30,  10,  10,  0, 0.0,  -1%, 165, 29.49, 222.96,
200.0, 100, 35, 30,  10,  10,  0, 0.0,  -1%, 180, 25.05, 224.02,
200.0, 100, 40, 30,  0,  0,  10, 100.0,  77.83%, 15, 49.99, -71.48,
200.0, 100, 40, 30,  0,  0,  10, 100.0,  59.37%, 30, 50.0, -58.99,
200.0, 100, 40, 30,  0,  0,  10, 100.0,  33.96%, 45, 50.0, -33.94,
200.0, 100, 40, 30,  5,  0,  5, 50.0,  6.8%, 60, 50.0, -3.02,
200.0, 100, 40, 30,  9,  1,  1, 10.0,  0.29%, 75, 49.99, 60.17,
200.0, 100, 40, 30,  10,  8,  0, 0.0,  -1%, 90, 50.0, 115.52,
200.0, 100, 40, 30,  10,  10,  0, 0.0,  -1%, 115, 49.98, 173.06,
200.0, 100, 40, 30,  10,  10,  0, 0.0,  -1%, 150, 30.26, 220.73,
200.0, 100, 40, 30,  10,  10,  0, 0.0,  -1%, 165, 25.38, 206.95,
200.0, 100, 40, 30,  10,  10,  0, 0.0,  -1%, 180, 23.42, 216.55,
200.0, 100, 45, 30,  0,  0,  10, 100.0,  79.61%, 15, 49.99, -73.5,
200.0, 100, 45, 30,  0,  0,  10, 100.0,  58.88%, 30, 49.99, -58.07,
200.0, 100, 45, 30,  0,  0,  10, 100.0,  26.02%, 45, 50.0, -24.18,
200.0, 100, 45, 30,  7,  0,  3, 30.0,  4.0%, 60, 49.99, 10.39,
200.0, 100, 45, 30,  10,  0,  0, 0.0,  -1%, 75, 49.99, 67.63,
200.0, 100, 45, 30,  10,  7,  0, 0.0,  -1%, 90, 50.0, 114.69,
200.0, 100, 45, 30,  10,  10,  0, 0.0,  -1%, 115, 45.1, 181.36,
200.0, 100, 45, 30,  10,  10,  0, 0.0,  -1%, 150, 29.12, 204.42,
200.0, 100, 45, 30,  10,  10,  0, 0.0,  -1%, 165, 30.03, 224.37,
200.0, 100, 45, 30,  10,  10,  0, 0.0,  -1%, 180, 25.64, 229.29,
200.0, 100, 50, 30,  0,  0,  10, 100.0,  76.35%, 15, 50.0, -71.08,
200.0, 100, 50, 30,  0,  0,  10, 100.0,  56.71%, 30, 49.99, -53.47,
200.0, 100, 50, 30,  0,  0,  10, 100.0,  33.41%, 45, 50.0, -32.05,
200.0, 100, 50, 30,  7,  0,  3, 30.0,  3.67%, 60, 49.99, 3.69,
200.0, 100, 50, 30,  10,  3,  0, 0.0,  -1%, 75, 49.99, 89.43,
200.0, 100, 50, 30,  10,  4,  0, 0.0,  -1%, 90, 50.0, 78.32,
200.0, 100, 50, 30,  10,  10,  0, 0.0,  -1%, 115, 41.8, 196.25,
200.0, 100, 50, 30,  10,  10,  0, 0.0,  -1%, 150, 31.86, 216.82,
200.0, 100, 50, 30,  10,  10,  0, 0.0,  -1%, 165, 26.98, 207.23,
200.0, 100, 50, 30,  10,  10,  0, 0.0,  -1%, 180, 21.57, 215.28,
200.0, 100, 5, 30,  0,  0,  10, 100.0,  79.52%, 15, 50.0, -73.85,
200.0, 100, 5, 30,  0,  0,  10, 100.0,  68.5%, 30, 50.0, -68.32,
200.0, 100, 5, 30,  0,  0,  10, 100.0,  43.14%, 45, 49.99, -43.46,
200.0, 100, 5, 30,  0,  0,  10, 100.0,  27.61%, 60, 49.99, -31.15,
200.0, 100, 5, 30,  5,  0,  5, 50.0,  7.78%, 75, 50.0, -0.44,
200.0, 100, 5, 30,  9,  0,  1, 10.0,  2.36%, 90, 49.99, 34.36,
200.0, 100, 5, 30,  8,  5,  2, 20.0,  3.23%, 115, 50.0, 93.94,
200.0, 100, 5, 30,  10,  6,  0, 0.0,  -1%, 150, 49.99, 155.87,
200.0, 100, 5, 30,  10,  9,  0, 0.0,  -1%, 165, 43.55, 186.87,
200.0, 100, 5, 30,  10,  10,  0, 0.0,  -1%, 180, 40.01, 195.68,
200.0, 100, 10, 30,  0,  0,  10, 100.0,  78.6%, 15, 49.99, -72.87,
200.0, 100, 10, 30,  0,  0,  10, 100.0,  59.8%, 30, 50.0, -57.79,
200.0, 100, 10, 30,  0,  0,  10, 100.0,  33.13%, 45, 49.99, -36.43,
200.0, 100, 10, 30,  2,  0,  8, 80.0,  24.27%, 60, 49.99, -27.36,
200.0, 100, 10, 30,  10,  0,  0, 0.0,  -1%, 75, 49.99, 30.83,
200.0, 100, 10, 30,  10,  0,  0, 0.0,  -1%, 90, 49.99, 63.79,
200.0, 100, 10, 30,  9,  3,  1, 10.0,  0.07%, 115, 50.0, 88.36,
200.0, 100, 10, 30,  10,  9,  0, 0.0,  -1%, 150, 43.89, 181.6,
200.0, 100, 10, 30,  10,  10,  0, 0.0,  -1%, 165, 35.97, 193.16,
200.0, 100, 10, 30,  10,  10,  0, 0.0,  -1%, 180, 32.63, 208.9,
200.0, 100, 15, 30,  0,  0,  10, 100.0,  79.09%, 15, 49.99, -73.13,
200.0, 100, 15, 30,  0,  0,  10, 100.0,  61.51%, 30, 49.99, -60.06,
200.0, 100, 15, 30,  0,  0,  10, 100.0,  39.62%, 45, 50.0, -36.54,
200.0, 100, 15, 30,  3,  0,  7, 70.0,  11.28%, 60, 50.0, -16.27,
200.0, 100, 15, 30,  7,  0,  3, 30.0,  5.66%, 75, 49.99, 17.83,
200.0, 100, 15, 30,  10,  3,  0, 0.0,  -1%, 90, 49.99, 90.51,
200.0, 100, 15, 30,  10,  10,  0, 0.0,  -1%, 115, 49.99, 152.85,
200.0, 100, 15, 30,  10,  10,  0, 0.0,  -1%, 150, 37.74, 196.76,
200.0, 100, 15, 30,  10,  10,  0, 0.0,  -1%, 165, 29.76, 204.27,
200.0, 100, 15, 30,  10,  10,  0, 0.0,  -1%, 180, 32.12, 209.46,
200.0, 100, 20, 30,  0,  0,  10, 100.0,  80.32%, 15, 49.99, -74.57,
200.0, 100, 20, 30,  0,  0,  10, 100.0,  58.09%, 30, 50.0, -54.98,
200.0, 100, 20, 30,  0,  0,  10, 100.0,  32.68%, 45, 49.99, -27.07,
200.0, 100, 20, 30,  4,  0,  6, 60.0,  12.26%, 60, 50.0, -9.11,
200.0, 100, 20, 30,  9,  0,  1, 10.0,  -0.11%, 75, 49.99, 37.37,
200.0, 100, 20, 30,  10,  2,  0, 0.0,  -1%, 90, 49.99, 63.43,
200.0, 100, 20, 30,  10,  10,  0, 0.0,  -1%, 115, 47.26, 173.39,
200.0, 100, 20, 30,  10,  10,  0, 0.0,  -1%, 150, 35.34, 205.56,
200.0, 100, 20, 30,  10,  10,  0, 0.0,  -1%, 165, 29.37, 219.74,
200.0, 100, 20, 30,  10,  10,  0, 0.0,  -1%, 180, 28.21, 210.3,
200.0, 100, 25, 30,  0,  0,  10, 100.0,  78.62%, 15, 50.0, -71.78,
200.0, 100, 25, 30,  0,  0,  10, 100.0,  61.36%, 30, 50.0, -60.62,
200.0, 100, 25, 30,  0,  0,  10, 100.0,  36.42%, 45, 50.0, -35.58,
200.0, 100, 25, 30,  4,  0,  6, 60.0,  2.61%, 60, 49.99, -2.25,
200.0, 100, 25, 30,  10,  0,  0, 0.0,  -1%, 75, 49.99, 57.57,
200.0, 100, 25, 30,  10,  5,  0, 0.0,  -1%, 90, 49.99, 96.19,
200.0, 100, 25, 30,  10,  10,  0, 0.0,  -1%, 115, 46.98, 172.75,
200.0, 100, 25, 30,  10,  10,  0, 0.0,  -1%, 150, 33.04, 202.35,
200.0, 100, 25, 30,  10,  10,  0, 0.0,  -1%, 165, 30.01, 205.91,
200.0, 100, 25, 30,  10,  10,  0, 0.0,  -1%, 180, 28.81, 214.61,
200.0, 100, 30, 30,  0,  0,  10, 100.0,  78.27%, 15, 49.99, -72.92,
200.0, 100, 30, 30,  0,  0,  10, 100.0,  58.73%, 30, 49.99, -58.08,
200.0, 100, 30, 30,  0,  0,  10, 100.0,  29.97%, 45, 50.0, -27.52,
200.0, 100, 30, 30,  5,  0,  5, 50.0,  5.55%, 60, 50.0, 1.95,
200.0, 100, 30, 30,  9,  1,  1, 10.0,  0.26%, 75, 50.0, 58.82,
200.0, 100, 30, 30,  10,  4,  0, 0.0,  -1%, 90, 49.99, 95.5,
200.0, 100, 30, 30,  10,  9,  0, 0.0,  -1%, 115, 49.98, 174.93,
200.0, 100, 30, 30,  10,  10,  0, 0.0,  -1%, 150, 33.43, 211.76,
200.0, 100, 30, 30,  10,  10,  0, 0.0,  -1%, 165, 28.27, 208.43,
200.0, 100, 30, 30,  10,  10,  0, 0.0,  -1%, 180, 26.61, 216.96,
200.0, 100, 35, 30,  0,  0,  10, 100.0,  78.79%, 15, 50.0, -72.81,
200.0, 100, 35, 30,  0,  0,  10, 100.0,  53.75%, 30, 49.99, -52.39,
200.0, 100, 35, 30,  1,  0,  9, 90.0,  30.76%, 45, 49.99, -31.05,
200.0, 100, 35, 30,  6,  0,  4, 40.0,  3.46%, 60, 50.0, 4.6,
200.0, 100, 35, 30,  10,  0,  0, 0.0,  -1%, 75, 50.0, 48.19,
200.0, 100, 35, 30,  10,  5,  0, 0.0,  -1%, 90, 50.0, 104.78,
200.0, 100, 35, 30,  10,  10,  0, 0.0,  -1%, 115, 45.28, 188.34,
200.0, 100, 35, 30,  10,  10,  0, 0.0,  -1%, 150, 29.33, 212.11,
200.0, 100, 35, 30,  10,  10,  0, 0.0,  -1%, 165, 28.93, 216.03,
200.0, 100, 35, 30,  10,  10,  0, 0.0,  -1%, 180, 21.83, 217.52,
200.0, 100, 40, 30,  0,  0,  10, 100.0,  77.2%, 15, 50.0, -70.72,
200.0, 100, 40, 30,  0,  0,  10, 100.0,  56.09%, 30, 49.99, -54.21,
200.0, 100, 40, 30,  0,  0,  10, 100.0,  21.94%, 45, 50.0, -19.72,
200.0, 100, 40, 30,  5,  0,  5, 50.0,  7.9%, 60, 50.0, 4.0,
200.0, 100, 40, 30,  10,  1,  0, 0.0,  -1%, 75, 50.0, 54.53,
200.0, 100, 40, 30,  10,  6,  0, 0.0,  -1%, 90, 49.99, 102.09,
200.0, 100, 40, 30,  10,  9,  0, 0.0,  -1%, 115, 47.04, 183.19,
200.0, 100, 40, 30,  10,  10,  0, 0.0,  -1%, 150, 34.12, 213.39,
200.0, 100, 40, 30,  10,  10,  0, 0.0,  -1%, 165, 26.71, 229.14,
200.0, 100, 40, 30,  10,  10,  0, 0.0,  -1%, 180, 25.23, 225.1,
200.0, 100, 45, 30,  0,  0,  10, 100.0,  78.68%, 15, 49.99, -72.66,
200.0, 100, 45, 30,  0,  0,  10, 100.0,  60.54%, 30, 49.99, -57.47,
200.0, 100, 45, 30,  0,  0,  10, 100.0,  31.59%, 45, 50.0, -30.84,
200.0, 100, 45, 30,  8,  0,  2, 20.0,  4.18%, 60, 50.0, 15.02,
200.0, 100, 45, 30,  10,  0,  0, 0.0,  -1%, 75, 49.99, 55.65,
200.0, 100, 45, 30,  10,  5,  0, 0.0,  -1%, 90, 49.99, 100.56,
200.0, 100, 45, 30,  10,  10,  0, 0.0,  -1%, 115, 49.13, 184.88,
200.0, 100, 45, 30,  10,  10,  0, 0.0,  -1%, 150, 28.58, 224.23,
200.0, 100, 45, 30,  10,  10,  0, 0.0,  -1%, 165, 31.68, 221.03,
200.0, 100, 45, 30,  10,  10,  0, 0.0,  -1%, 180, 25.53, 232.63,
200.0, 100, 50, 30,  0,  0,  10, 100.0,  78.82%, 15, 50.0, -73.22,
200.0, 100, 50, 30,  0,  0,  10, 100.0,  55.56%, 30, 50.0, -54.56,
200.0, 100, 50, 30,  1,  0,  9, 90.0,  21.92%, 45, 50.0, -18.11,
200.0, 100, 50, 30,  9,  0,  1, 10.0,  0.18%, 60, 49.99, 15.46,
200.0, 100, 50, 30,  10,  0,  0, 0.0,  -1%, 75, 49.99, 48.96,
200.0, 100, 50, 30,  10,  7,  0, 0.0,  -1%, 90, 49.99, 146.6,
200.0, 100, 50, 30,  10,  10,  0, 0.0,  -1%, 115, 41.92, 194.64,
200.0, 100, 50, 30,  10,  10,  0, 0.0,  -1%, 150, 31.6, 225.56,
200.0, 100, 50, 30,  10,  10,  0, 0.0,  -1%, 165, 29.57, 222.0,
200.0, 100, 50, 30,  10,  10,  0, 0.0,  -1%, 180, 21.64, 215.19,
200.0, 100, 5, 30,  0,  0,  10, 100.0,  79.54%, 15, 49.99, -73.89,
200.0, 100, 5, 30,  0,  0,  10, 100.0,  64.02%, 30, 50.0, -60.5,
200.0, 100, 5, 30,  0,  0,  10, 100.0,  44.97%, 45, 49.99, -48.93,
200.0, 100, 5, 30,  0,  0,  10, 100.0,  22.4%, 60, 49.99, -21.89,
200.0, 100, 5, 30,  4,  0,  6, 60.0,  13.28%, 75, 50.0, -4.38,
200.0, 100, 5, 30,  8,  0,  2, 20.0,  3.59%, 90, 49.99, 33.9,
200.0, 100, 5, 30,  9,  1,  1, 10.0,  5.5%, 115, 50.0, 84.22,
200.0, 100, 5, 30,  9,  8,  1, 10.0,  2.68%, 150, 49.99, 155.36,
200.0, 100, 5, 30,  10,  9,  0, 0.0,  -1%, 165, 42.93, 183.36,
200.0, 100, 5, 30,  10,  10,  0, 0.0,  -1%, 180, 37.96, 191.83,
200.0, 100, 10, 30,  0,  0,  10, 100.0,  78.85%, 15, 50.0, -72.46,
200.0, 100, 10, 30,  0,  0,  10, 100.0,  63.56%, 30, 50.0, -62.75,
200.0, 100, 10, 30,  0,  0,  10, 100.0,  34.95%, 45, 50.0, -32.78,
200.0, 100, 10, 30,  1,  0,  9, 90.0,  13.86%, 60, 49.99, -8.23,
200.0, 100, 10, 30,  10,  0,  0, 0.0,  -1%, 75, 49.99, 26.38,
200.0, 100, 10, 30,  10,  1,  0, 0.0,  -1%, 90, 49.99, 68.07,
200.0, 100, 10, 30,  10,  8,  0, 0.0,  -1%, 115, 50.0, 134.67,
200.0, 100, 10, 30,  10,  10,  0, 0.0,  -1%, 150, 47.87, 188.83,
200.0, 100, 10, 30,  10,  10,  0, 0.0,  -1%, 165, 34.66, 200.12,
200.0, 100, 10, 30,  10,  10,  0, 0.0,  -1%, 180, 31.95, 206.67,
200.0, 100, 15, 30,  0,  0,  10, 100.0,  78.8%, 15, 49.99, -72.7,
200.0, 100, 15, 30,  0,  0,  10, 100.0,  60.55%, 30, 50.0, -59.67,
200.0, 100, 15, 30,  0,  0,  10, 100.0,  43.33%, 45, 49.99, -40.22,
200.0, 100, 15, 30,  3,  0,  7, 70.0,  8.39%, 60, 50.0, -2.48,
200.0, 100, 15, 30,  8,  0,  2, 20.0,  3.06%, 75, 49.99, 14.04,
200.0, 100, 15, 30,  10,  3,  0, 0.0,  -1%, 90, 50.0, 77.27,
200.0, 100, 15, 30,  10,  7,  0, 0.0,  -1%, 115, 49.99, 121.74,
200.0, 100, 15, 30,  10,  10,  0, 0.0,  -1%, 150, 39.44, 191.67,
200.0, 100, 15, 30,  10,  10,  0, 0.0,  -1%, 165, 33.98, 198.09,
200.0, 100, 15, 30,  10,  10,  0, 0.0,  -1%, 180, 35.47, 203.47,
200.0, 100, 20, 30,  0,  0,  10, 100.0,  77.51%, 15, 49.99, -71.63,
200.0, 100, 20, 30,  0,  0,  10, 100.0,  56.99%, 30, 50.0, -58.1,
200.0, 100, 20, 30,  0,  0,  10, 100.0,  35.93%, 45, 49.99, -36.92,
200.0, 100, 20, 30,  6,  0,  4, 40.0,  8.6%, 60, 49.99, 4.4,
200.0, 100, 20, 30,  8,  0,  2, 20.0,  2.0%, 75, 49.99, 26.86,
200.0, 100, 20, 30,  10,  5,  0, 0.0,  -1%, 90, 49.99, 98.7,
200.0, 100, 20, 30,  10,  10,  0, 0.0,  -1%, 115, 49.97, 178.32,
200.0, 100, 20, 30,  10,  10,  0, 0.0,  -1%, 150, 36.61, 203.6,
200.0, 100, 20, 30,  10,  10,  0, 0.0,  -1%, 165, 36.64, 225.12,
200.0, 100, 20, 30,  10,  10,  0, 0.0,  -1%, 180, 26.25, 222.78,
200.0, 100, 25, 30,  0,  0,  10, 100.0,  78.38%, 15, 49.99, -72.36,
200.0, 100, 25, 30,  0,  0,  10, 100.0,  60.5%, 30, 50.0, -58.74,
200.0, 100, 25, 30,  0,  0,  10, 100.0,  41.66%, 45, 49.99, -42.1,
200.0, 100, 25, 30,  6,  0,  4, 40.0,  2.85%, 60, 50.0, 6.07,
200.0, 100, 25, 30,  8,  0,  2, 20.0,  2.28%, 75, 50.0, 38.28,
200.0, 100, 25, 30,  9,  3,  1, 10.0,  1.3%, 90, 50.0, 90.78,
200.0, 100, 25, 30,  10,  10,  0, 0.0,  -1%, 115, 49.99, 171.44,
200.0, 100, 25, 30,  10,  10,  0, 0.0,  -1%, 150, 33.6, 194.64,
200.0, 100, 25, 30,  10,  10,  0, 0.0,  -1%, 165, 32.88, 205.59,
200.0, 100, 25, 30,  10,  10,  0, 0.0,  -1%, 180, 25.74, 201.8,
200.0, 100, 30, 30,  0,  0,  10, 100.0,  78.39%, 15, 50.0, -73.33,
200.0, 100, 30, 30,  0,  0,  10, 100.0,  58.05%, 30, 49.99, -53.87,
200.0, 100, 30, 30,  0,  0,  10, 100.0,  28.08%, 45, 50.0, -32.06,
200.0, 100, 30, 30,  6,  0,  4, 40.0,  8.31%, 60, 49.99, 1.67,
200.0, 100, 30, 30,  10,  0,  0, 0.0,  -1%, 75, 50.0, 34.52,
200.0, 100, 30, 30,  9,  2,  1, 10.0,  0.14%, 90, 49.99, 57.71,
200.0, 100, 30, 30,  10,  8,  0, 0.0,  -1%, 115, 49.99, 165.15,
200.0, 100, 30, 30,  10,  10,  0, 0.0,  -1%, 150, 33.76, 205.54,
200.0, 100, 30, 30,  10,  10,  0, 0.0,  -1%, 165, 27.69, 222.41,
200.0, 100, 30, 30,  10,  10,  0, 0.0,  -1%, 180, 25.64, 212.48,
200.0, 100, 35, 30,  0,  0,  10, 100.0,  77.59%, 15, 49.99, -71.19,
200.0, 100, 35, 30,  0,  0,  10, 100.0,  58.02%, 30, 49.99, -54.43,
200.0, 100, 35, 30,  0,  0,  10, 100.0,  22.82%, 45, 50.0, -19.79,
200.0, 100, 35, 30,  6,  0,  4, 40.0,  5.11%, 60, 50.0, 5.63,
200.0, 100, 35, 30,  8,  0,  2, 20.0,  2.43%, 75, 49.99, 27.88,
200.0, 100, 35, 30,  10,  5,  0, 0.0,  -1%, 90, 49.99, 93.93,
200.0, 100, 35, 30,  10,  10,  0, 0.0,  -1%, 115, 50.0, 164.23,
200.0, 100, 35, 30,  10,  10,  0, 0.0,  -1%, 150, 30.95, 208.44,
200.0, 100, 35, 30,  10,  10,  0, 0.0,  -1%, 165, 30.76, 223.11,
200.0, 100, 35, 30,  10,  10,  0, 0.0,  -1%, 180, 24.27, 219.61,
200.0, 100, 40, 30,  0,  0,  10, 100.0,  78.6%, 15, 49.99, -72.79,
200.0, 100, 40, 30,  0,  0,  10, 100.0,  57.33%, 30, 49.99, -55.05,
200.0, 100, 40, 30,  1,  0,  9, 90.0,  20.48%, 45, 50.0, -21.53,
200.0, 100, 40, 30,  5,  0,  5, 50.0,  8.42%, 60, 50.0, -4.01,
200.0, 100, 40, 30,  9,  0,  1, 10.0,  0.57%, 75, 49.99, 48.19,
200.0, 100, 40, 30,  10,  7,  0, 0.0,  -1%, 90, 49.99, 123.3,
200.0, 100, 40, 30,  10,  8,  0, 0.0,  -1%, 115, 49.99, 162.26,
200.0, 100, 40, 30,  10,  10,  0, 0.0,  -1%, 150, 33.39, 204.98,
200.0, 100, 40, 30,  10,  10,  0, 0.0,  -1%, 165, 27.55, 215.89,
200.0, 100, 40, 30,  10,  10,  0, 0.0,  -1%, 180, 23.39, 219.91,
200.0, 100, 45, 30,  0,  0,  10, 100.0,  78.35%, 15, 50.0, -72.61,
200.0, 100, 45, 30,  0,  0,  10, 100.0,  55.38%, 30, 49.99, -50.75,
200.0, 100, 45, 30,  0,  0,  10, 100.0,  33.74%, 45, 50.0, -33.9,
200.0, 100, 45, 30,  6,  0,  4, 40.0,  5.48%, 60, 49.99, 1.07,
200.0, 100, 45, 30,  10,  0,  0, 0.0,  -1%, 75, 50.0, 52.78,
200.0, 100, 45, 30,  10,  7,  0, 0.0,  -1%, 90, 49.99, 131.99,
200.0, 100, 45, 30,  10,  10,  0, 0.0,  -1%, 115, 45.49, 197.15,
200.0, 100, 45, 30,  10,  10,  0, 0.0,  -1%, 150, 30.29, 207.58,
200.0, 100, 45, 30,  10,  10,  0, 0.0,  -1%, 165, 24.82, 209.5,
200.0, 100, 45, 30,  10,  10,  0, 0.0,  -1%, 180, 23.43, 241.37,
200.0, 100, 50, 30,  0,  0,  10, 100.0,  77.82%, 15, 49.99, -71.66,
200.0, 100, 50, 30,  0,  0,  10, 100.0,  57.71%, 30, 50.0, -59.54,
200.0, 100, 50, 30,  0,  0,  10, 100.0,  23.67%, 45, 50.0, -24.56,
200.0, 100, 50, 30,  4,  0,  6, 60.0,  3.23%, 60, 50.0, -1.23,
200.0, 100, 50, 30,  10,  2,  0, 0.0,  -1%, 75, 49.99, 55.3,
200.0, 100, 50, 30,  10,  8,  0, 0.0,  -1%, 90, 50.0, 135.78,
200.0, 100, 50, 30,  10,  10,  0, 0.0,  -1%, 115, 42.9, 188.15,
200.0, 100, 50, 30,  10,  10,  0, 0.0,  -1%, 150, 29.85, 215.93,
200.0, 100, 50, 30,  10,  10,  0, 0.0,  -1%, 165, 29.58, 223.9,
200.0, 100, 50, 30,  10,  10,  0, 0.0,  -1%, 180, 23.07, 222.41,
200.0, 100, 5, 30,  0,  0,  10, 100.0,  79.96%, 15, 50.0, -73.75,
200.0, 100, 5, 30,  0,  0,  10, 100.0,  65.28%, 30, 49.99, -59.48,
200.0, 100, 5, 30,  0,  0,  10, 100.0,  45.06%, 45, 50.0, -42.75,
200.0, 100, 5, 30,  1,  0,  9, 90.0,  22.32%, 60, 50.0, -18.22,
200.0, 100, 5, 30,  6,  0,  4, 40.0,  9.47%, 75, 50.0, 9.51,
200.0, 100, 5, 30,  7,  0,  3, 30.0,  10.5%, 90, 49.99, 41.07,
200.0, 100, 5, 30,  9,  2,  1, 10.0,  0.96%, 115, 50.0, 51.22,
200.0, 100, 5, 30,  10,  9,  0, 0.0,  -1%, 150, 47.16, 169.11,
200.0, 100, 5, 30,  10,  9,  0, 0.0,  -1%, 165, 46.84, 169.04,
200.0, 100, 5, 30,  10,  10,  0, 0.0,  -1%, 180, 39.08, 176.84,
200.0, 100, 10, 30,  0,  0,  10, 100.0,  78.95%, 15, 50.0, -72.63,
200.0, 100, 10, 30,  0,  0,  10, 100.0,  68.54%, 30, 49.99, -66.76,
200.0, 100, 10, 30,  0,  0,  10, 100.0,  39.52%, 45, 49.99, -44.88,
200.0, 100, 10, 30,  3,  0,  7, 70.0,  12.04%, 60, 49.99, -4.47,
200.0, 100, 10, 30,  7,  0,  3, 30.0,  5.98%, 75, 50.0, 12.13,
200.0, 100, 10, 30,  9,  0,  1, 10.0,  0.25%, 90, 49.99, 34.12,
200.0, 100, 10, 30,  9,  7,  1, 10.0,  0.51%, 115, 49.99, 105.75,
200.0, 100, 10, 30,  10,  10,  0, 0.0,  -1%, 150, 35.48, 181.12,
200.0, 100, 10, 30,  10,  10,  0, 0.0,  -1%, 165, 37.33, 190.03,
200.0, 100, 10, 30,  10,  10,  0, 0.0,  -1%, 180, 29.95, 193.45,
200.0, 100, 15, 30,  0,  0,  10, 100.0,  79.8%, 15, 49.99, -73.75,
200.0, 100, 15, 30,  0,  0,  10, 100.0,  63.13%, 30, 49.99, -61.3,
200.0, 100, 15, 30,  0,  0,  10, 100.0,  38.81%, 45, 50.0, -39.48,
200.0, 100, 15, 30,  4,  0,  6, 60.0,  13.01%, 60, 50.0, -12.23,
200.0, 100, 15, 30,  6,  0,  4, 40.0,  1.83%, 75, 50.0, 17.03,
200.0, 100, 15, 30,  10,  5,  0, 0.0,  -1%, 90, 49.99, 88.36,
200.0, 100, 15, 30,  10,  9,  0, 0.0,  -1%, 115, 49.99, 147.6,
200.0, 100, 15, 30,  10,  10,  0, 0.0,  -1%, 150, 39.45, 193.94,
200.0, 100, 15, 30,  10,  10,  0, 0.0,  -1%, 165, 34.02, 193.8,
200.0, 100, 15, 30,  10,  10,  0, 0.0,  -1%, 180, 30.32, 207.81,
200.0, 100, 20, 30,  0,  0,  10, 100.0,  79.6%, 15, 49.99, -73.89,
200.0, 100, 20, 30,  0,  0,  10, 100.0,  59.96%, 30, 50.0, -58.24,
200.0, 100, 20, 30,  0,  0,  10, 100.0,  43.15%, 45, 50.0, -44.06,
200.0, 100, 20, 30,  4,  0,  6, 60.0,  3.79%, 60, 49.99, -2.78,
200.0, 100, 20, 30,  10,  0,  0, 0.0,  -1%, 75, 50.0, 41.28,
200.0, 100, 20, 30,  10,  4,  0, 0.0,  -1%, 90, 49.99, 80.12,
200.0, 100, 20, 30,  10,  9,  0, 0.0,  -1%, 115, 50.0, 157.63,
200.0, 100, 20, 30,  10,  9,  0, 0.0,  -1%, 150, 36.57, 210.42,
200.0, 100, 20, 30,  10,  10,  0, 0.0,  -1%, 165, 28.93, 209.6,
200.0, 100, 20, 30,  10,  10,  0, 0.0,  -1%, 180, 28.38, 217.29,
200.0, 100, 25, 30,  0,  0,  10, 100.0,  79.48%, 15, 49.99, -73.33,
200.0, 100, 25, 30,  0,  0,  10, 100.0,  62.92%, 30, 50.0, -61.44,
200.0, 100, 25, 30,  1,  0,  9, 90.0,  25.78%, 45, 50.0, -26.21,
200.0, 100, 25, 30,  7,  0,  3, 30.0,  2.65%, 60, 49.99, 13.41,
200.0, 100, 25, 30,  10,  1,  0, 0.0,  -1%, 75, 50.0, 46.3,
200.0, 100, 25, 30,  10,  3,  0, 0.0,  -1%, 90, 50.0, 72.69,
200.0, 100, 25, 30,  10,  8,  0, 0.0,  -1%, 115, 47.7, 167.47,
200.0, 100, 25, 30,  10,  10,  0, 0.0,  -1%, 150, 35.63, 204.68,
200.0, 100, 25, 30,  10,  10,  0, 0.0,  -1%, 165, 31.71, 210.97,
200.0, 100, 25, 30,  10,  10,  0, 0.0,  -1%, 180, 27.54, 216.15,
200.0, 100, 30, 30,  0,  0,  10, 100.0,  78.36%, 15, 49.99, -71.77,
200.0, 100, 30, 30,  0,  0,  10, 100.0,  54.56%, 30, 49.99, -52.66,
200.0, 100, 30, 30,  0,  0,  10, 100.0,  31.1%, 45, 50.0, -30.67,
200.0, 100, 30, 30,  6,  0,  4, 40.0,  4.27%, 60, 49.99, 10.87,
200.0, 100, 30, 30,  8,  1,  2, 20.0,  1.65%, 75, 49.99, 40.65,
200.0, 100, 30, 30,  10,  6,  0, 0.0,  -1%, 90, 49.99, 116.82,
200.0, 100, 30, 30,  10,  10,  0, 0.0,  -1%, 115, 45.94, 178.0,
200.0, 100, 30, 30,  10,  10,  0, 0.0,  -1%, 150, 30.26, 202.13,
200.0, 100, 30, 30,  10,  10,  0, 0.0,  -1%, 165, 29.93, 222.39,
200.0, 100, 30, 30,  10,  10,  0, 0.0,  -1%, 180, 26.59, 232.95,
200.0, 100, 35, 30,  0,  0,  10, 100.0,  77.89%, 15, 49.99, -72.19,
200.0, 100, 35, 30,  0,  0,  10, 100.0,  62.86%, 30, 50.0, -61.19,
200.0, 100, 35, 30,  0,  0,  10, 100.0,  30.96%, 45, 50.0, -28.58,
200.0, 100, 35, 30,  4,  0,  6, 60.0,  7.67%, 60, 50.0, -6.03,
200.0, 100, 35, 30,  10,  1,  0, 0.0,  -1%, 75, 49.99, 41.58,
200.0, 100, 35, 30,  10,  7,  0, 0.0,  -1%, 90, 50.0, 106.94,
200.0, 100, 35, 30,  10,  10,  0, 0.0,  -1%, 115, 48.81, 187.03,
200.0, 100, 35, 30,  10,  10,  0, 0.0,  -1%, 150, 31.69, 202.8,
200.0, 100, 35, 30,  10,  10,  0, 0.0,  -1%, 165, 31.01, 238.67,
200.0, 100, 35, 30,  10,  10,  0, 0.0,  -1%, 180, 22.81, 216.65,
200.0, 100, 40, 30,  0,  0,  10, 100.0,  77.92%, 15, 49.99, -71.7,
200.0, 100, 40, 30,  0,  0,  10, 100.0,  58.44%, 30, 49.99, -56.75,
200.0, 100, 40, 30,  0,  0,  10, 100.0,  26.37%, 45, 50.0, -24.63,
200.0, 100, 40, 30,  9,  0,  1, 10.0,  1.95%, 60, 50.0, 18.41,
200.0, 100, 40, 30,  10,  0,  0, 0.0,  -1%, 75, 49.99, 58.49,
200.0, 100, 40, 30,  10,  4,  0, 0.0,  -1%, 90, 50.0, 97.65,
200.0, 100, 40, 30,  10,  9,  0, 0.0,  -1%, 115, 49.99, 180.63,
200.0, 100, 40, 30,  10,  10,  0, 0.0,  -1%, 150, 28.49, 206.57,
200.0, 100, 40, 30,  10,  10,  0, 0.0,  -1%, 165, 29.35, 217.86,
200.0, 100, 40, 30,  10,  10,  0, 0.0,  -1%, 180, 22.12, 221.74,
200.0, 100, 45, 30,  0,  0,  10, 100.0,  77.82%, 15, 49.99, -72.15,
200.0, 100, 45, 30,  0,  0,  10, 100.0,  56.98%, 30, 49.99, -56.84,
200.0, 100, 45, 30,  0,  0,  10, 100.0,  26.09%, 45, 50.0, -25.42,
200.0, 100, 45, 30,  5,  0,  5, 50.0,  1.14%, 60, 49.99, 0.38,
200.0, 100, 45, 30,  10,  0,  0, 0.0,  -1%, 75, 50.0, 36.45,
200.0, 100, 45, 30,  10,  6,  0, 0.0,  -1%, 90, 49.99, 116.69,
200.0, 100, 45, 30,  10,  10,  0, 0.0,  -1%, 115, 43.81, 185.57,
200.0, 100, 45, 30,  10,  10,  0, 0.0,  -1%, 150, 30.42, 211.32,
200.0, 100, 45, 30,  10,  10,  0, 0.0,  -1%, 165, 26.95, 208.9,
200.0, 100, 45, 30,  10,  10,  0, 0.0,  -1%, 180, 27.53, 227.03,
200.0, 100, 50, 30,  0,  0,  10, 100.0,  76.28%, 15, 50.0, -70.22,
200.0, 100, 50, 30,  0,  0,  10, 100.0,  59.5%, 30, 49.99, -56.21,
200.0, 100, 50, 30,  1,  0,  9, 90.0,  22.14%, 45, 50.0, -24.33,
200.0, 100, 50, 30,  5,  0,  5, 50.0,  3.42%, 60, 50.0, -0.03,
200.0, 100, 50, 30,  10,  1,  0, 0.0,  -1%, 75, 50.0, 69.99,
200.0, 100, 50, 30,  10,  5,  0, 0.0,  -1%, 90, 50.0, 99.37,
200.0, 100, 50, 30,  10,  10,  0, 0.0,  -1%, 115, 41.49, 197.72,
200.0, 100, 50, 30,  10,  10,  0, 0.0,  -1%, 150, 32.6, 229.73,
200.0, 100, 50, 30,  10,  10,  0, 0.0,  -1%, 165, 30.91, 228.65,
200.0, 100, 50, 30,  10,  10,  0, 0.0,  -1%, 180, 24.39, 222.02,
200.0, 100, 5, 30,  0,  0,  10, 100.0,  80.06%, 15, 50.0, -74.32,
200.0, 100, 5, 30,  0,  0,  10, 100.0,  66.48%, 30, 50.0, -62.73,
200.0, 100, 5, 30,  0,  0,  10, 100.0,  44.28%, 45, 50.0, -48.32,
200.0, 100, 5, 30,  2,  0,  8, 80.0,  16.78%, 60, 50.0, -12.71,
200.0, 100, 5, 30,  5,  0,  5, 50.0,  9.39%, 75, 49.99, 3.13,
200.0, 100, 5, 30,  6,  0,  4, 40.0,  6.32%, 90, 49.99, 22.53,
200.0, 100, 5, 30,  10,  4,  0, 0.0,  -1%, 115, 50.0, 77.67,
200.0, 100, 5, 30,  10,  9,  0, 0.0,  -1%, 150, 49.13, 169.04,
200.0, 100, 5, 30,  10,  10,  0, 0.0,  -1%, 165, 36.02, 175.56,
200.0, 100, 5, 30,  10,  9,  0, 0.0,  -1%, 180, 39.1, 196.27,
200.0, 100, 10, 30,  0,  0,  10, 100.0,  79.25%, 15, 50.0, -73.6,
200.0, 100, 10, 30,  0,  0,  10, 100.0,  68.28%, 30, 49.99, -66.0,
200.0, 100, 10, 30,  0,  0,  10, 100.0,  44.7%, 45, 49.99, -45.95,
200.0, 100, 10, 30,  1,  0,  9, 90.0,  15.9%, 60, 49.99, -17.39,
200.0, 100, 10, 30,  9,  0,  1, 10.0,  -0.04%, 75, 50.0, 27.36,
200.0, 100, 10, 30,  9,  1,  1, 10.0,  2.31%, 90, 50.0, 48.31,
200.0, 100, 10, 30,  10,  7,  0, 0.0,  -1%, 115, 49.99, 141.82,
200.0, 100, 10, 30,  10,  10,  0, 0.0,  -1%, 150, 44.77, 179.71,
200.0, 100, 10, 30,  10,  9,  0, 0.0,  -1%, 165, 40.31, 201.42,
200.0, 100, 10, 30,  10,  10,  0, 0.0,  -1%, 180, 30.93, 195.63,
200.0, 100, 15, 30,  0,  0,  10, 100.0,  80.09%, 15, 49.99, -74.73,
200.0, 100, 15, 30,  0,  0,  10, 100.0,  62.38%, 30, 50.0, -59.17,
200.0, 100, 15, 30,  0,  0,  10, 100.0,  39.14%, 45, 50.0, -38.76,
200.0, 100, 15, 30,  4,  0,  6, 60.0,  14.51%, 60, 50.0, -12.21,
200.0, 100, 15, 30,  8,  1,  2, 20.0,  2.56%, 75, 49.99, 32.13,
200.0, 100, 15, 30,  10,  2,  0, 0.0,  -1%, 90, 50.0, 58.82,
200.0, 100, 15, 30,  10,  5,  0, 0.0,  -1%, 115, 49.99, 113.93,
200.0, 100, 15, 30,  10,  10,  0, 0.0,  -1%, 150, 44.54, 203.19,
200.0, 100, 15, 30,  10,  10,  0, 0.0,  -1%, 165, 31.76, 204.36,
200.0, 100, 15, 30,  10,  10,  0, 0.0,  -1%, 180, 29.68, 202.53,
200.0, 100, 20, 30,  0,  0,  10, 100.0,  78.0%, 15, 50.0, -72.02,
200.0, 100, 20, 30,  0,  0,  10, 100.0,  60.71%, 30, 50.0, -60.4,
200.0, 100, 20, 30,  0,  0,  10, 100.0,  42.26%, 45, 50.0, -37.66,
200.0, 100, 20, 30,  1,  0,  9, 90.0,  11.33%, 60, 49.99, -11.64,
200.0, 100, 20, 30,  10,  0,  0, 0.0,  -1%, 75, 50.0, 22.66,
200.0, 100, 20, 30,  10,  2,  0, 0.0,  -1%, 90, 50.0, 86.65,
200.0, 100, 20, 30,  10,  9,  0, 0.0,  -1%, 115, 48.86, 177.19,
200.0, 100, 20, 30,  10,  10,  0, 0.0,  -1%, 150, 35.21, 200.83,
200.0, 100, 20, 30,  10,  10,  0, 0.0,  -1%, 165, 31.04, 206.91,
200.0, 100, 20, 30,  10,  10,  0, 0.0,  -1%, 180, 25.78, 225.07,
200.0, 100, 25, 30,  0,  0,  10, 100.0,  79.06%, 15, 49.99, -73.32,
200.0, 100, 25, 30,  0,  0,  10, 100.0,  61.17%, 30, 49.99, -59.54,
200.0, 100, 25, 30,  0,  0,  10, 100.0,  36.77%, 45, 49.99, -35.16,
200.0, 100, 25, 30,  4,  0,  6, 60.0,  10.44%, 60, 50.0, -0.79,
200.0, 100, 25, 30,  9,  1,  1, 10.0,  -0.16%, 75, 50.0, 33.2,
200.0, 100, 25, 30,  10,  6,  0, 0.0,  -1%, 90, 49.99, 111.46,
200.0, 100, 25, 30,  10,  10,  0, 0.0,  -1%, 115, 49.99, 156.97,
200.0, 100, 25, 30,  10,  10,  0, 0.0,  -1%, 150, 30.68, 193.5,
200.0, 100, 25, 30,  10,  10,  0, 0.0,  -1%, 165, 31.33, 217.28,
200.0, 100, 25, 30,  10,  10,  0, 0.0,  -1%, 180, 26.12, 215.78,
200.0, 100, 30, 30,  0,  0,  10, 100.0,  78.54%, 15, 49.99, -72.42,
200.0, 100, 30, 30,  0,  0,  10, 100.0,  54.62%, 30, 50.0, -53.82,
200.0, 100, 30, 30,  0,  0,  10, 100.0,  32.04%, 45, 49.99, -34.79,
200.0, 100, 30, 30,  7,  0,  3, 30.0,  2.59%, 60, 50.0, 11.28,
200.0, 100, 30, 30,  9,  0,  1, 10.0,  -0.09%, 75, 49.99, 47.34,
200.0, 100, 30, 30,  10,  5,  0, 0.0,  -1%, 90, 49.99, 102.87,
200.0, 100, 30, 30,  10,  9,  0, 0.0,  -1%, 115, 49.49, 182.04,
200.0, 100, 30, 30,  10,  10,  0, 0.0,  -1%, 150, 35.25, 197.11,
200.0, 100, 30, 30,  10,  10,  0, 0.0,  -1%, 165, 28.46, 215.25,
200.0, 100, 30, 30,  10,  10,  0, 0.0,  -1%, 180, 27.4, 216.23,
200.0, 100, 35, 30,  0,  0,  10, 100.0,  78.96%, 15, 49.99, -73.18,
200.0, 100, 35, 30,  0,  0,  10, 100.0,  57.64%, 30, 50.0, -55.4,
200.0, 100, 35, 30,  0,  0,  10, 100.0,  33.43%, 45, 49.99, -30.68,
200.0, 100, 35, 30,  6,  0,  4, 40.0,  5.74%, 60, 50.0, 11.8,
200.0, 100, 35, 30,  10,  0,  0, 0.0,  -1%, 75, 49.99, 48.95,
200.0, 100, 35, 30,  10,  5,  0, 0.0,  -1%, 90, 49.99, 96.39,
200.0, 100, 35, 30,  10,  10,  0, 0.0,  -1%, 115, 48.03, 187.71,
200.0, 100, 35, 30,  10,  10,  0, 0.0,  -1%, 150, 34.49, 205.09,
200.0, 100, 35, 30,  10,  10,  0, 0.0,  -1%, 165, 30.15, 219.93,
200.0, 100, 35, 30,  10,  10,  0, 0.0,  -1%, 180, 25.85, 222.74,
200.0, 100, 40, 30,  0,  0,  10, 100.0,  79.26%, 15, 49.99, -73.58,
200.0, 100, 40, 30,  0,  0,  10, 100.0,  60.74%, 30, 50.0, -61.75,
200.0, 100, 40, 30,  0,  0,  10, 100.0,  27.23%, 45, 49.99, -26.7,
200.0, 100, 40, 30,  5,  0,  5, 50.0,  5.91%, 60, 50.0, 2.61,
200.0, 100, 40, 30,  10,  0,  0, 0.0,  -1%, 75, 49.99, 43.97,
200.0, 100, 40, 30,  10,  4,  0, 0.0,  -1%, 90, 49.99, 92.26,
200.0, 100, 40, 30,  10,  10,  0, 0.0,  -1%, 115, 41.72, 184.48,
200.0, 100, 40, 30,  10,  10,  0, 0.0,  -1%, 150, 29.69, 203.09,
200.0, 100, 40, 30,  10,  10,  0, 0.0,  -1%, 165, 27.14, 231.07,
200.0, 100, 40, 30,  10,  10,  0, 0.0,  -1%, 180, 26.06, 232.29,
200.0, 100, 45, 30,  0,  0,  10, 100.0,  78.47%, 15, 49.99, -72.68,
200.0, 100, 45, 30,  0,  0,  10, 100.0,  60.0%, 30, 50.0, -57.45,
200.0, 100, 45, 30,  0,  0,  10, 100.0,  21.14%, 45, 49.99, -21.5,
200.0, 100, 45, 30,  6,  0,  4, 40.0,  7.49%, 60, 49.99, 4.35,
200.0, 100, 45, 30,  10,  1,  0, 0.0,  -1%, 75, 49.99, 62.18,
200.0, 100, 45, 30,  10,  5,  0, 0.0,  -1%, 90, 50.0, 98.23,
200.0, 100, 45, 30,  10,  10,  0, 0.0,  -1%, 115, 44.53, 183.91,
200.0, 100, 45, 30,  10,  10,  0, 0.0,  -1%, 150, 30.55, 221.57,
200.0, 100, 45, 30,  10,  10,  0, 0.0,  -1%, 165, 31.48, 221.12,
200.0, 100, 45, 30,  10,  10,  0, 0.0,  -1%, 180, 24.21, 223.99,
200.0, 100, 50, 30,  0,  0,  10, 100.0,  77.84%, 15, 50.0, -72.38,
200.0, 100, 50, 30,  0,  0,  10, 100.0,  54.2%, 30, 49.99, -51.45,
200.0, 100, 50, 30,  0,  0,  10, 100.0,  27.17%, 45, 49.99, -23.66,
200.0, 100, 50, 30,  8,  0,  2, 20.0,  1.22%, 60, 49.99, 12.61,
200.0, 100, 50, 30,  9,  1,  1, 10.0,  0.37%, 75, 49.99, 51.34,
200.0, 100, 50, 30,  10,  7,  0, 0.0,  -1%, 90, 49.99, 134.2,
200.0, 100, 50, 30,  10,  9,  0, 0.0,  -1%, 115, 46.74, 183.67,
200.0, 100, 50, 30,  10,  10,  0, 0.0,  -1%, 150, 34.42, 216.39,
200.0, 100, 50, 30,  10,  10,  0, 0.0,  -1%, 165, 29.48, 212.32,
200.0, 100, 50, 30,  10,  10,  0, 0.0,  -1%, 180, 20.57, 231.46,
200.0, 100, 5, 30,  0,  0,  10, 100.0,  79.99%, 15, 50.0, -73.72,
200.0, 100, 5, 30,  0,  0,  10, 100.0,  68.15%, 30, 49.99, -64.41,
200.0, 100, 5, 30,  0,  0,  10, 100.0,  49.52%, 45, 49.99, -52.58,
200.0, 100, 5, 30,  2,  0,  8, 80.0,  26.83%, 60, 49.99, -22.34,
200.0, 100, 5, 30,  6,  0,  4, 40.0,  8.0%, 75, 49.99, 8.44,
200.0, 100, 5, 30,  8,  0,  2, 20.0,  1.36%, 90, 50.0, 28.13,
200.0, 100, 5, 30,  10,  6,  0, 0.0,  -1%, 115, 50.0, 144.48,
200.0, 100, 5, 30,  10,  10,  0, 0.0,  -1%, 150, 46.07, 174.61,
200.0, 100, 5, 30,  10,  10,  0, 0.0,  -1%, 165, 38.12, 186.15,
200.0, 100, 5, 30,  10,  10,  0, 0.0,  -1%, 180, 37.16, 183.06,
200.0, 100, 10, 30,  0,  0,  10, 100.0,  79.84%, 15, 49.99, -74.03,
200.0, 100, 10, 30,  0,  0,  10, 100.0,  64.61%, 30, 49.99, -63.52,
200.0, 100, 10, 30,  0,  0,  10, 100.0,  40.25%, 45, 49.99, -36.85,
200.0, 100, 10, 30,  2,  0,  8, 80.0,  12.15%, 60, 49.99, -9.88,
200.0, 100, 10, 30,  6,  0,  4, 40.0,  3.86%, 75, 49.99, 11.18,
200.0, 100, 10, 30,  10,  1,  0, 0.0,  -1%, 90, 49.99, 49.7,
200.0, 100, 10, 30,  10,  4,  0, 0.0,  -1%, 115, 49.99, 93.65,
200.0, 100, 10, 30,  10,  8,  0, 0.0,  -1%, 150, 47.62, 193.85,
200.0, 100, 10, 30,  10,  10,  0, 0.0,  -1%, 165, 36.4, 198.17,
200.0, 100, 10, 30,  10,  10,  0, 0.0,  -1%, 180, 29.41, 209.76,
200.0, 100, 15, 30,  0,  0,  10, 100.0,  78.39%, 15, 50.0, -72.77,
200.0, 100, 15, 30,  0,  0,  10, 100.0,  62.47%, 30, 49.99, -59.77,
200.0, 100, 15, 30,  0,  0,  10, 100.0,  30.09%, 45, 49.99, -33.12,
200.0, 100, 15, 30,  3,  0,  7, 70.0,  12.01%, 60, 49.99, -6.34,
200.0, 100, 15, 30,  9,  0,  1, 10.0,  1.65%, 75, 49.99, 22.59,
200.0, 100, 15, 30,  10,  5,  0, 0.0,  -1%, 90, 50.0, 99.84,
200.0, 100, 15, 30,  10,  9,  0, 0.0,  -1%, 115, 49.99, 159.51,
200.0, 100, 15, 30,  10,  10,  0, 0.0,  -1%, 150, 40.35, 198.05,
200.0, 100, 15, 30,  10,  10,  0, 0.0,  -1%, 165, 36.21, 203.74,
200.0, 100, 15, 30,  10,  10,  0, 0.0,  -1%, 180, 32.51, 224.76,
200.0, 100, 20, 30,  0,  0,  10, 100.0,  79.38%, 15, 49.99, -73.57,
200.0, 100, 20, 30,  0,  0,  10, 100.0,  61.98%, 30, 49.99, -61.96,
200.0, 100, 20, 30,  0,  0,  10, 100.0,  29.68%, 45, 49.99, -34.87,
200.0, 100, 20, 30,  3,  0,  7, 70.0,  8.44%, 60, 50.0, -6.62,
200.0, 100, 20, 30,  9,  0,  1, 10.0,  1.62%, 75, 49.99, 21.89,
200.0, 100, 20, 30,  10,  5,  0, 0.0,  -1%, 90, 49.99, 96.31,
200.0, 100, 20, 30,  10,  10,  0, 0.0,  -1%, 115, 48.99, 178.27,
200.0, 100, 20, 30,  10,  10,  0, 0.0,  -1%, 150, 37.28, 209.85,
200.0, 100, 20, 30,  10,  10,  0, 0.0,  -1%, 165, 30.45, 214.57,
200.0, 100, 20, 30,  10,  10,  0, 0.0,  -1%, 180, 28.56, 218.68,
200.0, 100, 25, 30,  0,  0,  10, 100.0,  79.11%, 15, 50.0, -72.22,
200.0, 100, 25, 30,  0,  0,  10, 100.0,  62.15%, 30, 49.99, -60.77,
200.0, 100, 25, 30,  0,  0,  10, 100.0,  31.78%, 45, 49.99, -33.33,
200.0, 100, 25, 30,  4,  0,  6, 60.0,  19.5%, 60, 50.0, -27.36,
200.0, 100, 25, 30,  10,  0,  0, 0.0,  -1%, 75, 49.99, 38.41,
200.0, 100, 25, 30,  10,  5,  0, 0.0,  -1%, 90, 50.0, 100.02,
200.0, 100, 25, 30,  10,  9,  0, 0.0,  -1%, 115, 49.99, 179.72,
200.0, 100, 25, 30,  10,  10,  0, 0.0,  -1%, 150, 37.62, 211.53,
200.0, 100, 25, 30,  10,  10,  0, 0.0,  -1%, 165, 28.55, 208.35,
200.0, 100, 25, 30,  10,  10,  0, 0.0,  -1%, 180, 27.77, 224.75,
200.0, 100, 30, 30,  0,  0,  10, 100.0,  78.87%, 15, 50.0, -73.23,
200.0, 100, 30, 30,  0,  0,  10, 100.0,  62.47%, 30, 49.99, -60.9,
200.0, 100, 30, 30,  0,  0,  10, 100.0,  33.8%, 45, 49.99, -30.44,
200.0, 100, 30, 30,  5,  0,  5, 50.0,  4.88%, 60, 50.0, -0.16,
200.0, 100, 30, 30,  10,  1,  0, 0.0,  -1%, 75, 49.99, 55.58,
200.0, 100, 30, 30,  10,  6,  0, 0.0,  -1%, 90, 50.0, 110.0,
200.0, 100, 30, 30,  10,  9,  0, 0.0,  -1%, 115, 49.99, 169.13,
200.0, 100, 30, 30,  10,  10,  0, 0.0,  -1%, 150, 31.45, 197.27,
200.0, 100, 30, 30,  10,  10,  0, 0.0,  -1%, 165, 34.69, 205.09,
200.0, 100, 30, 30,  10,  10,  0, 0.0,  -1%, 180, 23.39, 208.45,
200.0, 100, 35, 30,  0,  0,  10, 100.0,  78.25%, 15, 49.99, -72.45,
200.0, 100, 35, 30,  0,  0,  10, 100.0,  59.03%, 30, 50.0, -57.44,
200.0, 100, 35, 30,  0,  0,  10, 100.0,  34.08%, 45, 50.0, -32.45,
200.0, 100, 35, 30,  8,  0,  2, 20.0,  2.39%, 60, 49.99, 6.86,
200.0, 100, 35, 30,  9,  0,  1, 10.0,  0.1%, 75, 50.0, 46.06,
200.0, 100, 35, 30,  10,  3,  0, 0.0,  -1%, 90, 50.0, 92.94,
200.0, 100, 35, 30,  10,  9,  0, 0.0,  -1%, 115, 45.88, 181.93,
200.0, 100, 35, 30,  10,  10,  0, 0.0,  -1%, 150, 33.12, 210.11,
200.0, 100, 35, 30,  10,  10,  0, 0.0,  -1%, 165, 31.07, 204.35,
200.0, 100, 35, 30,  10,  10,  0, 0.0,  -1%, 180, 23.72, 215.86,
200.0, 100, 40, 30,  0,  0,  10, 100.0,  79.76%, 15, 49.99, -73.63,
200.0, 100, 40, 30,  0,  0,  10, 100.0,  61.29%, 30, 49.99, -59.03,
200.0, 100, 40, 30,  0,  0,  10, 100.0,  21.97%, 45, 49.99, -26.78,
200.0, 100, 40, 30,  6,  0,  4, 40.0,  1.23%, 60, 49.99, 10.2,
200.0, 100, 40, 30,  10,  0,  0, 0.0,  -1%, 75, 50.0, 63.7,
200.0, 100, 40, 30,  10,  4,  0, 0.0,  -1%, 90, 49.99, 92.67,
200.0, 100, 40, 30,  10,  10,  0, 0.0,  -1%, 115, 46.34, 191.87,
200.0, 100, 40, 30,  10,  10,  0, 0.0,  -1%, 150, 31.4, 212.47,
200.0, 100, 40, 30,  10,  10,  0, 0.0,  -1%, 165, 27.51, 211.16,
200.0, 100, 40, 30,  10,  10,  0, 0.0,  -1%, 180, 23.3, 224.28,
200.0, 100, 45, 30,  0,  0,  10, 100.0,  79.34%, 15, 50.0, -73.42,
200.0, 100, 45, 30,  0,  0,  10, 100.0,  57.84%, 30, 50.0, -57.42,
200.0, 100, 45, 30,  0,  0,  10, 100.0,  20.41%, 45, 49.99, -17.01,
200.0, 100, 45, 30,  9,  0,  1, 10.0,  1.46%, 60, 50.0, 16.05,
200.0, 100, 45, 30,  10,  0,  0, 0.0,  -1%, 75, 49.99, 63.24,
200.0, 100, 45, 30,  10,  5,  0, 0.0,  -1%, 90, 49.99, 100.97,
200.0, 100, 45, 30,  10,  10,  0, 0.0,  -1%, 115, 48.43, 177.27,
200.0, 100, 45, 30,  10,  10,  0, 0.0,  -1%, 150, 32.72, 214.76,
200.0, 100, 45, 30,  10,  10,  0, 0.0,  -1%, 165, 28.37, 220.43,
200.0, 100, 45, 30,  10,  10,  0, 0.0,  -1%, 180, 25.77, 235.01,
200.0, 100, 50, 30,  0,  0,  10, 100.0,  78.12%, 15, 50.0, -72.19,
200.0, 100, 50, 30,  0,  0,  10, 100.0,  61.27%, 30, 49.99, -58.74,
200.0, 100, 50, 30,  0,  0,  10, 100.0,  25.41%, 45, 50.0, -27.19,
200.0, 100, 50, 30,  8,  0,  2, 20.0,  3.57%, 60, 49.99, 5.53,
200.0, 100, 50, 30,  9,  0,  1, 10.0,  1.49%, 75, 50.0, 44.64,
200.0, 100, 50, 30,  10,  6,  0, 0.0,  -1%, 90, 49.99, 116.77,
200.0, 100, 50, 30,  10,  9,  0, 0.0,  -1%, 115, 47.98, 198.73,
200.0, 100, 50, 30,  10,  10,  0, 0.0,  -1%, 150, 32.04, 207.1,
200.0, 100, 50, 30,  10,  10,  0, 0.0,  -1%, 165, 27.09, 220.36,
200.0, 100, 50, 30,  10,  10,  0, 0.0,  -1%, 180, 24.19, 227.41,